step,y,vy,immersion,bfx,bfy,bfz,fluid_mass,fluid_ke,body_ke,fluid_step_ms,total_coupling_ms,executed,contact_caps,contact_relative_residual,acceleration_rejections,acceleration_boundary_declines
0,0.70270532369613647,0.16232070326805115,1,-0.7874610424041748,2146.1650390625,-8.0319194793701172,6016,4.2616190910339355,1.4228747362715097,19.198359,22.711822999999999,1,0,1.4901161193847656e-08,0,0
1,0.70806252956390381,0.32143113017082214,1,0.11822407692670822,2159.533203125,-8.2185611724853516,6016,4.2616190910339355,5.5794856784426941,0,3.367915,0,0,0,0,0
2,0.71572721004486084,0.45988202095031738,1,-1.4246736764907837,2058.775634765625,0.99613910913467407,6016,22.505531311035156,11.420810668916261,18.777462,22.304055000000002,1,0,2.9609253715534578e-08,0,0
3,0.72562390565872192,0.59380114078521729,1,-1.0688782930374146,2059.78466796875,-0.37367594242095947,6016,22.505531311035156,19.040843392140573,0,3.540098,0,0,0,0,0
4,0.73734807968139648,0.70345127582550049,1,-11.100274085998535,1931.9852294921875,-3.5824270248413086,6016,59.130584716796875,26.7228470843271,18.588325000000001,22.265941999999999,1,0,3.9063479562173598e-08,0,0
5,0.75082880258560181,0.80884486436843872,1,-11.05766487121582,1930.81591796875,-3.5777242183685303,6016,59.130584716796875,35.331178156026226,0,3.4920870000000002,0,0,0,0,0
6,0.76633608341217041,0.93043661117553711,1,-0.40873664617538452,2063.124267578125,4.618433952331543,6016,98.372062683105469,46.751775622400601,18.424613999999998,21.863631000000002,1,0,3.8876805774634704e-08,0,0
7,0.78378945589065552,1.0472021102905273,1,-0.63918906450271606,2059.307373046875,1.6164007186889648,6016,98.372062683105469,59.222280170656632,0,3.5114209999999999,0,0,0,0,0
8,0.80325239896774292,1.167776346206665,0.98692721128463745,0.20188502967357635,2105.31689453125,4.4253144264221191,6016,149.91452026367188,73.645388875890148,18.589010999999999,22.097142000000002,1,0,6.5202449661683204e-08,0,0
9,0.82460027933120728,1.2808742523193359,0.97519111633300781,-0.6123996376991272,2078.17431640625,0.12509426474571228,6016,149.91452026367188,88.602420918294229,0,3.3510879999999998,0,0,0,0,0
10,0.84760302305221558,1.3801658153533936,0.94430625438690186,4.6163525581359863,1999.167236328125,6.281463623046875,6016,207.03591918945312,102.87208069147573,18.751607,22.310358000000001,1,0,5.3198792926423266e-08,0,0
11,0.87204015254974365,1.4662264585494995,0.90750443935394287,0.65873616933822632,1916.13232421875,3.8885016441345215,6016,207.03591918945312,116.10221676966648,0,3.385929,0,0,0,0,0
12,0.89768403768539429,1.5386339426040649,0.86245214939117432,8.6924505233764648,1826.5196533203125,-1.0717674493789673,6016,256.16183471679688,127.85214709943375,18.829834000000002,22.383524999999999,1,0,4.0421316072070113e-08,0,0
13,0.92431312799453735,1.5977447032928467,0.82000577449798584,8.0010356903076172,1736.4588623046875,-3.3256294727325439,6016,256.16183471679688,137.86486616937691,0,3.6328680000000002,0,0,0,0,0
14,0.95171332359313965,1.6440110206604004,0.77283567190170288,30.887968063354492,1643.5269775390625,10.478644371032715,6016,301.3094482421875,145.96891622117346,21.266999999999999,25.08145,1,0,3.5877008031093283e-08,0,0
15,0.97966098785400391,1.676859974861145,0.72610658407211304,29.332778930664062,1544.357666015625,10.269198417663574,6016,301.3094482421875,151.86841672817263,0,3.781987,0,0,0,0,0
16,1.0078433752059937,1.6909422874450684,0.67680621147155762,26.279212951660156,1406.815185546875,22.32281494140625,6016,334.7685546875,154.44318179825859,19.241385999999999,23.853515000000002,1,0,3.132361570123976e-08,0,0
17,1.0360546112060547,1.6926729679107666,0.63022023439407349,24.641319274902344,1309.6553955078125,21.50946044921875,6016,334.7685546875,154.77748764404623,0,3.5444499999999999,0,0,0,0,0
18,1.0640692710876465,1.6808805465698242,0.58110189437866211,14.925603866577148,1202.192138671875,0.22419975697994232,6016,345.96612548828125,152.64153325409188,19.04796,22.767590999999999,1,0,3.3492973727788922e-08,0,0
19,1.0916939973831177,1.6574802398681641,0.53543704748153687,13.915190696716309,1107.3446044921875,0.35875731706619263,6016,345.96612548828125,148.43712064507054,0,5.792205,0,0,0,0,0
20,1.1187760829925537,1.6249282360076904,0.48408246040344238,-9.0935611724853516,1025.0355224609375,9.0035734176635742,6016,335.753662109375,142.67361480087402,22.661375,27.408804,1,0,3.7040930322973509e-08,0,0
21,1.1451191902160645,1.5805855989456177,0.43808549642562866,-8.0973529815673828,927.51904296875,8.1673555374145508,6016,335.753662109375,135.00579103330983,0,4.8830600000000004,0,0,0,0,0
22,1.1705608367919922,1.5265010595321655,0.39375665783882141,-23.313335418701172,843.64215087890625,6.5570735931396484,6016,310.47943115234375,125.92931638097889,23.045926000000001,27.534977000000001,1,0,3.8350979281176478e-08,0,0
23,1.1949284076690674,1.4620577096939087,0.35371023416519165,-21.094562530517578,757.64453125,6.180150032043457,6016,310.47943115234375,115.52965066292654,0,5.3114860000000004,0,0,0,0,0
24,1.217987060546875,1.3835209608078003,0.31406810879707336,-7.6368021965026855,648.70135498046875,-0.080309607088565826,6016,275.879638671875,103.46548605095995,21.096627000000002,24.473261999999998,1,0,3.8196795060230215e-08,0,0
25,1.2395843267440796,1.2958345413208008,0.27752417325973511,-6.8687314987182617,572.92529296875,-0.081835344433784485,6016,275.879638671875,90.781831397666338,0,3.55185,0,0,0,0,0
26,1.2595525979995728,1.1980928182601929,0.23668792843818665,-4.8143916130065918,490.825439453125,-10.495880126953125,6016,231.12861633300781,77.616130598185919,19.826073000000001,23.199045000000002,1,0,4.9626997622453928e-08,0,0
27,1.2777429819107056,1.0914196968078613,0.20215131342411041,-4.1289362907409668,418.9683837890625,-9.0529022216796875,6016,231.12861633300781,64.425391658934586,0,3.106122,0,0,0,0,0
28,1.2939950227737427,0.97512304782867432,0.16976155340671539,-4.861579418182373,344.52127075195312,-6.0360875129699707,6016,183.57591247558594,51.444624296628945,18.564228,21.767897999999999,1,0,4.758365435009182e-08,0,0
29,1.3082001209259033,0.85230749845504761,0.14457027614116669,-4.0443739891052246,292.92864990234375,-5.1891355514526367,6016,183.57591247558594,39.321748763200048,0,3.2140930000000001,0,0,0,0,0
30,1.3202508687973022,0.72304290533065796,0.1180509477853775,0.083560779690742493,242.49197387695312,-2.98046875,6016,125.60797882080078,28.324136106049764,18.069043000000001,21.293655999999999,1,0,1.4901161193847656e-08,0,0
31,1.3300648927688599,0.58883976936340332,0.099638395011425018,0.083238847553730011,204.49333190917969,-2.5485401153564453,6016,125.60797882080078,18.814616527936664,0,3.156053,0,0,0,0,0
32,1.3375740051269531,0.45054399967193604,0.079845264554023743,0.60707300901412964,172.4478759765625,0.13329924643039703,6016,86.264404296875,11.050935342720777,18.377655000000001,21.513528999999998,1,0,3.323657438158989e-08,0,0
33,1.3427249193191528,0.30905228853225708,0.068683139979839325,0.50779533386230469,148.31513977050781,0.11214552819728851,6016,86.264404296875,5.2445130865791896,0,3.0562049999999998,0,0,0,0,0
34,1.3454635143280029,0.16431321203708649,0.056964263319969177,-0.25715252757072449,124.47087860107422,-1.268409252166748,6016,65.046249389648438,1.5403392342134836,18.218565999999999,21.48461,1,0,1.4901161193847656e-08,0,0
35,1.3457741737365723,0.018642198294401169,0.05332057923078537,-0.24365648627281189,116.51104736328125,-1.1942862272262573,6016,65.046249389648438,0.096528828546210588,0,3.2589459999999999,0,0,0,0,0
36,1.3436288833618164,-0.12871778011322021,0.047815967351198196,-0.84028726816177368,103.90536499023438,-2.0157747268676758,6016,51.683841705322266,0.96694887444308364,18.258960999999999,21.411964000000001,1,0,1.4901161193847656e-08,0,0
37,1.3390491008758545,-0.27478906512260437,0.050879050046205521,-0.8954852819442749,110.56502532958984,-2.1367464065551758,6016,51.683841705322266,4.1441184632066097,0,3.0646140000000002,0,0,0,0,0
38,1.3320584297180176,-0.41943776607513428,0.053808938711881638,-1.6914411783218384,117.82324981689453,-2.3624269962310791,6016,50.731281280517578,9.5605787866206811,18.024511,21.246486999999998,1,0,5.2154064178466797e-08,0,0
39,1.3227201700210571,-0.56029874086380005,0.063750647008419037,-1.9872128963470459,139.54783630371094,-2.713193416595459,6016,50.731281280517578,17.006883917455184,0,3.3517779999999999,0,0,0,0,0
40,1.3111516237258911,-0.69411534070968628,0.076213210821151733,-1.2167454957962036,181.00900268554688,-1.4662630558013916,6016,97.405982971191406,26.067250957365218,18.115182999999998,21.284967999999999,1,0,3.3993273973464966e-08,0,0
41,1.297471284866333,-0.82082027196884155,0.093330085277557373,-1.4181793928146362,221.5736083984375,-1.6428624391555786,6016,97.405982971191406,36.429679706537399,0,3.089928,0,0,0,0,0
42,1.2817668914794922,-0.9422614574432373,0.11517104506492615,1.5194112062454224,248.99894714355469,6.2047739028930664,6016,168.39434814453125,47.99403655610945,18.196335000000001,21.423821,1,0,4.2375177145004272e-08,0,0
43,1.2641888856887817,-1.0546834468841553,0.13840274512767792,1.8707003593444824,299.20736694335938,7.4264411926269531,6016,168.39434814453125,60.122019850183733,0,3.197511,0,0,0,0,0
44,1.2450122833251953,-1.1505955457687378,0.16927105188369751,18.87120246887207,394.44366455078125,-4.2289485931396484,6016,263.98358154296875,71.558653800695538,18.315263999999999,21.826414,1,0,4.6772534290084877e-08,0,0
45,1.224455714225769,-1.2333934307098389,0.20081143081188202,22.133651733398438,467.02322387695312,-4.8454098701477051,6016,263.98358154296875,82.240841015834121,0,3.1834750000000001,0,0,0,0,0
46,1.2030545473098755,-1.2840723991394043,0.24873140454292297,9.0743236541748047,655.4708251953125,10.799811363220215,6016,389.40478515625,89.154908853017787,18.186658999999999,21.578099999999999,1,0,4.2692260393550896e-08,0,0
47,1.1811150312423706,-1.3163690567016602,0.28816118836402893,10.438958168029785,758.161376953125,12.664608955383301,6016,389.40478515625,93.723469460975139,0,3.515225,0,0,0,0,0
48,1.1586718559265137,-1.3465882539749146,0.33267402648925781,7.5604763031005859,756.2813720703125,8.6906499862670898,6016,476.79672241210938,98.101633940266765,18.349537000000002,21.673099000000001,1,0,7.2990609112366656e-08,0,0
49,1.1359518766403198,-1.3631954193115234,0.3655712902545929,8.4336919784545898,831.67742919921875,9.7906599044799805,6016,476.79672241210938,100.57580727051163,0,3.6025119999999999,0,0,0,0,0
50,1.1132296323776245,-1.3633345365524292,0.40754911303520203,-26.311698913574219,923.29339599609375,-7.5470423698425293,6016,502.74710083007812,100.61845338146259,19.109490000000001,22.63364,1,0,3.4446046015546017e-08,0,0
51,1.0907565355300903,-1.3483866453170776,0.44427481293678284,-28.679975509643555,1009.1273193359375,-7.7600498199462891,6016,502.74710083007812,98.454915247328245,0,3.3070179999999998,0,0,0,0,0
52,1.0685024261474609,-1.33524489402771,0.49516531825065613,-1.9319220781326294,986.5672607421875,-34.550865173339844,6016,483.86410522460938,96.568419492557041,18.233802000000001,21.672463,1,0,3.8192069951037411e-08,0,0
53,1.0467135906219482,-1.3073315620422363,0.53737902641296387,-1.9872188568115234,1073.1844482421875,-37.578964233398438,6016,483.86410522460938,92.614777468777447,0,3.3699140000000001,0,0,0,0,0
54,1.0256062746047974,-1.2664394378662109,0.57971298694610596,-17.177238464355469,1152.74462890625,-29.647665023803711,6016,455.19369506835938,86.975414195916983,18.131292999999999,21.757283999999999,1,0,3.8399203816652516e-08,0,0
55,1.0053572654724121,-1.2149378061294556,0.61136162281036377,-18.023614883422852,1220.1505126953125,-30.92628288269043,6016,455.19369506835938,80.12664416343614,0,3.5472350000000001,0,0,0,0,0
56,0.98591262102127075,-1.1666791439056396,0.63663536310195923,-48.326023101806641,1201.7230224609375,-0.86475884914398193,6016,402.62631225585938,73.969355114614245,18.087551999999999,21.524365,1,0,4.2092384688885431e-08,0,0
57,0.96743172407150269,-1.1088528633117676,0.66816800832748413,-49.482078552246094,1265.879150390625,-0.46756643056869507,6016,402.62631225585938,66.912436409872498,0,3.3800020000000002,0,0,0,0,0
58,0.95031452178955078,-1.0270328521728516,0.69937151670455933,-56.557151794433594,1423.76220703125,-54.141460418701172,6016,360.42477416992188,57.556738770293578,18.346623000000001,21.936993000000001,1,0,5.0119176364660234e-08,0,0
59,0.93470919132232666,-0.93632137775421143,0.73059654235839844,-58.200412750244141,1489.225830078125,-55.863193511962891,6016,360.42477416992188,48.041171210077437,0,3.4123220000000001,0,0,0,0,0
60,0.92085438966751099,-0.83128952980041504,0.75159090757369995,0.51081371307373047,1593.11181640625,-7.4014782905578613,6016,295.92440795898438,38.082090461977032,18.683350999999998,22.254187999999999,1,0,5.0807408058517467e-08,0,0
61,0.90884017944335938,-0.72085273265838623,0.77479285001754761,0.71147292852401733,1642.1497802734375,-7.0487918853759766,6016,295.92440795898438,28.889877346194453,0,3.5298150000000001,0,0,0,0,0
62,0.89858126640319824,-0.61553388833999634,0.80886393785476685,-24.791280746459961,1623.19873046875,1.768767237663269,6016,223.72984313964844,21.333399621447711,18.142579000000001,21.922498000000001,1,0,2.8332232560046577e-08,0,0
63,0.89011305570602417,-0.50809347629547119,0.82480907440185547,-25.147928237915039,1655.452880859375,2.1427252292633057,6016,223.72984313964844,14.857249960848094,0,3.5121380000000002,0,0,0,0,0
64,0.88342088460922241,-0.4015289843082428,0.83291518688201904,8.6361265182495117,1669.486572265625,-16.79852294921875,6016,167.49496459960938,9.6517716682010928,18.407043999999999,21.926477999999999,1,0,3.9766646864336508e-08,0,0
65,0.87850362062454224,-0.2950359582901001,0.84278249740600586,8.700596809387207,1689.2923583984375,-16.915622711181641,6016,167.49496459960938,5.6722365658148135,0,3.4843820000000001,0,0,0,0,0
66,0.87519097328186035,-0.1987605094909668,0.85096234083175659,2.6424360275268555,1644.5897216796875,17.906051635742188,6016,127.18173980712891,3.1161217768945022,18.643386,22.129339000000002,1,0,2.1420419216156006e-08,0,0
67,0.873454749584198,-0.1041732132434845,0.85574233531951904,2.7995076179504395,1653.81982421875,17.999427795410156,6016,127.18173980712891,1.5793134627468319,0,3.3868420000000001,0,0,0,0,0
68,0.87332922220230103,-0.0075301229953765869,0.85933184623718262,27.073087692260742,1687.681396484375,29.668497085571289,6016,112.80854034423828,0.99408984070740747,18.617597,22.331441999999999,1,0,1.862645149230957e-08,0,0
69,0.87476396560668945,0.086085110902786255,0.85953378677368164,27.075641632080078,1687.933837890625,29.643115997314453,6016,112.80854034423828,1.3938330068086131,0,3.6167609999999999,0,0,0,0,0
70,0.87789374589920044,0.18778800964355469,0.85448414087295532,52.384368896484375,1758.6956787109375,30.381570816040039,6016,126.42571258544922,2.8993861434217649,18.642187,22.252177,1,0,1.4629036648727833e-08,0,0
71,0.88264721632003784,0.28520661592483521,0.85022544860839844,52.119739532470703,1749.7655029296875,30.320486068725586,6016,126.42571258544922,5.4007160817241129,0,3.4536090000000002,0,0,0,0,0
72,0.88896834850311279,0.37926724553108215,0.83873045444488525,95.748512268066406,1744.962158203125,32.10723876953125,6016,131.21025085449219,8.7728473973276664,18.373773,21.984888999999999,1,0,1.862645149230957e-08,0,0
73,0.8966602087020874,0.46151268482208252,0.81035757064819336,95.323867797851562,1681.4921875,28.833076477050781,6016,131.21025085449219,12.499885328754715,0,3.4306749999999999,0,0,0,0,0
74,0.90579968690872192,0.54836934804916382,0.81070792675018311,167.44461059570312,1726.2142333984375,17.853609085083008,6016,155.72221374511719,17.336393076062677,18.621925999999998,22.177723,1,0,1.6861617879726509e-08,0,0
75,0.91628473997116089,0.62910151481628418,0.7974657416343689,165.80294799804688,1698.7490234375,17.852771759033203,6016,155.72221374511719,22.638538152167826,0,3.5052159999999999,0,0,0,0,0
76,0.92815732955932617,0.71235501766204834,0.80935525894165039,98.606101989746094,1731.9365234375,16.337142944335938,6016,183.27407836914062,28.733987733456161,19.308339,22.986663,1,0,2.412577337906896e-08,0,0
77,0.9412878155708313,0.78782844543457031,0.78824204206466675,106.87601470947266,1690.544189453125,9.4725971221923828,6016,183.27407836914062,34.965455777558418,0,3.4376509999999998,0,0,0,0,0
78,0.95547264814376831,0.85109108686447144,0.79176849126815796,48.300144195556641,1624.7431640625,33.675132751464844,6016,196.23049926757812,40.5695523500126,18.756001000000001,22.412209000000001,1,0,1.570271024320391e-08,0,0
79,0.97058606147766113,0.90680360794067383,0.77125483751296997,45.694900512695312,1582.3668212890625,34.688922882080078,6016,196.23049926757812,45.870418614889559,0,3.5671629999999999,0,0,0,0,0
80,0.98640590906143188,0.94919109344482422,0.74835127592086792,46.255462646484375,1499.439453125,40.767147064208984,6016,211.00045776367188,50.167854678389631,18.452805000000001,21.930775000000001,1,0,2.0981424597721343e-08,0,0
81,1.0027990341186523,0.9835895299911499,0.72444963455200195,44.681793212890625,1449.5413818359375,40.550106048583984,6016,211.00045776367188,53.819016248073694,0,3.3997519999999999,0,0,0,0,0
82,1.0197253227233887,1.0155787467956543,0.70997107028961182,60.551097869873047,1435.2978515625,43.357978820800781,6016,218.4931640625,57.363546769407094,18.677945999999999,22.380226,1,0,1.8596500339640443e-08,0,0
83,1.0370433330535889,1.0390784740447998,0.68423604965209961,57.521930694580078,1379.087646484375,42.568717956542969,6016,218.4931640625,60.06567060048792,0,3.374965,0,0,0,0,0
84,1.0546610355377197,1.0570638179779053,0.65725404024124146,47.983711242675781,1338.296142578125,41.568065643310547,6016,226.05374145507812,62.19272412839473,18.796258000000002,22.540486999999999,1,0,4.3506215519073521e-08,0,0
85,1.07245934009552,1.0678976774215698,0.63514220714569092,40.843780517578125,1289.4283447265625,38.319202423095703,6016,226.05374145507812,63.532694450558211,0,3.526262,0,0,0,0,0
86,1.0901296138763428,1.0602195262908936,0.56317794322967529,49.263866424560547,1150.5361328125,40.477493286132812,6016,236.36526489257812,62.809819990657616,19.487138999999999,23.051507999999998,1,0,2.9481432406441854e-08,0,0
87,1.107539176940918,1.044572114944458,0.53487169742584229,47.594184875488281,1090.6883544921875,39.262474060058594,6016,236.36526489257812,61.195658617622939,0,3.4675210000000001,0,0,0,0,0
88,1.1244919300079346,1.0171654224395752,0.50938338041305542,43.020435333251953,1005.5863647460938,49.67425537109375,6016,238.84895324707031,58.336847744572879,19.441051999999999,23.006964,1,0,2.7791124068698991e-08,0,0
89,1.1408704519271851,0.98271477222442627,0.48238620162010193,39.990673065185547,950.70489501953125,47.356124877929688,6016,238.84895324707031,54.797150436362017,0,3.569725,0,0,0,0,0
90,1.1565361022949219,0.9399372935295105,0.45633229613304138,29.74510383605957,887.9075927734375,28.364284515380859,6016,238.74044799804688,50.461697926730722,19.392506000000001,22.862231000000001,1,0,1.8827337910920505e-08,0,0
91,1.1713347434997559,0.88791817426681519,0.42121022939682007,27.357553482055664,816.45526123046875,28.735198974609375,6016,238.74044799804688,45.377904522803192,0,3.4417529999999998,0,0,0,0,0
92,1.1852920055389404,0.83743685483932495,0.40963649749755859,47.713634490966797,819.37591552734375,16.842441558837891,6016,242.53857421875,40.709531087783716,21.571605000000002,25.085856,1,0,1.8392819711721131e-08,0,0
93,1.1983072757720947,0.780914306640625,0.38705527782440186,45.7674560546875,771.4827880859375,16.521152496337891,6016,242.53857421875,35.790515694052374,0,3.3560729999999999,0,0,0,0,0
94,1.2103356122970581,0.72170138359069824,0.36194577813148499,28.953092575073242,743.99676513671875,8.4015369415283203,6016,244.18902587890625,30.902941637704771,19.040796,22.528428999999999,1,0,3.8165051563510133e-08,0,0
95,1.2212774753570557,0.65650838613510132,0.34227138757705688,17.733999252319336,697.3035888671875,9.2799224853515625,6016,244.18902587890625,25.927014121437537,0,3.2615099999999999,0,0,0,0,0
96,1.2310378551483154,0.58562415838241577,0.3220292329788208,5.3518171310424805,652.57550048828125,21.905460357666016,6016,229.19454956054688,21.017623931651428,18.825507999999999,22.215229000000001,1,0,1.9622751423753471e-08,0,0
97,1.2395074367523193,0.50817376375198364,0.29768675565719604,6.0563883781433105,601.64892578125,21.187602996826172,6016,229.19454956054688,16.295391862685051,0,3.2524600000000001,0,0,0,0,0
98,1.2467248439788818,0.43304094672203064,0.28859919309616089,34.373798370361328,609.8463134765625,24.536533355712891,6016,213.36073303222656,12.428361633275017,18.126448,22.043659999999999,1,0,1.7373675831322544e-08,0,0
99,1.2526438236236572,0.35514074563980103,0.27743455767631531,33.655097961425781,585.94677734375,23.850734710693359,6016,213.36073303222656,9.0647331660641726,0,3.3942890000000001,0,0,0,0,0
100,1.2572360038757324,0.27553042769432068,0.25143039226531982,33.510848999023438,565.86737060546875,14.79884147644043,6016,192.01547241210938,6.3343907555472185,18.708410000000001,22.027010000000001,1,0,1.862645149230957e-08,0,0
101,1.2604652643203735,0.19375702738761902,0.24260827898979187,32.442668914794922,546.269287109375,14.512988090515137,6016,192.01547241210938,4.2469469051468138,0,3.9129580000000002,0,0,0,0,0
102,1.2622749805450439,0.10858545452356339,0.23038922250270844,21.085176467895508,518.1160888671875,10.56907844543457,6016,174.0906982421875,2.832117310260557,20.385325999999999,23.785260999999998,1,0,1.4901161193847656e-08,0,0
103,1.2626763582229614,0.024081729352474213,0.23017069697380066,20.370882034301758,517.6517333984375,9.995208740234375,6016,174.0906982421875,2.2125399449708425,0,3.703557,0,0,0,0,0
104,1.2617300748825073,-0.056776992976665497,0.23742981255054474,14.51958179473877,535.79937744140625,3.2870790958404541,6016,159.78042602539062,2.331966795944723,20.190151,24.256433000000001,1,0,1.4901161193847656e-08,0,0
105,1.2594479322433472,-0.13692623376846313,0.23760727047920227,11.930805206298828,536.01531982421875,0.15141332149505615,6016,159.78042602539062,3.1356976123289115,0,3.3915150000000001,0,0,0,0,0
106,1.255833625793457,-0.21685560047626495,0.23901976644992828,2.8918793201446533,532.4921875,-0.30038723349571228,6016,154.17756652832031,4.6259418474580229,19.953476999999999,23.770240000000001,1,0,1.4901161193847656e-08,0,0
107,1.2509301900863647,-0.29420465230941772,0.24436712265014648,2.7027449607849121,544.36065673828125,-0.62243235111236572,6016,154.17756652832031,6.7262854783591877,0,4.0125710000000003,0,0,0,0,0
108,1.2447350025177002,-0.37171339988708496,0.2484162300825119,11.191954612731934,538.0308837890625,-0.73707282543182373,6016,144.33407592773438,9.5253505359686983,19.393701,22.865763999999999,1,0,2.0489096641540527e-08,0,0
109,1.237317681312561,-0.44503989815711975,0.25858068466186523,11.526451110839844,559.94500732421875,-0.79809463024139404,6016,144.33407592773438,12.775210515668789,0,3.3495059999999999,0,0,0,0,0
110,1.2288678884506226,-0.50698602199554443,0.27361640334129333,19.901220321655273,626.93145751953125,-15.987395286560059,6016,141.47669982910156,15.988648000886997,18.714957999999999,22.100860000000001,1,0,4.6566128730773926e-08,0,0
111,1.2194890975952148,-0.56272459030151367,0.28871074318885803,21.650699615478516,661.09423828125,-16.86964225769043,6016,141.47669982910156,19.250363075521705,0,3.2625950000000001,0,0,0,0,0
112,1.2092491388320923,-0.61439752578735352,0.3045927882194519,-19.107568740844727,681.098876953125,-12.779800415039062,6016,131.20724487304688,22.465413402278955,19.022977999999998,22.423793,1,0,4.2840838432312012e-08,0,0
113,1.1982697248458862,-0.6587643027305603,0.32302278280258179,-20.019309997558594,722.0863037109375,-13.498200416564941,6016,131.20724487304688,25.449602823288274,0,3.4105789999999998,0,0,0,0,0
114,1.1865179538726807,-0.70510578155517578,0.34762242436408997,-10.773396492004395,703.77349853515625,10.171608924865723,6016,124.76496887207031,28.870177726241309,18.652293,22.095054000000001,1,0,4.4703483581542969e-08,0,0
115,1.1741307973861694,-0.74322968721389771,0.37084800004959106,-11.004154205322266,750.85333251953125,10.352190971374512,6016,124.76496887207031,31.865644881060916,0,3.319874,0,0,0,0,0
116,1.161400318145752,-0.7638283371925354,0.40121150016784668,-0.021653376519680023,856.6473388671875,-2.1674454212188721,6016,128.57742309570312,33.583807891105835,18.692157000000002,22.128540000000001,1,0,3.5157427191734314e-08,0,0
117,1.1484663486480713,-0.77603775262832642,0.4241119921207428,-0.032513082027435303,905.81182861328125,-2.0465939044952393,6016,128.57742309570312,34.640170827454313,0,3.3966229999999999,0,0,0,0,0
118,1.1355526447296143,-0.77481973171234131,0.45018166303634644,-0.24176691472530365,987.25250244140625,-15.285429954528809,6016,149.43939208984375,34.586401823834876,18.322237000000001,21.696508000000001,1,0,5.9604644775390625e-08,0,0
119,1.1228166818618774,-0.76415646076202393,0.46875962615013123,-15.737064361572266,1044.560546875,-22.882062911987305,6016,149.43939208984375,33.703510873884625,0,3.3450899999999999,0,0,0,0,0
120,1.1104514598846436,-0.74191296100616455,0.50043058395385742,-37.02679443359375,1115.5296630859375,-29.855127334594727,6016,167.72119140625,31.82344833381444,18.708511999999999,22.181543999999999,1,0,3.4458935260772705e-08,0,0
121,1.0986120700836182,-0.71036016941070557,0.52597451210021973,-38.264225006103516,1173.85400390625,-32.311538696289062,6016,167.72119140625,29.277175155307532,0,3.388846,0,0,0,0,0
122,1.0873191356658936,-0.67757797241210938,0.5573994517326355,-26.486255645751953,1182.2894287109375,-37.208202362060547,6016,138.55210876464844,26.758743011728143,18.639001,22.309805000000001,1,0,2.4080311078478189e-08,0,0
123,1.0766938924789429,-0.63751381635665894,0.58125889301300049,-22.687198638916016,1229.72998046875,-43.074588775634766,6016,138.55210876464844,23.845246368533935,0,3.408747,0,0,0,0,0
124,1.0667695999145508,-0.59545832872390747,0.60006695985794067,-49.215785980224609,1247.4571533203125,-22.415716171264648,6016,111.82896423339844,20.943646813695636,19.505689,23.22672,1,0,2.9802322387695312e-08,0,0
125,1.0576269626617432,-0.54855573177337646,0.61895406246185303,-37.006057739257812,1283.158447265625,-22.31171989440918,6016,111.82896423339844,17.963043503004769,0,3.462771,0,0,0,0,0
126,1.049397349357605,-0.49377903342247009,0.64456295967102051,-33.854568481445312,1339.255126953125,-21.446876525878906,6016,89.336227416992188,14.819540447687473,18.411133,21.954910999999999,1,0,2.9802322387695312e-08,0,0
127,1.0421243906021118,-0.43637526035308838,0.65988820791244507,-33.894634246826172,1362.9757080078125,-19.76579475402832,6016,89.336227416992188,11.870174950557782,0,3.6795680000000002,0,0,0,0,0
128,1.0357681512832642,-0.38137143850326538,0.67036557197570801,-57.001785278320312,1355.522705078125,-12.684374809265137,6016,72.533561706542969,9.3834698565225381,18.293075000000002,21.841904,1,0,2.9802322387695312e-08,0,0
129,1.0302555561065674,-0.33075410127639771,0.6613202691078186,-57.553752899169922,1336.5240478515625,-10.426698684692383,6016,72.533561706542969,7.4381516403842056,0,3.4064420000000002,0,0,0,0,0
130,1.0258800983428955,-0.26252704858779907,0.69375371932983398,-48.385311126708984,1456.4505615234375,-8.0042448043823242,6016,62.801742553710938,5.2159014077349184,18.673698000000002,22.218298999999998,1,0,1.862645149230957e-08,0,0
131,1.0226221084594727,-0.19548168778419495,0.69953888654708862,-24.513881683349609,1459.19189453125,-11.502117156982422,6016,62.801742553710938,3.5372147963351352,0,3.5045950000000001,0,0,0,0,0
132,1.0203098058700562,-0.13873788714408875,0.69519317150115967,-6.1446690559387207,1403.3114013671875,3.3146429061889648,6016,60.949893951416016,2.5150108677969172,18.597833000000001,22.126365,1,0,1.4901161193847656e-08,0,0
133,1.0188497304916382,-0.087605848908424377,0.68121987581253052,-2.8030829429626465,1376.1917724609375,3.2777423858642578,6016,60.949893951416016,1.8874207850452507,0,3.4674420000000001,0,0,0,0,0
134,1.0181683301925659,-0.0408812016248703,0.68772077560424805,-5.4223361015319824,1355.4468994140625,6.252326488494873,6016,49.355503082275391,1.5893035703192284,18.288713999999999,21.843976999999999,1,0,1.3503938411929539e-08,0,0
135,1.0182288885116577,0.003632470965385437,0.68583351373672485,-5.1716499328613281,1349.629150390625,7.4948005676269531,6016,49.355503082275391,1.540410898840737,0,3.6713249999999999,0,0,0,0,0
136,1.0191149711608887,0.053163647651672363,0.69850581884384155,-4.9614386558532715,1390.9833984375,10.743184089660645,6016,42.429164886474609,1.7607527895503745,18.371030999999999,21.874499,1,0,2.2351741790771484e-08,0,0
137,1.0208199024200439,0.1022992730140686,0.7019008994102478,-0.86756622791290283,1397.46826171875,14.97227954864502,6016,42.429164886474609,2.2438598472658526,0,3.3954879999999998,0,0,0,0,0
138,1.0233205556869507,0.15003573894500732,0.69853925704956055,18.891233444213867,1396.463134765625,17.467008590698242,6016,40.019767761230469,2.9681835796013374,18.625539,22.182604999999999,1,0,2.2351741790771484e-08,0,0
139,1.0266715288162231,0.20105788111686707,0.71533292531967163,18.63153076171875,1428.38134765625,22.02410888671875,6016,40.019767761230469,3.998773493169665,0,3.4308960000000002,0,0,0,0,0
140,1.0308307409286499,0.2495507150888443,0.69674104452133179,12.302910804748535,1418.6199951171875,21.396230697631836,6016,42.461009979248047,5.2444338071022969,18.559359000000001,22.081630000000001,1,0,3.7252902984619141e-08,0,0
141,1.0357770919799805,0.29678457975387573,0.69748342037200928,10.688091278076172,1418.8765869140625,17.724767684936523,6016,42.461009979248047,6.7296103645070389,0,3.4605589999999999,0,0,0,0,0
142,1.0414402484893799,0.33978602290153503,0.68405383825302124,19.699335098266602,1397.5198974609375,15.377909660339355,6016,46.880611419677734,8.2778928093835873,18.257766,22.036828,1,0,1.4901161193847656e-08,0,0
143,1.0477582216262817,0.37907654047012329,0.67347848415374756,20.97050666809082,1378.7236328125,12.767901420593262,6016,46.880611419677734,9.8820701987054917,0,3.4520219999999999,0,0,0,0,0
144,1.0546560287475586,0.41386896371841431,0.65502685308456421,20.461103439331055,1353.094482421875,4.831763744354248,6016,50.711570739746094,11.436786563433827,19.366123999999999,22.925985000000001,1,0,1.4901161193847656e-08,0,0
145,1.0621296167373657,0.44841337203979492,0.65667259693145752,18.42738151550293,1357.3001708984375,6.538170337677002,6016,50.711570739746094,13.141468431373653,0,3.7555510000000001,0,0,0,0,0
146,1.0700262784957886,0.47380316257476807,0.6232723593711853,13.289084434509277,1297.53173828125,21.620841979980469,6016,53.964313507080078,14.460166390642087,18.431404000000001,21.933494,1,0,3.7252902984619141e-08,0,0
147,1.0783681869506836,0.50051718950271606,0.62896513938903809,13.137351036071777,1310.614990234375,22.412078857421875,6016,53.964313507080078,15.906463211838286,0,3.4373390000000001,0,0,0,0,0
148,1.0871483087539673,0.52680838108062744,0.61020493507385254,24.426794052124023,1308.0380859375,23.261978149414062,6016,58.295112609863281,17.485643556208174,18.766831,22.364218999999999,1,0,4.4703483581542969e-08,0,0
149,1.0961745977401733,0.54157871007919312,0.58106404542922974,10.207313537597656,1232.12548828125,29.454875946044922,6016,58.295112609863281,18.442398956837224,0,3.4494669999999998,0,0,0,0,0
150,1.1053434610366821,0.5501333475112915,0.5567130446434021,10.026302337646484,1188.912841796875,15.151242256164551,6016,63.307155609130859,19.027305332191645,18.633975,22.140827999999999,1,0,2.9802322387695312e-08,0,0
151,1.1146079301834106,0.55586934089660645,0.54803335666656494,10.009629249572754,1170.1319580078125,14.908877372741699,6016,63.307155609130859,19.45247899672745,0,3.513998,0,0,0,0,0
152,1.123866081237793,0.5554879903793335,0.5250580906867981,10.100444793701172,1127.10498046875,12.304383277893066,6016,63.069282531738281,19.494462301569342,18.279654000000001,22.726880999999999,1,0,5.9604644775390625e-08,0,0
153,1.1329982280731201,0.54793184995651245,0.50137031078338623,10.176129341125488,1076.373779296875,11.596548080444336,6016,63.069282531738281,19.102396565953541,0,3.5286050000000002,0,0,0,0,0
154,1.1418960094451904,0.53386777639389038,0.48207858204841614,12.191240310668945,1027.951904296875,2.0581831932067871,6016,58.879226684570312,18.314015348543649,18.542028999999999,22.047488000000001,1,0,2.9802322387695312e-08,0,0
155,1.1504700183868408,0.5144384503364563,0.46370822191238403,11.762157440185547,988.7880859375,1.9762296676635742,6016,58.879226684570312,17.242367567140263,0,3.6426530000000001,0,0,0,0,0
156,1.1586130857467651,0.48858386278152466,0.44163995981216431,15.752219200134277,941.8704833984375,9.6370820999145508,6016,55.057121276855469,15.875615142022411,18.61065,22.068380000000001,1,0,2.9802322387695312e-08,0,0
157,1.1662466526031494,0.45801055431365967,0.42509645223617554,14.84278392791748,906.44586181640625,9.3745021820068359,6016,55.057121276855469,14.340734393783691,0,3.3594089999999999,0,0,0,0,0
158,1.1733007431030273,0.42324554920196533,0.410695880651474,15.199225425720215,874.54730224609375,3.1241323947906494,6016,53.271400451660156,12.716853562922836,18.785830000000001,22.307039,1,0,2.2351741790771484e-08,0,0
159,1.1797119379043579,0.38467466831207275,0.39681807160377502,14.814506530761719,845.04498291015625,3.1333842277526855,6016,53.271400451660156,11.063399736554913,0,3.3400820000000002,0,0,0,0,0
160,1.1854379177093506,0.34356123208999634,0.38200777769088745,12.175798416137695,823.44305419921875,1.6730369329452515,6016,52.638629913330078,9.4676373994236656,18.326934999999999,21.980640999999999,1,0,2.9802322387695312e-08,0,0
161,1.1904283761978149,0.29942470788955688,0.37080752849578857,11.813507080078125,799.129150390625,1.6020619869232178,6016,52.638629913330078,7.9566823598813983,0,3.4197700000000002,0,0,0,0,0
162,1.1946401596069336,0.25270360708236694,0.3598608672618866,8.7945013046264648,777.83807373046875,-0.96307277679443359,6016,46.989559173583984,6.5762197192252074,18.397219,21.924942000000001,1,0,2.2351741790771484e-08,0,0
163,1.1980433464050293,0.20418804883956909,0.35218608379364014,7.2504777908325195,761.83697509765625,-1.6821205615997314,6016,46.989559173583984,5.3861771239038205,0,3.5762689999999999,0,0,0,0,0
164,1.2006065845489502,0.15379409492015839,0.34390303492546082,0.41503685712814331,745.3433837890625,-3.261953592300415,6016,39.879959106445312,4.4108191831472467,18.473103999999999,21.889163,1,0,2.2351741790771484e-08,0,0
165,1.2023154497146606,0.10252963006496429,0.33930516242980957,0.55231225490570068,735.48321533203125,-3.4972994327545166,6016,39.879959106445312,3.7013112146317333,0,3.3212959999999998,0,0,0,0,0
166,1.2031775712966919,0.051728837192058563,0.33765730261802673,-3.6381909847259521,734.40234375,-0.23311831057071686,6016,35.336231231689453,3.2827088927399721,18.707187000000001,22.183109999999999,1,0,2.2351741790771484e-08,0,0
167,1.2031886577606201,0.00066450983285903931,0.33546653389930725,-4.9146337509155273,728.6810302734375,-0.29455968737602234,6016,35.336231231689453,3.1410508236214341,0,3.2924910000000001,0,0,0,0,0
168,1.2023594379425049,-0.049756214022636414,0.33719980716705322,-7.7852845191955566,729.129150390625,-3.8081111907958984,6016,30.161462783813477,3.2641491942060243,18.698160999999999,22.118715999999999,1,0,2.2351741790771484e-08,0,0
169,1.2007057666778564,-0.099221326410770416,0.33835405111312866,-7.8728299140930176,731.4638671875,-3.4595143795013428,6016,30.161462783813477,3.6628724575612814,0,3.3875500000000001,0,0,0,0,0
170,1.1982513666152954,-0.1472618579864502,0.33879685401916504,-2.8166840076446533,736.91741943359375,-1.8182533979415894,6016,29.632965087890625,4.3348462318854644,18.458223,22.157482999999999,1,0,1.4901161193847656e-08,0,0
171,1.1950274705886841,-0.19343474507331848,0.34247872233390808,-2.8609721660614014,745.19342041015625,-1.9763338565826416,6016,29.632965087890625,5.2172769344057173,0,3.320513,0,0,0,0,0
172,1.1910784244537354,-0.23694249987602234,0.34911587834358215,-4.4616947174072266,758.64398193359375,3.927940845489502,6016,32.982772827148438,6.2810173483659781,18.541208999999998,21.91554,1,0,4.4703483581542969e-08,0,0
173,1.1864442825317383,-0.27804791927337646,0.35474672913551331,-4.4817461967468262,770.51666259765625,3.8292434215545654,6016,32.982772827148438,7.4816950099444455,0,3.3550490000000002,0,0,0,0,0
174,1.1811835765838623,-0.31563878059387207,0.364990234375,-3.4972758293151855,789.58392333984375,-0.66032654047012329,6016,37.176815032958984,8.7512162269062514,18.758209000000001,22.160806000000001,1,0,1.4901161193847656e-08,0,0
175,1.1753202676773071,-0.35179704427719116,0.37052732706069946,-5.7101349830627441,796.33990478515625,-5.4152779579162598,6016,37.176815032958984,10.113271948151578,0,3.3053759999999999,0,0,0,0,0
176,1.1689296960830688,-0.38343128561973572,0.38380450010299683,-4.0744295120239258,821.9281005859375,-1.7549138069152832,6016,43.633502960205078,11.434553648565839,18.728345999999998,22.139758,1,0,2.9802322387695312e-08,0,0
177,1.1620732545852661,-0.41138723492622375,0.39347416162490845,-4.3013477325439453,842.60870361328125,-0.6714940071105957,6016,43.633502960205078,12.724578609722244,0,3.3929499999999999,0,0,0,0,0
178,1.1548222303390503,-0.4350622296333313,0.4080633819103241,2.7442078590393066,867.2054443359375,1.4850884675979614,6016,50.959262847900391,13.921875633341131,18.352951999999998,21.980706999999999,1,0,2.9802322387695312e-08,0,0
179,1.1472529172897339,-0.45415607094764709,0.42022061347961426,3.0437061786651611,893.859130859375,2.0087277889251709,6016,50.959262847900391,14.957285088979518,0,3.3526769999999999,0,0,0,0,0
180,1.1395469903945923,-0.46235626935958862,0.44029444456100464,-2.0801444053649902,960.67718505859375,10.882045745849609,6016,55.231822967529297,15.477832924706206,18.465425,21.837050000000001,1,0,2.9802322387695312e-08,0,0
181,1.1317969560623169,-0.46499955654144287,0.45547318458557129,-2.2295541763305664,994.33203125,11.340003967285156,6016,55.231822967529297,15.732602318775264,0,3.336856,0,0,0,0,0
182,1.12412428855896,-0.46035689115524292,0.4764254093170166,9.7113914489746094,1039.425537109375,26.471637725830078,6016,55.524162292480469,15.65520418101022,18.686881,22.675007999999998,1,0,3.7252902984619141e-08,0,0
183,1.1166163682937622,-0.45047703385353088,0.49154555797576904,9.834385871887207,1072.30322265625,27.111967086791992,6016,55.524162292480469,15.326550483329925,0,3.3296109999999999,0,0,0,0,0
184,1.1094154119491577,-0.4320598840713501,0.52522903680801392,8.2700233459472656,1126.111572265625,25.967199325561523,6016,59.103900909423828,14.586571511916532,18.694020999999999,22.170183000000002,1,0,2.9802322387695312e-08,0,0
185,1.1026027202606201,-0.40876144170761108,0.54027122259140015,8.3074703216552734,1158.7081298828125,26.569242477416992,6016,59.103900909423828,13.669866454813302,0,3.2956799999999999,0,0,0,0,0
186,1.0962662696838379,-0.38018402457237244,0.56047093868255615,17.441072463989258,1194.3232421875,35.554588317871094,6016,59.455375671386719,12.606415198328307,19.084188000000001,22.564525,1,0,2.9802322387695312e-08,0,0
187,1.0904687643051147,-0.34785360097885132,0.57333946228027344,17.924514770507812,1221.29345703125,36.277713775634766,6016,59.455375671386719,11.495838077183208,0,3.470882,0,0,0,0,0
188,1.0852795839309692,-0.31134769320487976,0.5863768458366394,26.209877014160156,1251.7279052734375,20.224267959594727,6016,59.250419616699219,10.357205077439801,18.306587,21.764343,1,0,1.4901161193847656e-08,0,0
189,1.0807446241378784,-0.27209615707397461,0.59665411710739136,26.664894104003906,1273.6822509765625,20.53669548034668,6016,59.250419616699219,9.2875661572902857,0,3.6192790000000001,0,0,0,0,0
190,1.0768216848373413,-0.23537440598011017,0.59791523218154907,23.971019744873047,1262.543212890625,3.6886186599731445,6016,56.142807006835938,8.4563994539121126,19.496476999999999,23.008402,1,0,2.2351741790771484e-08,0,0
191,1.0735390186309814,-0.196957066655159,0.60534179210662842,24.104015350341797,1278.268310546875,3.7127618789672852,6016,56.142807006835938,7.7422130502136923,0,3.668301,0,0,0,0,0
192,1.0709205865859985,-0.15710286796092987,0.62372565269470215,28.842142105102539,1293.708984375,16.807949066162109,6016,53.229110717773438,7.1829336185952073,19.154097,22.664210000000001,1,0,2.6077032089233398e-08,0,0
193,1.0689843893051147,-0.11617001891136169,0.63008362054824829,29.034826278686523,1306.5186767578125,16.66632080078125,6016,53.229110717773438,6.793195739699847,0,3.4870869999999998,0,0,0,0,0
194,1.0677100419998169,-0.076460152864456177,0.63670569658279419,20.426162719726562,1305.149169921875,25.241949081420898,6016,50.464775085449219,6.6088651306224087,18.627935000000001,22.225733000000002,1,0,2.9802322387695312e-08,0,0
195,1.0671048164367676,-0.03631138801574707,0.64135712385177612,19.599225997924805,1314.19384765625,24.32859992980957,6016,50.464775085449219,6.5815914164313511,0,3.4249320000000001,0,0,0,0,0
196,1.0672030448913574,0.005895465612411499,0.64434117078781128,23.53070068359375,1334.8514404296875,11.131258964538574,6016,46.313690185546875,6.7120461795921429,18.578343,22.080849000000001,1,0,2.9802322387695312e-08,0,0
197,1.0679936408996582,0.047432690858840942,0.64557778835296631,23.32179069519043,1336.8521728515625,10.892439842224121,6016,46.313690185546875,7.0322804994216508,0,3.6617160000000002,0,0,0,0,0
198,1.0695095062255859,0.090948402881622314,0.6449999213218689,11.535265922546387,1355.702880859375,-10.800656318664551,6016,45.707218170166016,7.5082871982242416,18.493721000000001,22.246251999999998,1,0,2.9802322387695312e-08,0,0
199,1.0717201232910156,0.13263557851314545,0.64235252141952515,11.197575569152832,1349.8411865234375,-10.715361595153809,6016,45.707218170166016,8.1659723398518835,0,3.438739,0,0,0,0,0
200,1.0745106935501099,0.16743612289428711,0.63826638460159302,-14.283467292785645,1311.1500244140625,-45.100246429443359,6016,41.894107818603516,8.7398857916313801,19.301279000000001,23.001629999999999,1,0,2.9802322387695312e-08,0,0
201,1.0778418779373169,0.1998734176158905,0.63371407985687256,-14.105992317199707,1300.8865966796875,-44.018280029296875,6016,41.894107818603516,9.4062180060245595,0,3.441255,0,0,0,0,0
202,1.081774115562439,0.23593071103096008,0.62288612127304077,-6.9271030426025391,1327.7130126953125,-22.676418304443359,6016,46.118656158447266,10.395117206889537,20.539541,24.236635,1,0,2.9802322387695312e-08,0,0
203,1.0862590074539185,0.26909029483795166,0.61605554819107056,-7.061378002166748,1312.9052734375,-22.348978042602539,6016,46.118656158447266,11.440599764300515,0,4.2124790000000001,0,0,0,0,0
204,1.0911517143249512,0.29356265068054199,0.60632801055908203,11.569658279418945,1260.46923828125,-8.7107934951782227,6016,50.533710479736328,12.398905980507919,19.091899000000002,22.888666000000001,1,0,4.4703483581542969e-08,0,0
205,1.09639573097229,0.31464111804962158,0.59769237041473389,12.646730422973633,1241.138427734375,-5.8374590873718262,6016,50.533710479736328,13.30939296615847,0,3.5023339999999998,0,0,0,0,0
206,1.1019003391265869,0.33027774095535278,0.57432782649993896,2.2973642349243164,1205.346923828125,-3.960482120513916,6016,51.906745910644531,14.016346530127834,18.581451999999999,22.303270000000001,1,0,3.4365832846106059e-08,0,0
207,1.1075954437255859,0.3417094349861145,0.56212019920349121,1.2181113958358765,1178.938720703125,-3.4297788143157959,6016,51.906745910644531,14.588168696029385,0,3.4475889999999998,0,0,0,0,0
208,1.1133667230606079,0.34627485275268555,0.53848874568939209,-0.19714254140853882,1133.8489990234375,10.360950469970703,6016,49.635696411132812,15.045598355191629,18.620495999999999,22.109006999999998,1,0,4.0751114482873163e-08,0,0
209,1.1190147399902344,0.3388788104057312,0.50438177585601807,-9.644805908203125,1053.0933837890625,-3.6811902523040771,6016,49.635696411132812,14.893921889457459,0,3.592247,0,0,0,0,0
210,1.1245173215866089,0.33015835285186768,0.49460402131080627,-5.2418007850646973,1043.4468994140625,-8.3281126022338867,6016,51.636135101318359,14.824608058002639,19.196639000000001,22.750250999999999,1,0,8.4896051077976153e-08,0,0
211,1.1298785209655762,0.32166999578475952,0.49923443794250488,4.2231874465942383,1045.5986328125,-1.0183295011520386,6016,51.636135101318359,14.879465425151494,0,3.4113319999999998,0,0,0,0,0
212,1.1351441144943237,0.3159368634223938,0.494179368019104,-16.706138610839844,1061.4803466796875,1.0881617069244385,6016,56.298290252685547,14.973596627490167,20.488446,24.308527000000002,1,0,5.3788639320373477e-08,0,0
213,1.1401818990707397,0.30227047204971313,0.46653810143470764,-21.827505111694336,1005.2281494140625,-0.33251911401748657,6016,56.298290252685547,14.645623900077823,0,3.5843889999999998,0,0,0,0,0
214,1.1450241804122925,0.2905353307723999,0.47490039467811584,-9.9690189361572266,1015.5719604492188,-16.272312164306641,6016,55.416851043701172,14.529944952850485,20.412907000000001,24.100131999999999,1,0,2.6387972695829376e-08,0,0
215,1.1495774984359741,0.27319779992103577,0.4571986198425293,-9.0964555740356445,976.3834228515625,-16.12049674987793,6016,55.416851043701172,14.27598198235836,0,3.4125760000000001,0,0,0,0,0
216,1.1538275480270386,0.25500237941741943,0.45959755778312683,-22.009820938110352,969.56585693359375,-17.449975967407227,6016,51.282932281494141,14.039714708009114,20.195565999999999,23.780155000000001,1,0,2.6229470151406531e-08,0,0
217,1.157683253288269,0.2313418984413147,0.44153541326522827,-17.92204475402832,930.63897705078125,-17.658266067504883,6016,51.282932281494141,13.802663543586547,0,3.6955930000000001,0,0,0,0,0
218,1.1611591577529907,0.2085576057434082,0.44020146131515503,-14.427350997924805,933.090576171875,-17.101476669311523,6016,49.664546966552734,13.441250050430597,19.697849999999999,23.280909000000001,1,0,3.1944750844559167e-08,0,0
219,1.1642087697982788,0.1829744279384613,0.4305022656917572,-11.648464202880859,912.1690673828125,-15.67332935333252,6016,49.664546966552734,13.005325543457332,0,3.4265189999999999,0,0,0,0,0
220,1.16675865650177,0.15299111604690552,0.4171416163444519,-11.36757755279541,880.65576171875,-18.736299514770508,6016,45.535057067871094,12.522142778764362,18.808696000000001,22.285805,1,0,2.7554779791216788e-08,0,0
221,1.1688141822814941,0.1233295202255249,0.41425764560699463,-8.2552051544189453,879.72369384765625,-14.942511558532715,6016,45.535057067871094,12.115193065393356,0,3.3181400000000001,0,0,0,0,0
222,1.1703720092773438,0.09347069263458252,0.4092290997505188,-8.1082038879394531,875.712158203125,-15.920337677001953,6016,45.461807250976562,11.894636845146675,19.193944999999999,22.570101999999999,1,0,4.3620932643761989e-08,0,0
223,1.1714186668395996,0.062796533107757568,0.40451359748840332,-7.3323416709899902,867.07647705078125,-14.037537574768066,6016,45.461807250976562,11.752298901429171,0,3.6168110000000002,0,0,0,0,0
224,1.171943187713623,0.031467989087104797,0.40372100472450256,-3.4732425212860107,859.6395263671875,-16.452243804931641,6016,49.091754913330078,11.637900538789376,18.809313,22.202902000000002,1,0,2.9802322387695312e-08,0,0
225,1.1718854904174805,-0.0034602731466293335,0.39153766632080078,-2.9745097160339355,833.1290283203125,-15.33751392364502,6016,49.091754913330078,11.664668714256795,0,3.3322069999999999,0,0,0,0,0
226,1.171142578125,-0.044574432075023651,0.36581426858901978,-18.149030685424805,789.08172607421875,-19.886846542358398,6016,57.250392913818359,11.707716248392039,18.529031,22.002241000000001,1,0,2.2351741790771484e-08,0,0
227,1.169691801071167,-0.087044060230255127,0.36384549736976624,-25.519752502441406,777.67950439453125,-18.472904205322266,6016,57.250392913818359,11.88512561714186,0,3.2688649999999999,0,0,0,0,0
228,1.1676872968673706,-0.12026810646057129,0.38049420714378357,-18.908241271972656,833.2252197265625,-21.828693389892578,6016,69.254295349121094,12.191343355449469,18.397978999999999,21.777221000000001,1,0,2.9802322387695312e-08,0,0
229,1.1650170087814331,-0.16021862626075745,0.35915634036064148,-39.577095031738281,787.41375732421875,-40.816654205322266,6016,69.254295349121094,12.615811658936607,0,3.297409,0,0,0,0,0
230,1.1617498397827148,-0.19602669775485992,0.37224027514457703,5.2888612747192383,809.25726318359375,2.9178829193115234,6016,68.074539184570312,13.251322816108996,19.01437,22.512166000000001,1,0,1.7068348512339071e-08,0,0
231,1.1581399440765381,-0.21659515798091888,0.41841468214988708,8.2621126174926758,904.585693359375,7.8101024627685547,6016,68.074539184570312,13.77614626846885,0,3.2601270000000002,0,0,0,0,0
232,1.1541917324066162,-0.23689618706703186,0.42616879940032959,-8.795903205871582,903.54327392578125,3.3284327983856201,6016,59.619010925292969,14.189151933155188,18.772431000000001,22.123162000000001,1,0,2.2351741790771484e-08,0,0
233,1.1499612331390381,-0.25382792949676514,0.43286323547363281,-5.5994367599487305,924.17138671875,4.4277048110961914,6016,59.619010925292969,14.574810171001502,0,3.3799730000000001,0,0,0,0,0
234,1.1454665660858154,-0.26968121528625488,0.44110396504402161,1.6591742038726807,929.4627685546875,10.655453681945801,6016,55.288223266601562,15.001158144232591,18.675191999999999,22.041917999999999,1,0,1.7892723747081618e-08,0,0
235,1.1407305002212524,-0.28416270017623901,0.44554790854454041,0.77548444271087646,936.528564453125,11.031234741210938,6016,55.288223266601562,15.440348831209178,0,3.1982840000000001,0,0,0,0,0
236,1.1359050273895264,-0.28953075408935547,0.45511233806610107,-12.821683883666992,994.487548828125,1.6171870231628418,6016,57.435962677001953,15.569967564749305,18.422532,21.682777999999999,1,0,2.9488948172229357e-08,0,0
237,1.1310561895370483,-0.29092699289321899,0.46634364128112793,-13.199203491210938,1019.041259765625,1.5947661399841309,6016,57.435962677001953,15.62615274157821,0,3.3381620000000001,0,0,0,0,0
238,1.1262748241424561,-0.28687888383865356,0.48171591758728027,1.6604888439178467,1053.1317138671875,18.019460678100586,6016,57.487476348876953,15.554663875082099,19.205786,22.508171999999998,1,0,2.30376553389533e-08,0,0
239,1.121607780456543,-0.28002211451530457,0.4898669421672821,1.6869593858718872,1071.143798828125,18.360345840454102,6016,57.487476348876953,15.438759260512938,0,3.2329460000000001,0,0,0,0,0
