step,fluid_executed,fluid_dt,particles,particle_ms,hybrid_ms,whole_fixed_step_ms,contact_batches,contact_iterations,normal_products,normal_accelerations,contact_caps,normal_breakdowns,maximum_contact_relative_residual
0,1,0.01666666753590107,125,4.3614850000000001,4.4454030000000007,4.7522260000000003,3,30,0,0,0,0,2.5297865136053588e-08
1,0,0,125,0,0.239256,3.7346029999999999,0,0,0,0,0,0,0
2,1,0.033333335071802139,125,4.1570900000000002,4.3882380000000003,4.9204929999999996,3,30,0,0,0,0,1.1175870895385742e-08
3,0,0,125,0,0.16475899999999999,0.59738100000000005,0,0,0,0,0,0,0
4,1,0.033333335071802139,125,4.0568460000000002,4.2119289999999996,4.5877879999999998,3,30,0,0,0,0,1.2746247612938078e-08
5,0,0,125,0,0.11563899999999999,0.51076299999999997,0,0,0,0,0,0,0
6,1,0.033333335071802139,125,4.2508590000000002,4.3564729999999994,5.3199630000000004,3,30,0,0,0,0,5.7510952444772556e-08
7,0,0,125,0,0.080846000000000001,0.552064,0,0,0,0,0,0,0
8,1,0.033333335071802139,125,4.3466620000000002,4.4411610000000001,5.2534179999999999,3,30,0,0,0,0,2.3645117863679843e-08
9,0,0,125,0,0.07717800000000001,0.65219700000000003,0,0,0,0,0,0,0
10,1,0.033333335071802139,125,4.6473529999999998,4.7355679999999998,5.3382180000000004,3,30,0,0,0,0,5.9698184173839763e-09
11,0,0,125,0,0.052584999999999993,0.49589299999999997,0,0,0,0,0,0,0
12,1,0.033333335071802139,125,4.8252189999999997,4.8934169999999995,5.3248740000000003,3,30,0,0,0,0,2.1484870771359965e-08
13,0,0,125,0,0.053613999999999995,0.50744500000000003,0,0,0,0,0,0,0
14,1,0.033333335071802139,125,4.9388920000000001,5.0144599999999997,5.5423559999999998,3,30,0,0,0,0,2.6526445040531144e-08
15,0,0,125,0,0.071989999999999998,0.65097099999999997,0,0,0,0,0,0,0
16,1,0.033333335071802139,125,5.6164540000000001,5.6860619999999997,6.189476,3,30,0,0,0,0,1.1049005266272616e-08
17,0,0,125,0,0.053353999999999999,0.48255599999999998,0,0,0,0,0,0,0
18,1,0.033333335071802139,125,5.5007700000000002,5.570316,5.9814670000000003,3,30,0,0,0,0,3.6792130231333431e-08
19,0,0,125,0,0.052530000000000007,0.47737299999999999,0,0,0,0,0,0,0
20,1,0.033333335071802139,125,5.6842160000000002,5.7503689999999992,6.1607050000000001,3,30,0,0,0,0,1.8942705182212194e-08
21,0,0,125,0,0.051900000000000002,0.462478,0,0,0,0,0,0,0
22,1,0.033333335071802139,125,6.6078809999999999,6.675929,7.0864520000000004,3,30,0,0,0,0,3.3422214329448252e-08
23,0,0,125,0,0.053584,0.48239500000000002,0,0,0,0,0,0,0
24,1,0.033333335071802139,125,6.8721079999999999,6.9400620000000002,7.3488009999999999,3,30,0,0,0,0,4.1598987365887297e-08
25,0,0,125,0,0.052351000000000002,0.85172599999999998,0,0,0,0,0,0,0
26,1,0.033333335071802139,125,7.5679660000000002,7.6350280000000001,8.5090819999999994,3,30,0,0,0,0,3.0011662488504953e-08
27,0,0,125,0,0.052051,0.53665300000000005,0,0,0,0,0,0,0
28,1,0.033333335071802139,125,7.807849,7.8731410000000004,8.2837490000000003,3,30,0,0,0,0,2.0654741916814601e-08
29,0,0,125,0,0.051914000000000002,0.64283400000000002,0,0,0,0,0,0,0
30,1,0.033333335071802139,125,8.7125470000000007,8.7844129999999989,9.4970829999999999,3,30,0,0,0,0,8.3682358820169611e-09
31,0,0,125,0,0.073914999999999995,0.784084,0,0,0,0,0,0,0
32,1,0.033333335071802139,125,8.3322599999999998,8.4004080000000005,9.0705109999999998,3,30,0,0,0,0,1.6063394170373613e-08
33,0,0,125,0,0.052198000000000001,0.80627800000000005,0,0,0,0,0,0,0
34,1,0.033333335071802139,125,8.9281469999999992,8.9956699999999987,9.5315279999999998,3,30,0,0,0,0,1.7874555169328232e-08
35,0,0,125,0,0.052951999999999999,0.47837299999999999,0,0,0,0,0,0,0
36,1,0.033333335071802139,125,8.6007499999999997,8.6677050000000015,9.1007750000000005,3,30,0,0,0,0,1.7395857199176135e-08
37,0,0,125,0,0.052261999999999996,0.475854,0,0,0,0,0,0,0
38,1,0.033333335071802139,125,8.7839109999999998,8.8498209999999986,9.262988,3,30,0,0,0,0,1.6144332093404046e-08
39,0,0,125,0,0.052214000000000003,0.47387299999999999,0,0,0,0,0,0,0
40,1,0.033333335071802139,125,9.2840910000000001,9.3493479999999991,9.7621789999999997,3,30,0,0,0,0,1.8529439316239404e-08
41,0,0,125,0,0.052277000000000004,0.473194,0,0,0,0,0,0,0
42,1,0.033333335071802139,125,9.5594129999999993,9.6420840000000005,10.069696,3,30,0,0,0,0,1.5379713502738923e-08
43,0,0,125,0,0.053140999999999994,0.50086200000000003,0,0,0,0,0,0,0
44,1,0.033333335071802139,125,9.6422830000000008,9.7090479999999992,10.223668999999999,3,30,0,0,0,0,1.4136978698786606e-08
45,0,0,125,0,0.052240000000000002,0.47437000000000001,0,0,0,0,0,0,0
46,1,0.033333335071802139,125,10.09637,10.161304999999999,10.603887,3,30,0,0,0,0,1.6114173106984708e-08
47,0,0,125,0,0.052239000000000001,0.466783,0,0,0,0,0,0,0
48,1,0.033333335071802139,125,10.798116,10.866137,11.280677000000001,3,30,0,0,0,0,1.5266840236449752e-08
49,0,0,125,0,0.056868000000000002,0.48664200000000002,0,0,0,0,0,0,0
50,1,0.033333335071802139,125,10.480549,10.546950000000001,10.965825000000001,3,30,0,0,0,0,1.3454882541452662e-08
51,0,0,125,0,0.052394999999999997,0.48113499999999998,0,0,0,0,0,0,0
52,1,0.033333335071802139,125,10.68751,10.752976,11.179119,3,30,0,0,0,0,2.2193077597876254e-08
53,0,0,125,0,0.052351000000000002,0.41708600000000001,0,0,0,0,0,0,0
54,1,0.033333335071802139,125,11.409088000000001,11.478373999999999,11.828313,3,30,0,0,0,0,1.3371300511266782e-08
55,0,0,125,0,0.053336999999999996,0.415404,0,0,0,0,0,0,0
56,1,0.033333335071802139,125,10.655044,10.721263,11.073686,3,30,0,0,0,0,1.2370790614113503e-08
57,0,0,125,0,0.052145000000000004,0.40575699999999998,0,0,0,0,0,0,0
58,1,0.033333335071802139,125,10.755578999999999,10.821098000000001,11.180558,3,30,0,0,0,0,1.4938896342187036e-08
59,0,0,125,0,0.052054999999999997,0.33510899999999999,0,0,0,0,0,0,0
60,1,0.033333335071802139,125,11.757159,11.824805999999999,12.106528000000001,3,30,0,0,0,0,1.2967877438541109e-08
61,0,0,125,0,0.064785999999999996,0.36674299999999999,0,0,0,0,0,0,0
62,1,0.033333335071802139,125,10.95998,11.026346999999999,11.344241999999999,3,30,0,0,0,0,1.3420544675568635e-08
63,0,0,125,0,0.051970000000000002,0.32935300000000001,0,0,0,0,0,0,0
64,1,0.033333335071802139,125,11.254204,11.333024999999999,11.812009,3,30,0,0,0,0,1.4616396093458661e-08
65,0,0,125,0,0.068318000000000004,0.55583899999999997,0,0,0,0,0,0,0
66,1,0.033333335071802139,125,11.235058,11.303398999999999,11.577201000000001,3,30,0,0,0,0,1.5607026782049616e-08
67,0,0,125,0,0.052822000000000001,0.32998100000000002,0,0,0,0,0,0,0
68,1,0.033333335071802139,125,11.069386,11.135211,11.404,3,30,0,0,0,0,2.8044086164413784e-08
69,0,0,125,0,0.052122999999999996,0.322405,0,0,0,0,0,0,0
70,1,0.033333335071802139,125,11.489694999999999,11.562418999999998,11.837611000000001,3,30,0,0,0,0,1.4519550006752979e-08
71,0,0,125,0,0.053455000000000003,0.33884300000000001,0,0,0,0,0,0,0
72,1,0.033333335071802139,125,10.885043,10.951696,11.223599999999999,3,30,0,0,0,0,1.4890312094451019e-08
73,0,0,125,0,0.052212000000000001,0.32708700000000002,0,0,0,0,0,0,0
74,1,0.033333335071802139,125,10.757884000000001,10.823410000000001,11.096227000000001,3,30,0,0,0,0,1.3756010552867792e-08
75,0,0,125,0,0.052251999999999993,0.33195599999999997,0,0,0,0,0,0,0
76,1,0.033333335071802139,125,11.460203,11.527201999999999,11.836471,3,30,0,0,0,0,1.1442357283897309e-08
77,0,0,125,0,0.062258999999999995,0.340781,0,0,0,0,0,0,0
78,1,0.033333335071802139,125,10.888534,10.955092,11.227185,3,30,0,0,0,0,1.3294994438695085e-08
79,0,0,125,0,0.052469999999999996,0.39547300000000002,0,0,0,0,0,0,0
80,1,0.033333335071802139,125,11.07466,11.140192999999998,11.411777000000001,3,30,0,0,0,0,1.509719282921651e-08
81,0,0,125,0,0.052170000000000001,0.32442100000000001,0,0,0,0,0,0,0
82,1,0.033333335071802139,125,11.665808,11.734081,12.009938,3,30,0,0,0,0,1.9566275710758418e-08
83,0,0,125,0,0.053023000000000001,0.33790599999999998,0,0,0,0,0,0,0
84,1,0.033333335071802139,125,11.308343000000001,11.374653,11.647607000000001,3,30,0,0,0,0,1.0661938887324141e-08
85,0,0,125,0,0.052169,0.331625,0,0,0,0,0,0,0
86,1,0.033333335071802139,125,11.468377,11.535506,11.810532,3,30,0,0,0,0,1.1965570756444777e-08
87,0,0,125,0,0.062766000000000002,0.35648200000000002,0,0,0,0,0,0,0
88,1,0.033333335071802139,125,11.222654,11.28941,11.627249000000001,3,30,0,0,0,0,1.164991836333229e-08
89,0,0,125,0,0.052726999999999996,0.33241700000000002,0,0,0,0,0,0,0
90,1,0.033333335071802139,125,11.253334000000001,11.32025,11.627769000000001,3,30,0,0,0,0,1.1928125154270219e-08
91,0,0,125,0,0.052292000000000005,0.33063599999999999,0,0,0,0,0,0,0
92,1,0.033333335071802139,125,11.073432,11.138790999999999,11.413648999999999,3,30,0,0,0,0,1.5825179389139521e-08
93,0,0,125,0,0.052320999999999999,0.34714099999999998,0,0,0,0,0,0,0
94,1,0.033333335071802139,125,11.771770999999999,11.840273,12.225966,3,30,0,0,0,0,1.0831868735294847e-08
95,0,0,125,0,0.053321000000000007,0.51518600000000003,0,0,0,0,0,0,0
96,1,0.033333335071802139,125,11.212994999999999,11.279513999999999,11.731763000000001,3,30,0,0,0,0,1.0979786857490126e-08
97,0,0,125,0,0.052470999999999997,0.51199499999999998,0,0,0,0,0,0,0
98,1,0.033333335071802139,125,11.962643999999999,12.031632,12.492566999999999,3,30,0,0,0,0,8.8880476312169776e-09
99,0,0,125,0,0.053278999999999993,0.65830500000000003,0,0,0,0,0,0,0
100,1,0.033333335071802139,125,11.829115,11.909668999999999,12.382353999999999,3,30,0,0,0,0,9.4756966717568503e-09
101,0,0,125,0,0.053210999999999994,0.54688800000000004,0,0,0,0,0,0,0
102,1,0.033333335071802139,125,11.485912000000001,11.554527,12.048423,3,30,0,0,0,0,1.0255038596085342e-08
103,0,0,125,0,0.053134000000000001,0.57310499999999998,0,0,0,0,0,0,0
104,1,0.033333335071802139,125,11.23321,11.300812000000001,11.773002999999999,3,30,0,0,0,0,1.3267495546642749e-08
105,0,0,125,0,0.053418,0.50914800000000004,0,0,0,0,0,0,0
106,1,0.033333335071802139,125,12.449626,12.521928999999998,12.942831999999999,3,30,0,0,0,0,1.0829425356462252e-08
107,0,0,125,0,0.054071999999999995,0.37248100000000001,0,0,0,0,0,0,0
108,1,0.033333335071802139,125,11.89171,11.963211999999999,12.240479000000001,3,30,0,0,0,0,1.4556817085065177e-08
109,0,0,125,0,0.054318000000000005,0.37825900000000001,0,0,0,0,0,0,0
110,1,0.033333335071802139,125,11.419461999999999,11.496775000000001,11.819006,3,30,0,0,0,0,1.2369400614886672e-08
111,0,0,125,0,0.05260200000000001,0.68893300000000002,0,0,0,0,0,0,0
112,1,0.033333335071802139,125,11.51535,11.582443,11.939011000000001,3,30,0,0,0,0,1.3104315854661763e-08
113,0,0,125,0,0.052463000000000003,0.33121499999999998,0,0,0,0,0,0,0
114,1,0.033333335071802139,125,11.654659000000001,11.723383,12.007199999999999,3,30,0,0,0,0,1.4794818703478541e-08
115,0,0,125,0,0.053256999999999999,0.341978,0,0,0,0,0,0,0
116,1,0.033333335071802139,125,11.612551,11.67953,11.979144,3,30,0,0,0,0,1.4209898147043987e-08
117,0,0,125,0,0.052393000000000002,0.34901500000000002,0,0,0,0,0,0,0
118,1,0.033333335071802139,125,11.525162,11.592556999999999,11.869811,3,30,0,0,0,0,1.2097830293100742e-08
119,0,0,125,0,0.052763999999999998,0.33299499999999999,0,0,0,0,0,0,0
120,1,0.033333335071802139,125,11.876992,11.954358000000001,12.255468,3,30,0,0,0,0,1.9814336837953306e-08
121,0,0,125,0,0.053560999999999998,0.324069,0,0,0,0,0,0,0
122,1,0.033333335071802139,125,11.286542000000001,11.352231,11.614833000000001,3,30,0,0,0,0,1.963548790229197e-08
123,0,0,125,0,0.057925999999999998,0.32078800000000002,0,0,0,0,0,0,0
124,1,0.033333335071802139,125,11.637274,11.705079999999999,11.969758000000001,3,30,0,0,0,0,2.2559078161066282e-08
125,0,0,125,0,0.053525000000000003,0.32188499999999998,0,0,0,0,0,0,0
126,1,0.033333335071802139,125,11.434967,11.511743000000001,11.821104,3,30,0,0,0,0,1.5406875775170192e-08
127,0,0,125,0,0.052018999999999996,0.31230999999999998,0,0,0,0,0,0,0
128,1,0.033333335071802139,125,11.392571,11.458483999999999,11.718070000000001,3,30,0,0,0,0,1.4081072308158582e-08
129,0,0,125,0,0.051916000000000004,0.31344300000000003,0,0,0,0,0,0,0
130,1,0.033333335071802139,125,11.960614,12.031456,12.321484,3,30,0,0,0,0,1.555843986977834e-08
131,0,0,125,0,0.053880999999999998,0.32985300000000001,0,0,0,0,0,0,0
132,1,0.033333335071802139,125,12.217504,12.303712000000001,12.711088999999999,3,30,0,0,0,0,2.0139781398142986e-08
133,0,0,125,0,0.086101000000000011,0.42532599999999998,0,0,0,0,0,0,0
134,1,0.033333335071802139,125,12.391503999999999,12.491827000000001,12.981199,3,30,0,0,0,0,1.8724417572002494e-08
135,0,0,125,0,0.058797999999999996,0.34815299999999999,0,0,0,0,0,0,0
136,1,0.033333335071802139,125,12.378080000000001,12.478256,13.245376,3,30,0,0,0,0,1.5362816796482548e-08
137,0,0,125,0,0.054920000000000004,0.42657800000000001,0,0,0,0,0,0,0
138,1,0.033333335071802139,125,12.122451,12.194963,12.548893,3,30,0,0,0,0,1.760678181028652e-08
139,0,0,125,0,0.055352999999999999,0.40914899999999998,0,0,0,0,0,0,0
140,1,0.033333335071802139,125,13.533472,13.608286999999999,13.968386000000001,3,30,0,0,0,0,1.5629884941859018e-08
141,0,0,125,0,0.055671999999999999,0.43651200000000001,0,0,0,0,0,0,0
142,1,0.033333335071802139,125,12.015544999999999,12.097363,14.184331999999999,3,30,0,0,0,0,2.2588743320284266e-08
143,0,0,125,0,0.053443999999999998,0.43986199999999998,0,0,0,0,0,0,0
144,1,0.033333335071802139,125,13.222607999999999,13.305933999999999,13.75981,3,30,0,0,0,0,5.8307247030597864e-08
145,0,0,125,0,0.086008000000000001,0.66027999999999998,0,0,0,0,0,0,0
146,1,0.033333335071802139,125,13.599257,13.725490000000002,14.23663,3,30,0,0,0,0,2.6762984717265681e-08
147,0,0,125,0,0.078322000000000003,1.5406899999999999,0,0,0,0,0,0,0
148,1,0.033333335071802139,125,15.538406999999999,15.660905,17.137585999999999,3,30,0,0,0,0,5.8477468201090232e-08
149,0,0,125,0,0.055905999999999997,0.48623499999999997,0,0,0,0,0,0,0
150,1,0.033333335071802139,125,12.307133,12.380083000000001,12.737441,3,30,0,0,0,0,3.0606770451413468e-08
151,0,0,125,0,0.054487000000000001,0.42623800000000001,0,0,0,0,0,0,0
152,1,0.033333335071802139,125,13.772614000000001,13.847514,14.842696999999999,3,30,0,0,0,0,5.8723554019479707e-08
153,0,0,125,0,0.087676000000000004,0.69549700000000003,0,0,0,0,0,0,0
154,1,0.033333335071802139,125,12.186144000000001,12.259822,12.637506999999999,3,30,0,0,0,0,5.0968409937013348e-08
155,0,0,125,0,0.081664999999999988,0.97555899999999995,0,0,0,0,0,0,0
156,1,0.033333335071802139,125,12.041763,12.132168000000002,12.658196,3,30,0,0,0,0,5.3461764792928079e-08
157,0,0,125,0,0.054527000000000006,0.52273000000000003,0,0,0,0,0,0,0
158,1,0.033333335071802139,125,13.634199000000001,13.737524000000001,14.107735,3,30,0,0,0,0,2.7842000704936254e-08
159,0,0,125,0,0.055626000000000002,0.44827899999999998,0,0,0,0,0,0,0
160,1,0.033333335071802139,125,11.956518000000001,12.026291000000001,12.435269999999999,3,30,0,0,0,0,1.8800527357143437e-08
161,0,0,125,0,0.052635000000000001,0.45958500000000002,0,0,0,0,0,0,0
162,1,0.033333335071802139,125,12.51482,12.584929000000001,13.482703000000001,3,30,0,0,0,0,2.2763764206956694e-08
163,0,0,125,0,0.052932,0.47406300000000001,0,0,0,0,0,0,0
164,1,0.033333335071802139,125,12.337254,12.406046,12.758163,3,30,0,0,0,0,1.8422316117039372e-08
165,0,0,125,0,0.052634999999999994,0.40822399999999998,0,0,0,0,0,0,0
166,1,0.033333335071802139,125,11.807105,11.874013,12.658531999999999,3,30,0,0,0,0,1.9244634330561894e-08
167,0,0,125,0,0.052042000000000005,0.45440000000000003,0,0,0,0,0,0,0
168,1,0.033333335071802139,125,12.468163000000001,12.536711,12.931227,3,30,0,0,0,0,2.1631784363762563e-08
169,0,0,125,0,0.053362000000000007,0.42569699999999999,0,0,0,0,0,0,0
170,1,0.033333335071802139,125,11.359095,11.426516999999999,11.763769999999999,3,30,0,0,0,0,1.5817679610563573e-08
171,0,0,125,0,0.052328,0.50272600000000001,0,0,0,0,0,0,0
172,1,0.033333335071802139,125,11.776885,11.842967,12.177171,3,30,0,0,0,0,1.2964279427762904e-08
173,0,0,125,0,0.052373000000000003,0.37002800000000002,0,0,0,0,0,0,0
174,1,0.033333335071802139,125,13.072512,13.142394000000001,13.630345,3,30,0,0,0,0,2.2578468872325175e-08
175,0,0,125,0,0.053545000000000002,0.44718200000000002,0,0,0,0,0,0,0
176,1,0.033333335071802139,125,11.889141,11.957057999999998,12.340248000000001,3,30,0,0,0,0,1.9568805242897724e-08
177,0,0,125,0,0.052310999999999996,1.55281,0,0,0,0,0,0,0
178,1,0.033333335071802139,125,12.339423999999999,12.408143999999998,13.023425,3,30,0,0,0,0,1.3134522802715765e-08
179,0,0,125,0,0.053656999999999996,0.483068,0,0,0,0,0,0,0
180,1,0.033333335071802139,125,11.757531999999999,11.844730999999999,12.286943000000001,3,30,0,0,0,0,4.3471796828953302e-08
181,0,0,125,0,0.065226000000000006,0.57438500000000003,0,0,0,0,0,0,0
182,1,0.033333335071802139,125,12.385676999999999,12.485529,13.591856999999999,3,30,0,0,0,0,3.3048014103087553e-08
183,0,0,125,0,0.053170999999999996,0.55242000000000002,0,0,0,0,0,0,0
184,1,0.033333335071802139,125,11.482488,11.550834,11.935408000000001,3,30,0,0,0,0,1.8053707862009105e-08
185,0,0,125,0,0.052436999999999998,0.42868600000000001,0,0,0,0,0,0,0
186,1,0.033333335071802139,125,11.495844999999999,11.572359000000001,12.13198,3,30,0,0,0,0,1.8652590583201345e-08
187,0,0,125,0,0.052232000000000008,1.898868,0,0,0,0,0,0,0
188,1,0.033333335071802139,125,12.360944999999999,12.430715999999999,14.074042,3,30,0,0,0,0,1.879841704521823e-08
189,0,0,125,0,0.053025999999999997,1.163829,0,0,0,0,0,0,0
190,1,0.033333335071802139,125,11.735405999999999,11.803141,12.833391000000001,3,30,0,0,0,0,2.195125681225818e-08
191,0,0,125,0,0.052394999999999997,1.855089,0,0,0,0,0,0,0
192,1,0.033333335071802139,125,12.468745999999999,12.538209999999999,13.850306,3,30,0,0,0,0,4.24487254235828e-08
193,0,0,125,0,0.056647000000000003,0.70306900000000006,0,0,0,0,0,0,0
194,1,0.033333335071802139,125,11.69641,11.768167,13.260135,3,30,0,0,0,0,1.9175718790620522e-08
195,0,0,125,0,0.052749999999999998,1.738154,0,0,0,0,0,0,0
196,1,0.033333335071802139,125,12.73861,12.809540999999999,14.264822000000001,3,30,0,0,0,0,2.4034047640952849e-08
197,0,0,125,0,0.057022000000000003,1.212842,0,0,0,0,0,0,0
198,1,0.033333335071802139,125,11.336964999999999,11.404846000000001,12.436738999999999,3,30,0,0,0,0,4.637167094756478e-08
199,0,0,125,0,0.052592999999999994,2.0537489999999998,0,0,0,0,0,0,0
200,1,0.033333335071802139,125,11.503285999999999,11.569821000000001,12.955833999999999,3,30,0,0,0,0,3.957471506055299e-08
201,0,0,125,0,0.054089000000000005,2.1196359999999999,0,0,0,0,0,0,0
202,1,0.033333335071802139,125,12.553248,12.625509000000001,14.484310000000001,3,30,0,0,0,0,4.0426701986007174e-08
203,0,0,125,0,0.055641999999999997,1.802325,0,0,0,0,0,0,0
204,1,0.033333335071802139,125,11.260503999999999,11.329795999999998,12.376955000000001,3,30,0,0,0,0,4.2177667580745037e-08
205,0,0,125,0,0.052342,1.07575,0,0,0,0,0,0,0
206,1,0.033333335071802139,125,12.220107,12.289387999999999,13.347179000000001,3,30,0,0,0,0,4.6115253837797354e-08
207,0,0,125,0,0.053685999999999998,1.2292970000000001,0,0,0,0,0,0,0
208,1,0.033333335071802139,125,11.487901000000001,11.556146,12.04772,3,30,0,0,0,0,3.9259777651068362e-08
209,0,0,125,0,0.052131999999999998,0.46933399999999997,0,0,0,0,0,0,0
210,1,0.033333335071802139,125,12.080287,12.148820000000001,12.53496,3,30,0,0,0,0,4.1109213810841538e-08
211,0,0,125,0,0.053017999999999996,0.437666,0,0,0,0,0,0,0
212,1,0.033333335071802139,125,11.463416,11.530576,11.973877999999999,3,30,0,0,0,0,1.7619779413280412e-08
213,0,0,125,0,0.052256999999999998,0.52632900000000005,0,0,0,0,0,0,0
214,1,0.033333335071802139,125,11.478948000000001,11.545506,12.852888,3,30,0,0,0,0,2.5819771209967257e-08
215,0,0,125,0,0.052252,0.67508000000000001,0,0,0,0,0,0,0
216,1,0.033333335071802139,125,12.475379,12.544426,13.064591999999999,3,30,0,0,0,0,2.4462179837314579e-08
217,0,0,125,0,0.053205999999999996,0.62201899999999999,0,0,0,0,0,0,0
218,1,0.033333335071802139,125,11.811093,11.87861,12.406478999999999,3,30,0,0,0,0,2.4039522372731881e-08
219,0,0,125,0,0.052520999999999998,1.008553,0,0,0,0,0,0,0
220,1,0.033333335071802139,125,12.092824,12.162857000000001,12.759693,3,30,0,0,0,0,2.4092329908853571e-08
221,0,0,125,0,0.053034000000000005,0.637096,0,0,0,0,0,0,0
222,1,0.033333335071802139,125,11.808949999999999,11.878009999999998,12.447753000000001,3,30,0,0,0,0,2.3630777334915365e-08
223,0,0,125,0,0.052420999999999995,1.521963,0,0,0,0,0,0,0
224,1,0.033333335071802139,125,11.461354,11.528600000000001,12.43177,3,30,0,0,0,0,2.1310782472028222e-08
225,0,0,125,0,0.052308,0.68230999999999997,0,0,0,0,0,0,0
226,1,0.033333335071802139,125,12.553156,12.622883999999999,13.212381000000001,3,30,0,0,0,0,2.3597506171313398e-08
227,0,0,125,0,0.053962999999999997,1.544791,0,0,0,0,0,0,0
228,1,0.033333335071802139,125,11.266185999999999,11.334503,12.106960000000001,3,30,0,0,0,0,1.2227625134642039e-08
229,0,0,125,0,0.052228000000000004,0.59960199999999997,0,0,0,0,0,0,0
230,1,0.033333335071802139,125,12.702483000000001,12.775516000000001,13.728949,3,30,0,0,0,0,4.4121883036041254e-08
231,0,0,125,0,0.061989999999999996,0.98553599999999997,0,0,0,0,0,0,0
232,1,0.033333335071802139,125,12.265700000000001,12.356814,13.097334,3,30,0,0,0,0,2.1961517049362556e-08
233,0,0,125,0,0.053114000000000001,0.59666799999999998,0,0,0,0,0,0,0
234,1,0.033333335071802139,125,11.600771,11.667494,12.351433,3,30,0,0,0,0,4.6944862219788774e-08
235,0,0,125,0,0.052504000000000002,1.376976,0,0,0,0,0,0,0
236,1,0.033333335071802139,125,12.243045,12.326079999999999,15.634271,3,30,0,0,0,0,1.7053961798296768e-08
237,0,0,125,0,0.053444999999999999,2.6578140000000001,0,0,0,0,0,0,0
238,1,0.033333335071802139,125,12.336859,12.406744999999999,15.466599,3,30,0,0,0,0,1.6459404506008468e-08
239,0,0,125,0,0.053665999999999998,3.1021519999999998,0,0,0,0,0,0,0
240,1,0.033333335071802139,125,11.940393,12.010127000000001,15.079214,3,30,0,0,0,0,1.4438112039272255e-08
241,0,0,125,0,0.058249000000000009,3.1234820000000001,0,0,0,0,0,0,0
242,1,0.033333335071802139,125,11.658931000000001,11.726065,13.741322,3,30,0,0,0,0,2.0626995222983169e-08
243,0,0,125,0,0.052925,1.762151,0,0,0,0,0,0,0
244,1,0.033333335071802139,125,11.946726,12.020769999999999,14.131957,3,30,0,0,0,0,1.2700832385803551e-08
245,0,0,125,0,0.053580999999999997,1.7672969999999999,0,0,0,0,0,0,0
246,1,0.033333335071802139,125,11.991694000000001,12.065962000000001,14.853718000000001,3,30,0,0,0,0,1.8719667593813938e-08
247,0,0,125,0,0.061531000000000002,2.4900820000000001,0,0,0,0,0,0,0
248,1,0.033333335071802139,125,12.180952,12.269912,13.966203999999999,3,30,0,0,0,0,2.2192429227629873e-08
249,0,0,125,0,0.055528999999999995,1.693773,0,0,0,0,0,0,0
250,1,0.033333335071802139,125,12.538895999999999,12.615095,14.278536000000001,3,30,0,0,0,0,4.180491330885161e-08
251,0,0,125,0,0.056188000000000002,1.7445839999999999,0,0,0,0,0,0,0
252,1,0.033333335071802139,125,12.794143,12.873844999999999,14.618283,3,30,0,0,0,0,1.8163566650741814e-08
253,0,0,125,0,0.054622000000000004,0.44271500000000003,0,0,0,0,0,0,0
254,1,0.033333335071802139,125,11.435029,11.502312,11.855010999999999,3,30,0,0,0,0,1.4445410201346931e-08
255,0,0,125,0,0.052499999999999991,0.41329199999999999,0,0,0,0,0,0,0
256,1,0.033333335071802139,125,12.877833000000001,12.971691999999999,13.346690000000001,3,30,0,0,0,0,1.2126996296046855e-08
257,0,0,125,0,0.053959,0.43836999999999998,0,0,0,0,0,0,0
258,1,0.033333335071802139,125,11.87726,11.945802,12.295052999999999,3,30,0,0,0,0,1.4781946333641827e-08
259,0,0,125,0,0.052498000000000003,0.39980399999999999,0,0,0,0,0,0,0
260,1,0.033333335071802139,125,11.686991000000001,11.753584000000002,12.127756,3,30,0,0,0,0,1.6013075310183922e-08
261,0,0,125,0,0.073782,0.71755599999999997,0,0,0,0,0,0,0
262,1,0.033333335071802139,125,12.213499000000001,12.302754,12.747961,3,30,0,0,0,0,2.9746461294166693e-08
263,0,0,125,0,0.053473000000000007,0.41172999999999998,0,0,0,0,0,0,0
264,1,0.033333335071802139,125,11.550096,11.616607999999999,11.975835,3,30,0,0,0,0,1.1774369923500672e-08
265,0,0,125,0,0.052404999999999993,0.41335899999999998,0,0,0,0,0,0,0
266,1,0.033333335071802139,125,12.474028000000001,12.542932,13.006665,3,30,0,0,0,0,2.3187531894564017e-08
267,0,0,125,0,0.056159000000000001,0.48346099999999997,0,0,0,0,0,0,0
268,1,0.033333335071802139,125,11.844538999999999,11.912059000000001,12.304989000000001,3,30,0,0,0,0,1.5960642585355345e-08
269,0,0,125,0,0.052650999999999996,0.44348700000000002,0,0,0,0,0,0,0
270,1,0.033333335071802139,125,11.225932,11.291920000000001,11.677059,3,30,0,0,0,0,2.3785537095477594e-08
271,0,0,125,0,0.052413999999999995,0.50951199999999996,0,0,0,0,0,0,0
272,1,0.033333335071802139,125,12.811304,12.882367999999998,13.798054,3,30,0,0,0,0,1.468040533580961e-08
273,0,0,125,0,0.054401999999999999,0.62204899999999996,0,0,0,0,0,0,0
274,1,0.033333335071802139,125,11.808665,11.877038000000001,12.358349,3,30,0,0,0,0,1.5696995703251559e-08
275,0,0,125,0,0.052926000000000001,0.48035899999999998,0,0,0,0,0,0,0
276,1,0.033333335071802139,125,12.285311,12.35604,12.799655,3,30,0,0,0,0,4.8832642818297245e-08
277,0,0,125,0,0.053407000000000003,0.46001999999999998,0,0,0,0,0,0,0
278,1,0.033333335071802139,125,11.835654,11.908030999999999,12.302012,3,30,0,0,0,0,1.2900363444146024e-08
279,0,0,125,0,0.052996000000000001,0.44547199999999998,0,0,0,0,0,0,0
280,1,0.033333335071802139,125,12.260052,12.343743999999999,12.875533000000001,3,30,0,0,0,0,1.5491741223172539e-08
281,0,0,125,0,0.053761999999999997,0.46981800000000001,0,0,0,0,0,0,0
282,1,0.033333335071802139,125,12.064826,12.154163,12.555353999999999,3,30,0,0,0,0,2.2735369142878881e-08
283,0,0,125,0,0.052891000000000007,0.451262,0,0,0,0,0,0,0
284,1,0.033333335071802139,125,11.850272,11.917479,12.270481999999999,3,30,0,0,0,0,2.256088826868563e-08
285,0,0,125,0,0.052517000000000001,0.406134,0,0,0,0,0,0,0
286,1,0.033333335071802139,125,11.984405000000001,12.053293,12.493269,3,30,0,0,0,0,2.3426787620905998e-08
287,0,0,125,0,0.072020000000000001,0.754575,0,0,0,0,0,0,0
288,1,0.033333335071802139,125,13.046352000000001,13.136134999999999,13.540407,3,30,0,0,0,0,9.0592289225810418e-09
289,0,0,125,0,0.053295000000000002,0.41599199999999997,0,0,0,0,0,0,0
290,1,0.033333335071802139,125,12.050411,12.117723,12.47053,3,30,0,0,0,0,1.7366682314445825e-08
291,0,0,125,0,0.052451999999999999,0.40730499999999997,0,0,0,0,0,0,0
292,1,0.033333335071802139,125,12.722828,12.808509000000001,13.324391,3,30,0,0,0,0,2.202278537311031e-08
293,0,0,125,0,0.054802999999999998,0.47038000000000002,0,0,0,0,0,0,0
294,1,0.033333335071802139,125,12.654178999999999,12.737761999999998,13.096298000000001,3,30,0,0,0,0,1.4636860612426972e-08
295,0,0,125,0,0.054697000000000003,0.48308400000000001,0,0,0,0,0,0,0
296,1,0.033333335071802139,125,13.108153,13.179690000000001,13.569311000000001,3,30,0,0,0,0,2.5372058232164818e-08
297,0,0,125,0,0.054018999999999998,0.48443399999999998,0,0,0,0,0,0,0
298,1,0.033333335071802139,125,12.024881000000001,12.094704999999999,13.033937999999999,3,30,0,0,0,0,2.3947354321762759e-08
299,0,0,125,0,0.052724999999999994,0.55650200000000005,0,0,0,0,0,0,0
300,1,0.033333335071802139,125,11.705752,11.776194,12.208712999999999,3,30,0,0,0,0,4.1251617233228899e-08
301,0,0,125,0,0.055932000000000003,0.48016999999999999,0,0,0,0,0,0,0
302,1,0.033333335071802139,125,12.712717,12.784193999999999,13.191504,3,30,0,0,0,0,1.3830699252537215e-08
303,0,0,125,0,0.054150999999999998,0.47902499999999998,0,0,0,0,0,0,0
304,1,0.033333335071802139,125,11.828715000000001,11.897430999999999,12.284093,3,30,0,0,0,0,4.206750858770647e-08
305,0,0,125,0,0.052708000000000005,0.46504800000000002,0,0,0,0,0,0,0
306,1,0.033333335071802139,125,12.422563999999999,12.492649,12.885426000000001,3,30,0,0,0,0,8.9092120347800119e-09
307,0,0,125,0,0.053584999999999994,0.44644400000000001,0,0,0,0,0,0,0
308,1,0.033333335071802139,125,12.240123000000001,12.308690999999998,12.694464999999999,3,30,0,0,0,0,2.1091128843409024e-08
309,0,0,125,0,0.052824999999999997,0.40181499999999998,0,0,0,0,0,0,0
310,1,0.033333335071802139,125,12.759843999999999,12.843517,13.232754999999999,3,30,0,0,0,0,1.3965224532341836e-08
311,0,0,125,0,0.053809999999999997,0.45347399999999999,0,0,0,0,0,0,0
312,1,0.033333335071802139,125,12.181677000000001,12.284601,12.634385999999999,3,30,0,0,0,0,1.5777324335886078e-08
313,0,0,125,0,0.053251000000000007,0.40688200000000002,0,0,0,0,0,0,0
314,1,0.033333335071802139,125,11.648953000000001,11.715453,12.060714000000001,3,30,0,0,0,0,2.3160929174537159e-08
315,0,0,125,0,0.052417000000000005,0.39951700000000001,0,0,0,0,0,0,0
316,1,0.033333335071802139,125,11.379640999999999,11.445921999999999,11.812457,3,30,0,0,0,0,1.8638420584693449e-08
317,0,0,125,0,0.052562999999999999,0.41860799999999998,0,0,0,0,0,0,0
318,1,0.033333335071802139,125,12.517008000000001,12.597024999999999,12.949163,3,30,0,0,0,0,2.110230568064253e-08
319,0,0,125,0,0.053730999999999994,0.40769699999999998,0,0,0,0,0,0,0
320,1,0.033333335071802139,125,12.504636,12.572793000000001,12.919266,3,30,0,0,0,0,5.2548212892133961e-08
321,0,0,125,0,0.052306000000000005,0.40029300000000001,0,0,0,0,0,0,0
322,1,0.033333335071802139,125,13.448663,13.52018,13.894499,3,30,0,0,0,0,2.6321872681478453e-08
323,0,0,125,0,0.054953000000000002,0.48226999999999998,0,0,0,0,0,0,0
324,1,0.033333335071802139,125,13.122831,13.197264000000001,13.552705,3,30,0,0,0,0,2.128463805206593e-08
325,0,0,125,0,0.054686000000000005,0.43698700000000001,0,0,0,0,0,0,0
326,1,0.033333335071802139,125,13.038710999999999,13.113555000000002,13.470196,3,30,0,0,0,0,1.2102562507720904e-08
327,0,0,125,0,0.056135000000000004,0.44247500000000001,0,0,0,0,0,0,0
328,1,0.033333335071802139,125,13.079682999999999,13.154966,13.513014999999999,3,30,0,0,0,0,1.1713662040335748e-08
329,0,0,125,0,0.055350000000000003,0.441222,0,0,0,0,0,0,0
330,1,0.033333335071802139,125,12.421125999999999,12.499045999999998,12.871458000000001,3,30,0,0,0,0,2.5223865662837852e-08
331,0,0,125,0,0.052372000000000002,0.43764900000000001,0,0,0,0,0,0,0
332,1,0.033333335071802139,125,12.669001,12.738682000000001,13.089879,3,30,0,0,0,0,1.7787131767477149e-08
333,0,0,125,0,0.053585000000000001,0.40877400000000003,0,0,0,0,0,0,0
334,1,0.033333335071802139,125,11.876094,11.943451,12.318303999999999,3,30,0,0,0,0,1.9388368244221965e-08
335,0,0,125,0,0.052487000000000006,0.40145500000000001,0,0,0,0,0,0,0
336,1,0.033333335071802139,125,12.415399000000001,12.483813999999999,12.832174,3,30,0,0,0,0,2.242671826024889e-08
337,0,0,125,0,0.052926000000000001,0.40369100000000002,0,0,0,0,0,0,0
338,1,0.033333335071802139,125,12.424270999999999,12.492490999999999,12.839874999999999,3,30,0,0,0,0,2.3399042703431405e-08
339,0,0,125,0,0.052825000000000004,0.40494200000000002,0,0,0,0,0,0,0
340,1,0.033333335071802139,125,12.200346,12.268618,12.628546,3,30,0,0,0,0,2.7508850308777255e-08
341,0,0,125,0,0.072998000000000007,0.44790999999999997,0,0,0,0,0,0,0
342,1,0.033333335071802139,125,12.151941000000001,12.219842,12.565242,3,30,0,0,0,0,3.1870726502347679e-08
343,0,0,125,0,0.052541000000000004,0.40195999999999998,0,0,0,0,0,0,0
344,1,0.033333335071802139,125,12.297784999999999,12.365828999999998,12.710977,3,30,0,0,0,0,1.6155548010488019e-08
345,0,0,125,0,0.053298999999999999,0.42556100000000002,0,0,0,0,0,0,0
346,1,0.033333335071802139,125,12.845665,12.91755,13.276496,3,30,0,0,0,0,1.6879361908195278e-08
347,0,0,125,0,0.055913999999999998,0.44753199999999999,0,0,0,0,0,0,0
348,1,0.033333335071802139,125,13.776374000000001,13.852832999999999,14.249692,3,30,0,0,0,0,3.6513025492013185e-08
349,0,0,125,0,0.055760000000000004,0.41415299999999999,0,0,0,0,0,0,0
350,1,0.033333335071802139,125,13.126939999999999,13.213350000000002,13.584372,3,30,0,0,0,0,2.2389086140606196e-08
351,0,0,125,0,0.053706999999999998,0.44704100000000002,0,0,0,0,0,0,0
352,1,0.033333335071802139,125,14.298932000000001,14.374205999999999,14.730475999999999,3,30,0,0,0,0,2.3647249491887123e-08
353,0,0,125,0,0.055587000000000004,0.42710500000000001,0,0,0,0,0,0,0
354,1,0.033333335071802139,125,13.357932,13.467020000000002,13.848174999999999,3,30,0,0,0,0,2.5029201822235336e-08
355,0,0,125,0,0.082169999999999993,0.53959599999999996,0,0,0,0,0,0,0
356,1,0.033333335071802139,125,14.070156000000001,14.147307999999999,14.536932999999999,3,30,0,0,0,0,2.7838128247026361e-08
357,0,0,125,0,0.070974999999999996,0.44586300000000001,0,0,0,0,0,0,0
358,1,0.033333335071802139,125,13.000546,13.083121999999999,13.454364,3,30,0,0,0,0,2.0489096641540527e-08
359,0,0,125,0,0.054030999999999996,0.45132899999999998,0,0,0,0,0,0,0
