step,body_kinetic_J,liquid_kinetic_J,body_y,liquid_y,retained_mass,body_vy,liquid_mean_vy,batch_rigid_rows,batch_iterations,batch_closing_speed,batch_cap,batch_support_Iy
0,4.4944141600613576e-11,45.368056158878296,2.2386389617046198e-12,0.29818331162134809,600,1.3431833423283024e-10,-0.16350055262446403,0,0,0,0,0
1,7.8658949276052366e-12,45.368056158878296,1.9623379310385047e-11,0.29818331162134809,600,1.0430842856123945e-09,-0.16350055262446403,0,0,0,0,0
2,1.5876967004781823e-11,70.517983060086081,3.4990746411445173e-10,0.28657861302296322,600,1.9817044005776552e-08,-0.37912806726992132,4,10,2.9952025215607136e-07,0,99.523483276367188
3,4.5039794687389271e-11,70.517983060086081,3.9180486632872658e-10,0.28657861302296322,600,2.5138442438787933e-09,-0.37912806726992132,4,10,2.9952025215607136e-07,0,0
4,4.5440891808756913e-11,109.08438209962281,6.8969741029434317e-09,0.27108841021855673,600,3.9031013443491247e-07,-0.45772092059254649,4,10,5.3419116738950834e-06,0,181.743896484375
5,5.0215070194829022e-11,109.08438209962281,3.9273011509521893e-09,0.27108841021855673,600,-1.7818038600125874e-07,-0.45772092059254649,4,10,5.3419116738950834e-06,0,0
6,8.3367880949881065e-11,196.06388309958626,1.1312420333808859e-08,0.25133733491102855,600,4.4310712610240444e-07,-0.64031276151537897,4,10,6.0006004787283018e-06,0,119.34449005126953
7,9.3289077910562278e-11,196.06388309958626,3.8770151533640274e-09,0.25133733491102855,600,-4.4612428951040783e-07,-0.64031276151537897,4,10,6.0006004787283018e-06,0,0
8,5.6831401073565263e-11,287.43280435886533,4.0173286919298334e-09,0.22605491340160369,600,8.4188007676289089e-09,-0.7751016459862391,4,20,7.7628046213362722e-09,0,148.02685546875
9,4.0763670279142997e-12,287.43280435886533,4.0166829862187114e-09,0.22605491340160369,600,-3.8733460883122461e-11,-0.7751016459862391,4,20,7.7628046213362722e-09,0,0
10,7.0842484159362158e-11,372.8712584862393,1.3234656037752757e-08,0.19836587965488434,600,5.5307833690676489e-07,-0.84139042894045513,4,10,8.6859363364055753e-06,0,189.126220703125
11,1.2192637797522258e-10,372.8712584862393,4.0468020046091624e-09,0.19836587965488434,600,-5.5127122777776094e-07,-0.84139042894045513,4,10,8.6859363364055753e-06,0,0
12,9.4751328481148137e-11,461.60815085074432,1.2981562491631848e-08,0.16679493079582849,600,5.360856221159338e-07,-0.95210578560829162,4,10,9.0876355898217298e-06,0,162.47024536132812
13,9.6240619418915912e-11,461.60815085074432,4.0204097828677732e-09,0.16679493079582849,600,-5.3766910923513933e-07,-0.95210578560829162,4,10,9.0876355898217298e-06,0,0
14,9.7302341851745689e-12,329.11586400449841,4.0065999407090658e-09,0.13833264052867889,600,-8.2857853911377788e-10,-0.57495765437682467,4,20,1.8774284171740874e-07,0,455.18878173828125
15,4.4883562845183778e-11,329.11586400449841,4.0058059092018539e-09,0.13833264052867889,600,-4.7640114075875317e-11,-0.57495765437682467,4,20,1.8774284171740874e-07,0,0
16,2.1500552753315302e-11,313.37607615271935,4.0058090178263228e-09,0.11967528025309244,600,1.8501866705378234e-13,-0.51148832728465399,4,20,1.4121607705419592e-07,0,266.9815673828125
17,2.8840084838786944e-12,313.37607615271935,4.0018606206615459e-09,0.11967528025309244,600,-2.3689628037004695e-10,-0.51148832728465399,4,20,1.4121607705419592e-07,0,0
18,3.5010964089466858e-11,273.96652972070859,3.9857477318605561e-09,0.10267257481813431,600,-9.6676044947230366e-10,-0.46573046098152798,4,20,1.2876623145530175e-07,0,256.3546142578125
19,4.2200381379627203e-12,273.96652972070859,3.963009920227023e-09,0.10267257481813431,600,-1.3642784679746001e-09,-0.46573046098152798,4,20,1.2876623145530175e-07,0,0
20,5.0178664242818215e-11,164.32104507347861,5.9835660870533047e-09,0.087018872499465938,600,1.212333700095769e-07,-0.32652628247936566,4,20,5.5330286841126508e-07,0,312.42242431640625
21,4.6130591505630892e-11,164.32104507347861,5.9895013393429508e-09,0.087018872499465938,600,3.5611824600323416e-10,-0.32652628247936566,4,20,5.5330286841126508e-07,0,0
22,6.935991048813973e-10,65.773738449410885,4.5991651376198206e-08,0.079726863702138259,600,2.4001287783903535e-06,-0.11255327691634497,4,20,3.2810519314807607e-06,0,357.2843017578125
23,5.876416190045929e-10,65.773738449410885,7.4475323685874173e-09,0.079726863702138259,600,-2.3126469841372455e-06,-0.11255327691634497,4,20,3.2810519314807607e-06,0,0
24,6.6736168115697256e-10,60.812188136570754,4.6669878628335937e-08,0.07550668577353159,600,2.353340732952347e-06,-0.11662797565261523,4,20,3.239435272917035e-06,0,226.45614624023438
25,6.1064155074446974e-10,60.812188136570754,7.4438801789256104e-09,0.07550668577353159,600,-2.3535596938017989e-06,-0.11662797565261523,4,20,3.239435272917035e-06,0,0
26,2.1840729782597438e-09,59.087240400430929,8.1491542403000494e-08,0.071617041627566019,600,4.442859335540561e-06,-0.057010040655732105,4,20,6.0052316257497296e-06,0,264.672119140625
27,2.0980269816740864e-09,59.087240400430929,7.4621340218072874e-09,0.071617041627566019,600,-4.4417643039196264e-06,-0.057010040655732105,4,20,6.0052316257497296e-06,0,0
28,3.0296258419050918e-09,27.95486564578011,9.4959190732879506e-08,0.070402946074803671,600,5.24982306160382e-06,0.002070699147880196,4,20,7.0800979301566258e-06,0,264.35040283203125
29,3.0021957834631207e-09,27.95486564578011,7.4316588438705367e-09,0.070402946074803671,600,-5.2516516007017344e-06,0.002070699147880196,4,20,7.0800979301566258e-06,0,0
30,2.834551039630505e-09,10.622834374330075,9.1629544840543531e-08,0.070649534265200292,600,5.0518729040049948e-06,0.0070826152960460813,4,20,6.7894779931521043e-06,0,231.9091796875
31,2.7864725579927098e-09,10.622834374330075,7.4776878022930759e-09,0.070649534265200292,600,-5.0491112233430613e-06,0.0070826152960460813,4,20,6.7894779931521043e-06,0,0
32,2.9193295379410098e-09,4.9314889101826891,9.2898744696867652e-08,0.070930763880411779,600,5.1252632147225086e-06,0.0080289858579637042,4,20,6.8920107878511772e-06,0,229.46987915039062
33,2.8742258910201829e-09,4.9314889101826891,7.4110957370976394e-09,0.070930763880411779,600,-5.129258624947397e-06,0.0080289858579637042,4,20,6.8920107878511772e-06,0,0
34,2.8259044378462676e-09,2.6604628733540032,9.1525542700310325e-08,0.071236866712570193,600,5.0468665904190857e-06,0.0079432699332636029,4,20,6.7744194893748499e-06,0,228.85064697265625
35,2.7772691340921654e-09,2.6604628733540032,7.4746182576745923e-09,0.071236866712570193,600,-5.0430553528713062e-06,0.0079432699332636029,4,20,6.7744194893748499e-06,0,0
36,2.7719030990769587e-09,0.99710026541710894,9.0809294306382071e-08,0.07145341495672862,600,5.0000803639704827e-06,0.0046987276772659453,4,20,6.7097871578880586e-06,0,226.95530700683594
37,2.7265647027685264e-09,0.99710026541710894,7.4849992870440474e-09,0.07145341495672862,600,-4.9994573600997683e-06,0.0046987276772659453,4,20,6.7097871578880586e-06,0,0
38,2.7677779964911047e-09,0.23655562738292152,9.1294452886359068e-08,0.07152694423993429,600,5.0285671022720635e-06,0.00061743815739954283,4,20,6.7591299739433452e-06,0,226.45321655273438
39,2.7169853406647935e-09,0.23655562738292152,7.499572518554487e-09,0.07152694423993429,600,-5.0276926231163088e-06,0.00061743815739954283,4,20,6.7591299739433452e-06,0,0
40,2.7763594174879811e-09,0.3020806758662678,9.1035602167721663e-08,0.071469141145547227,600,5.0121616368414834e-06,-0.0027958420415719349,4,20,6.7055661929771304e-06,0,226.85403442382812
41,2.7455779092071229e-09,0.3020806758662678,7.4581976150511764e-09,0.071469141145547227,600,-5.0146441026299726e-06,-0.0027958420415719349,4,20,6.7055661929771304e-06,0,0
42,2.8064292918115873e-09,0.56816138896852331,9.1317069461638312e-08,0.071324217915534976,600,5.0315320549998432e-06,-0.004613946974277354,4,20,6.7722967287409119e-06,0,227.8111572265625
43,2.7625623037951745e-09,0.56816138896852331,7.4514829861982435e-09,0.071324217915534976,600,-5.0319349611527286e-06,-0.004613946974277354,4,20,6.7722967287409119e-06,0,0
44,2.8479023075822915e-09,0.68023538909588355,9.1863192608343525e-08,0.071151031653086338,600,5.0647022362682037e-06,-0.0049418836335339712,4,20,6.7991609284945298e-06,0,228.70526123046875
45,2.8014917550596324e-09,0.68023538909588355,7.4475536848694901e-09,0.071151031653086338,600,-5.0649382501433138e-06,-0.0049418836335339712,4,20,6.7991609284945298e-06,0,0
46,2.8426580178929911e-09,0.70041981427281386,9.1788031397754821e-08,0.07098487873872121,600,5.0604285206645727e-06,-0.0045568974316118728,4,20,6.805492375860922e-06,0,229.13299560546875
47,2.7935456923028999e-09,0.70041981427281386,7.4809562988775724e-09,0.07098487873872121,600,-5.0584244490892161e-06,-0.0045568974316118728,4,20,6.805492375860922e-06,0,0
48,2.8533832986318815e-09,0.69709059055946243,9.201168182926267e-08,0.070831573009490972,600,5.0718431339191739e-06,-0.0042542246480781407,4,20,6.7953105826745741e-06,0,229.0836181640625
49,2.8087826447875358e-09,0.69709059055946243,7.4543962114148599e-09,0.070831573009490972,600,-5.0734370233840309e-06,-0.0042542246480781407,4,20,6.7953105826745741e-06,0,0
50,2.8385198389259547e-09,0.68908530314771221,9.1820865577574295e-08,0.070680257876714073,600,5.0619878493307624e-06,-0.004290559838215368,4,20,6.7876371758757159e-06,0,228.8802490234375
51,2.7940826383589052e-09,0.68908530314771221,7.4187980203532788e-09,0.070680257876714073,600,-5.0641237976378761e-06,-0.004290559838215368,4,20,6.7876371758757159e-06,0,0
52,2.8283126081253974e-09,0.68144778411252838,9.1586947803534713e-08,0.070522290865580248,600,5.0500889301474672e-06,-0.0044813642402488562,4,20,6.7857404246751685e-06,0,228.78750610351562
53,2.778554304467532e-09,0.68144778411252838,7.4729129551087681e-09,0.070522290865580248,600,-5.0468420340621378e-06,-0.0044813642402488562,4,20,6.7857404246751685e-06,0,0
54,2.8273025031182769e-09,0.65791757253252958,9.1640984578589268e-08,0.070358143250147498,600,5.0500839279266074e-06,-0.0045895591378210558,4,20,6.7883693191106431e-06,0,228.83708190917969
55,2.781281308358142e-09,0.65791757253252958,7.458133666204958e-09,0.070358143250147498,600,-5.050970685260836e-06,-0.0045895591378210558,4,20,6.7883693191106431e-06,0,0
56,2.8352873792844474e-09,0.61283235310795869,9.1688214354235242e-08,0.070193008979161586,600,5.0538046707515605e-06,-0.004558020879824814,4,20,6.7910359575762413e-06,0,228.92094421386719
57,2.790592323234562e-09,0.61283235310795869,7.4345791745145107e-09,0.070193008979161586,600,-5.0552180255181156e-06,-0.004558020879824814,4,20,6.7910359575762413e-06,0,0
58,2.842192986456919e-09,0.5643410982157181,9.1749136288399313e-08,0.070030161341031391,600,5.058873284724541e-06,-0.0044793330132959852,4,20,6.7897972257924266e-06,0,228.94924926757812
59,2.7947593870559008e-09,0.5643410982157181,7.4499340030342864e-09,0.070030161341031391,600,-5.057951966591645e-06,-0.0044793330132959852,4,20,6.7897972257924266e-06,0,0
60,2.8360869684186418e-09,0.5370703968134235,9.1728189488549106e-08,0.069868170122305548,600,5.0566950449137948e-06,-0.0044815296431381076,4,20,6.7847840909962542e-06,0,228.90071105957031
61,2.7892907970732921e-09,0.5370703968134235,7.4677046768556465e-09,0.069868170122305548,600,-5.0556286623759661e-06,-0.0044815296431381076,4,20,6.7847840909962542e-06,0,0
62,2.838568130733802e-09,0.55153460173557523,9.1808260549441911e-08,0.069701442023118343,600,5.0604330681380816e-06,-0.0046652707954246368,4,20,6.7789287641062401e-06,0,228.79179382324219
63,2.7927903449307592e-09,0.55153460173557523,7.4527619631226116e-09,0.069701442023118343,600,-5.0613298299140297e-06,-0.0046652707954246368,4,20,6.7789287641062401e-06,0,0
64,2.8296315849686211e-09,0.63091995153685332,9.1686359837694908e-08,0.069521024823188782,600,5.0540156735223718e-06,-0.0051135459542273054,4,20,6.7659830165212043e-06,0,228.63310241699219
65,2.7790141059575574e-09,0.63091995153685332,7.5112396302756679e-09,0.069521024823188782,600,-5.0505068429629318e-06,-0.0051135459542273054,4,20,6.7659830165212043e-06,0,0
66,2.8263764255104139e-09,0.80597529558372194,9.1852072614528879e-08,0.069314442475636798,600,5.0604498937900644e-06,-0.0058829466998580908,4,20,6.7663800109585281e-06,0,228.44039916992188
67,2.7923259254981583e-09,0.80597529558372194,7.4901294055962353e-09,0.069314442475636798,600,-5.0617163651622832e-06,-0.0058829466998580908,4,20,6.7663800109585281e-06,0,0
68,3.2797468422770367e-09,0.025190045573857144,9.697568259525724e-08,0.069274919629096987,600,5.3691328503191471e-06,2.5004645191491665e-06,4,20,7.1800945988798048e-06,0,232.43336486816406
69,3.1686926902151761e-09,0.025190045573857144,7.4236012892470171e-09,0.069274919629096987,600,-5.3731246225652285e-06,2.5004645191491665e-06,4,20,7.1800945988798048e-06,0,0
70,3.0547638974937833e-09,0.011605658289515422,9.5808815103737288e-08,0.069274909794330597,600,5.3031126299174502e-06,2.3028254508972167e-06,4,20,7.2861575972638093e-06,0,228.90203857421875
71,3.1200755437786353e-09,0.011605658289515422,7.454090678038483e-09,0.069274909794330597,600,-5.301283181324834e-06,2.3028254508972167e-06,4,20,7.2861575972638093e-06,0,0
72,3.0599736389070705e-09,0.0052203157513708593,9.5888594842108432e-08,0.069274913469950364,600,5.3060698519402649e-06,2.300788958867391e-06,4,20,7.2898783400887623e-06,0,228.90213012695312
73,3.1236057631431026e-09,0.0052203157513708593,7.4775599046006391e-09,0.069274913469950364,600,-5.3046619541419204e-06,2.300788958867391e-06,4,20,7.2898783400887623e-06,0,0
74,3.0362954384530365e-09,0.0024757887129054556,9.5567209257296781e-08,0.069274913867314658,600,5.2853788474749308e-06,2.2980570793151855e-06,4,20,7.2872653618105687e-06,0,228.90213012695312
75,3.1051317116696165e-09,0.0024757887129054556,7.4482215950411046e-09,0.069274913867314658,600,-5.2871391744702123e-06,2.2980570793151855e-06,4,20,7.2872653618105687e-06,0,0
76,3.0535261424332594e-09,0.0013008013025905981,9.5781103937042644e-08,0.069274913867314658,600,5.2999725994595792e-06,2.3001929124196372e-06,4,20,7.2920688580779824e-06,0,228.90213012695312
77,3.1199350898809362e-09,0.0013008013025905981,7.4612103162507992e-09,0.069274913867314658,600,-5.2991931625001598e-06,2.3001929124196372e-06,4,20,7.2920688580779824e-06,0,0
78,3.0401860231358984e-09,0.00072510337675857318,9.5613117423454241e-08,0.069274913469950364,600,5.2891141422151122e-06,2.3004909356435139e-06,4,20,7.2881380219769198e-06,0,228.90214538574219
79,3.1073588478341305e-09,0.00072510337675857318,7.4446475650802313e-09,0.069274913469950364,600,-5.2901077651767991e-06,2.3004909356435139e-06,4,20,7.2881380219769198e-06,0,0
80,3.1109175803308315e-09,0.000450240997092581,9.5494478102864377e-08,0.069274916251500451,600,5.2829896048933733e-06,2.3362537225087483e-06,4,20,7.281837042683037e-06,0,228.90213012695312
81,3.0705329042248165e-09,0.000450240997092581,7.4446617759349465e-09,0.069274916251500451,600,-5.2829886953986716e-06,2.3362537225087483e-06,4,20,7.281837042683037e-06,0,0
82,3.117383456308424e-09,0.00032082437214811651,9.5623498452823696e-08,0.069274915059407555,600,5.2907298595528118e-06,2.3356080055236818e-06,4,20,7.2870579970185645e-06,0,228.90213012695312
83,3.0757444359696012e-09,0.00032082437214811651,7.4428498919587582e-09,0.069274915059407555,600,-5.2908385441696737e-06,2.3356080055236818e-06,4,20,7.2870579970185645e-06,0,0
84,3.0889641779170261e-09,0.0002246118933514713,9.581331283925465e-08,0.069274915059407555,600,5.3022276915726252e-06,2.3201604684193931e-06,4,20,7.2917405304906424e-06,0,228.902099609375
85,3.0680515543820812e-09,0.0002246118933514713,7.4318649012639071e-09,0.069274915059407555,600,-5.3028866204840597e-06,2.3201604684193931e-06,4,20,7.2917405304906424e-06,0,0
86,3.1143832121901399e-09,0.00017242759459781639,9.5513016162840358e-08,0.069274915059407555,600,5.2848686209472362e-06,2.3362537225087483e-06,4,20,7.289547284017317e-06,0,228.90213012695312
87,3.0737719607636625e-09,0.00017242759459781639,7.4399011396053538e-09,0.069274915059407555,600,-5.2843865887552965e-06,2.3362537225087483e-06,4,20,7.289547284017317e-06,0,0
88,3.119078136775836e-09,0.00014080395239258312,9.5675851241594501e-08,0.069274915059407555,600,5.2941568355890922e-06,2.3341178894042967e-06,4,20,7.2897564677987248e-06,0,228.90214538574219
89,3.0777846118932677e-09,0.00014080395239258312,7.4292572094236675e-09,0.069274915059407555,600,-5.2947953008697368e-06,2.3341178894042967e-06,4,20,7.2897564677987248e-06,0,0
90,3.0834023979553198e-09,0.00011762454464779718,9.5714945302916021e-08,0.069274915258089695,600,5.2971408877056092e-06,2.3256242275238036e-06,4,20,7.2955790528794751e-06,0,228.902099609375
91,3.057207800265088e-09,0.00011762454464779718,7.4906409963659826e-09,0.069274915258089695,600,-5.2934578889107797e-06,2.3256242275238036e-06,4,20,7.2955790528794751e-06,0,0
92,3.1255781322302175e-09,0.000152004883954764,9.5863377680416306e-08,0.069274915059407555,600,5.3023641157778911e-06,2.3350616296132408e-06,4,20,7.2903258114820346e-06,0,228.90213012695312
93,3.0823022126083206e-09,0.000152004883954764,7.520498002122622e-09,0.069274915059407555,600,-5.3005724112153985e-06,2.3350616296132408e-06,4,20,7.2903258114820346e-06,0,0
94,3.0714805887797897e-09,0.00081641991490282329,9.5571451197429269e-08,0.069274915854136143,600,5.2830569075013045e-06,2.3246804873148599e-06,4,20,7.27147107681958e-06,0,228.902099609375
95,3.0524091015094023e-09,0.00081641991490282329,7.4926660431628989e-09,0.069274915854136143,600,-5.2847267397737596e-06,2.3246804873148599e-06,4,20,7.27147107681958e-06,0,0
96,3.0537924091494646e-09,0.0014279343018578289,9.5255614951383905e-08,0.069274915059407555,600,5.2657765081676189e-06,2.3259222507476807e-06,4,20,7.2810603342077229e-06,0,228.90214538574219
97,3.0359560165703106e-09,0.0014279343018578289,7.4639814329202636e-09,0.069274915059407555,600,-5.2674977268907242e-06,2.3259222507476807e-06,4,20,7.2810603342077229e-06,0,0
98,3.1166751491852152e-09,0.0010800599854530273,9.5632941565781948e-08,0.069274915059407555,600,5.2901373237546068e-06,2.3349622885386148e-06,4,20,7.2876537160482258e-06,0,228.90214538574219
99,3.0734250295192962e-09,0.0010800599854530273,7.460840834028204e-09,0.069274915059407555,600,-5.2903255891578738e-06,2.3349622885386148e-06,4,20,7.2876537160482258e-06,0,0
100,3.109177656220707e-09,0.0005380309941331701,9.5938084143654123e-08,0.069274916450182591,600,5.3086341722519137e-06,2.3461381598129567e-06,4,20,7.2285470196220558e-06,0,228.90214538574219
101,3.0930817497659124e-09,0.0005380309941331701,7.4441999231567024e-09,0.069274916450182591,600,-5.3096327974344604e-06,2.3461381598129567e-06,4,20,7.2285470196220558e-06,0,0
102,3.2515082476616761e-09,0.00020437061118059392,9.7109435159836721e-08,0.069274918039639796,600,5.3799140005139634e-06,2.39814321190579e-06,4,20,7.3782598519755993e-06,0,228.90220642089844
103,3.1811607651747735e-09,0.00020437061118059392,7.4495218882475456e-09,0.069274918039639796,600,-5.3795943131262902e-06,2.39814321190579e-06,4,20,7.3782598519755993e-06,0,0
104,3.1647177502936275e-09,9.8285332010968453e-05,9.6804264160255116e-08,0.069274913966655735,600,5.3612843657901976e-06,2.4119516211840163e-06,4,20,7.3001410783035681e-06,0,228.90216064453125
105,3.1941977266085239e-09,9.8285332010968453e-05,7.4606063549254031e-09,0.069274913966655735,600,-5.3606190704158507e-06,2.4119516211840163e-06,4,20,7.3001410783035681e-06,0,0
106,3.1684389608088128e-09,9.9910311931391846e-05,9.6896158652270969e-08,0.069274913966655735,600,5.3661328820453491e-06,2.4110078809750726e-06,4,20,7.3074202191492077e-06,0,228.90216064453125
107,3.1991321595983327e-09,9.9910311931391846e-05,7.4351120815663307e-09,0.069274913966655735,600,-5.3676626521337312e-06,2.4110078809750726e-06,4,20,7.3074202191492077e-06,0,0
108,3.1878962067193057e-09,0.00012599214119577107,9.7185200331750821e-08,0.069274913966655735,600,5.3850048971071374e-06,2.4193028607063146e-06,4,20,7.3060737122432329e-06,0,228.90217590332031
109,3.2191256024214613e-09,0.00012599214119577107,7.428411663568113e-09,0.069274913966655735,600,-5.385406893765321e-06,2.4193028607063146e-06,4,20,7.3060737122432329e-06,0,0
110,3.1745119895000719e-09,0.00016211603531790649,9.6948589600742707e-08,0.069274913966655735,600,5.3712105909653474e-06,2.4183094499600581e-06,4,20,7.3101923590002116e-06,0,228.90216064453125
111,3.2051357701477439e-09,0.00016211603531790649,7.4402422001185187e-09,0.069274913966655735,600,-5.3705007303506136e-06,2.4183094499600581e-06,4,20,7.3101923590002116e-06,0,0
112,3.1803828803535975e-09,0.00019654613471000243,9.7124384978997114e-08,0.069274913370609287,600,5.3810481404070742e-06,2.4192531901690018e-06,4,20,7.3184264692827128e-06,0,228.90216064453125
113,3.213844300531475e-09,0.00019654613471000243,7.42978301104813e-09,0.069274913370609287,600,-5.3816756917512976e-06,2.4192531901690018e-06,4,20,7.3184264692827128e-06,0,0
114,3.2095917082106076e-09,0.00021153254823110744,9.7494698536593205e-08,0.069274913966655735,600,5.4038946473156102e-06,2.4173657097511145e-06,4,20,7.3160190368071198e-06,0,228.90216064453125
115,3.2354886043524324e-09,0.00021153254823110744,7.4992598797507526e-09,0.069274913966655735,600,-5.399725978350034e-06,2.4173657097511145e-06,4,20,7.3160190368071198e-06,0,0
116,3.169420991356587e-09,0.00019900254091254679,9.6988600262193359e-08,0.069274913966655735,600,5.3693602239945903e-06,2.4148325123481601e-06,4,20,7.30865258447011e-06,0,228.90214538574219
117,3.2069944757826589e-09,0.00019900254091254679,7.4414501227693108e-09,0.069274913966655735,600,-5.3728285820398014e-06,2.4148325123481601e-06,4,20,7.30865258447011e-06,0,0
118,3.1812095776441117e-09,0.00016218878614029686,9.7107992758083128e-08,0.069274913966655735,600,5.3799922170583159e-06,2.416372299004858e-06,4,20,7.3080691436189227e-06,0,228.90216064453125
119,3.210990103009029e-09,0.00016218878614029686,7.4860508902929723e-09,0.069274913966655735,600,-5.377316028898349e-06,2.416372299004858e-06,4,20,7.3080691436189227e-06,0,0
120,3.1650473988707483e-09,0.00011163007942609707,9.6886850542432512e-08,0.069274913966655735,600,5.3640478654415347e-06,2.4085243541094315e-06,4,20,7.302087851712713e-06,0,228.90217590332031
121,3.1941733939384736e-09,0.00011163007942609707,7.4889996426463767e-09,0.069274913966655735,600,-5.3638709687220398e-06,2.4085243541094315e-06,4,20,7.302087851712713e-06,0,0
122,3.1376911907802959e-09,6.302253022802027e-05,9.6184642472962878e-08,0.069274912774562838,600,5.321738171915058e-06,2.3854275544484458e-06,4,20,7.2503717092331499e-06,0,228.90213012695312
123,3.09667806180467e-09,6.302253022802027e-05,7.4442496611482056e-09,0.069274912774562838,600,-5.3244234550220426e-06,2.3854275544484458e-06,4,20,7.2503717092331499e-06,0,0
124,3.0743036776982313e-09,2.7659743636652643e-05,9.5619675732905307e-08,0.069274909794330597,600,5.2905252232449129e-06,2.3115674654642741e-06,4,20,7.2496654865972232e-06,0,228.902099609375
125,3.0466876473465829e-09,2.7659743636652643e-05,7.434039162035333e-09,0.069274909794330597,600,-5.291137767926557e-06,2.3115674654642741e-06,4,20,7.2496654865972232e-06,0,0
126,3.1053155133642377e-09,1.0688923250308048e-05,9.5883777362359979e-08,0.069274913668632504,600,5.3069838941155467e-06,2.3169318834940594e-06,4,20,7.2988041210919619e-06,0,228.90213012695312
127,3.0599208311999252e-09,1.0688923250308048e-05,7.4605068789423967e-09,0.069274913668632504,600,-5.3053959163662512e-06,2.3169318834940594e-06,4,20,7.2988041210919619e-06,0,0
128,3.0926748557490799e-09,4.2294964111490851e-06,9.5827068946618965e-08,0.06927491327126821,600,5.3019934966869187e-06,2.3198624453055045e-06,4,20,7.262066901603248e-06,0,228.902099609375
129,3.06124950676719e-09,4.2294964111490851e-06,7.4320212206657743e-09,0.06927491327126821,600,-5.30370243723155e-06,2.3198624453055045e-06,4,20,7.262066901603248e-06,0,0
130,3.0602494706317463e-09,1.7517327614178729e-06,9.5459554927401769e-08,0.069274913072586056,600,5.2816517381870653e-06,2.3038685321807863e-06,4,20,7.2583038672746625e-06,0,228.90211486816406
131,3.0945779949915505e-09,1.7517327614178729e-06,7.4809847205870028e-09,0.069274913072586056,600,-5.2787140703003388e-06,2.3038685321807863e-06,4,20,7.2583038672746625e-06,0,0
132,3.0915856960528467e-09,7.8653828939975031e-07,9.5873531336110318e-08,0.069274913668632504,600,5.3035523706057575e-06,2.3159881432851158e-06,4,20,7.2526595431554597e-06,0,228.90216064453125
133,3.0622203440339229e-09,7.8653828939975031e-07,7.4640027492023364e-09,0.069274913668632504,600,-5.304571459419094e-06,2.3159881432851158e-06,4,20,7.2526595431554597e-06,0,0
134,3.0751186571551396e-09,4.0293994422225328e-07,9.5623036600045452e-08,0.069274913469950364,600,5.2895416047249455e-06,2.3053586482764863e-06,4,20,7.2666553023736924e-06,0,228.902099609375
135,3.1064185795628747e-09,4.0293994422225328e-07,7.4486692369646335e-09,0.069274913469950364,600,-5.2904615586157888e-06,2.3053586482764863e-06,4,20,7.2666553023736924e-06,0,0
136,3.0517296559300136e-09,2.4084992985051367e-07,9.5422876711381832e-08,0.069274913469950364,600,5.2784521358262282e-06,2.3325781027475992e-06,4,20,7.2126363193092402e-06,0,228.90213012695312
137,3.1003015213210069e-09,2.4084992985051367e-07,7.4548864859025343e-09,0.069274913469950364,600,-5.2780792429985013e-06,2.3325781027475992e-06,4,20,7.2126363193092402e-06,0,0
138,3.1054830162620189e-09,1.647591603559212e-07,9.57917194455149e-08,0.069274914860725401,600,5.3002095228293911e-06,2.3140509923299152e-06,4,20,7.2933498813654296e-06,0,228.902099609375
139,3.0550263525653402e-09,1.647591603559212e-07,7.5158297363486781e-09,0.069274914860725401,600,-5.296552899380913e-06,2.3140509923299152e-06,4,20,7.2933498813654296e-06,0,0
140,3.0954384882281472e-09,1.2429257419147146e-07,9.585975391246393e-08,0.06927491327126821,600,5.3006351663498208e-06,2.3135046164194742e-06,4,20,7.2931557042466011e-06,0,228.90213012695312
141,3.053254912491622e-09,1.2429257419147146e-07,7.509029842367454e-09,0.06927491327126821,600,-5.301043074723566e-06,2.3135046164194742e-06,4,20,7.2931557042466011e-06,0,0
142,3.0963272421922994e-09,9.9824911362046793e-08,9.5800075428087439e-08,0.069274914463361106,600,5.2974623940826859e-06,2.3189187049865723e-06,4,20,7.2612406256666873e-06,0,228.90211486816406
143,3.0616199366022838e-09,9.9824911362046793e-08,7.4389561177667929e-09,0.069274914463361106,600,-5.3016669880889822e-06,2.3189187049865723e-06,4,20,7.2612406256666873e-06,0,0
144,3.0383436315180902e-09,8.360299442758954e-08,9.5472380223782238e-08,0.069274913072586056,600,5.2820050768787041e-06,2.324432134628296e-06,4,20,7.2098191594704986e-06,0,228.90213012695312
145,3.0921374365785384e-09,8.360299442758954e-08,7.4620487566789961e-09,0.069274913072586056,600,-5.2806194617005531e-06,2.324432134628296e-06,4,20,7.2098191594704986e-06,0,0
146,3.0570240001644744e-09,7.1125859692461719e-08,9.5755297024879837e-08,0.069274914264678952,600,5.2975947255617939e-06,2.3228426774698125e-06,4,20,7.2117991294362582e-06,0,228.90213012695312
147,3.1115389174140481e-09,7.1125859692461719e-08,7.4528756499603332e-09,0.069274914264678952,600,-5.2981449698563665e-06,2.3228426774698125e-06,4,20,7.2117991294362582e-06,0,0
148,3.1204326715771603e-09,6.1304560820312655e-08,9.6029246776652144e-08,0.069274915059407555,600,5.3145818128541578e-06,2.3213028907775879e-06,4,20,7.3018604780372698e-06,0,228.90213012695312
149,3.0723948290691412e-09,6.1304560820312655e-08,7.4604074029593903e-09,0.069274915059407555,600,-5.3141302487347275e-06,2.3213028907775879e-06,4,20,7.3018604780372698e-06,0,0
150,3.0880896110547173e-09,5.3037683716288425e-08,9.5674245415011683e-08,0.069274909993012751,600,5.2928298828192055e-06,2.3118654886881512e-06,4,20,7.2935908974613994e-06,0,228.90214538574219
151,3.0452356908604293e-09,5.3037683716288425e-08,7.4459336474319571e-09,0.069274909993012751,600,-5.2936984502593987e-06,2.3118654886881512e-06,4,20,7.2935908974613994e-06,0,0
152,3.0461911429034279e-09,4.5798050429740849e-08,9.5710618097655242e-08,0.069274913867314658,600,5.2958807827963028e-06,2.3016830285390219e-06,4,20,7.2807124524842948e-06,0,228.90213012695312
153,3.1121284790725096e-09,4.5798050429740849e-08,7.4490174029051559e-09,0.069274913867314658,600,-5.295695700624492e-06,2.3016830285390219e-06,4,20,7.2807124524842948e-06,0,0
154,3.0973938531601701e-09,3.9911852019492881e-08,9.5794440824192861e-08,0.069274915059407555,600,5.3007252063252963e-06,2.3134052753448486e-06,4,20,7.2905654633359518e-06,0,228.90213012695312
155,3.0542352927294167e-09,3.9911852019492881e-08,7.4583894615898316e-09,0.069274915059407555,600,-5.3001626838522498e-06,2.3134052753448486e-06,4,20,7.2905654633359518e-06,0,0
156,3.0962034714885778e-09,3.4713584381215372e-08,9.5801489408131602e-08,0.069274914065996812,600,5.3005855988885742e-06,2.3116171360015868e-06,4,20,7.2956490839715116e-06,0,228.90214538574219
157,3.0563069463250951e-09,3.4713584381215372e-08,7.4488823997853615e-09,0.069274914065996812,600,-5.3011563068139367e-06,2.3116171360015868e-06,4,20,7.2956490839715116e-06,0,0
158,3.1067040256829899e-09,3.0553033377186527e-08,9.5712287873084279e-08,0.069274913867314658,600,5.295803930494003e-06,2.310723066329956e-06,4,20,7.2918214755191002e-06,0,228.90211486816406
159,3.073919289747293e-09,3.0553033377186527e-08,7.4621127055252146e-09,0.069274913867314658,600,-5.2950103963667061e-06,2.310723066329956e-06,4,20,7.2918214755191002e-06,0,0
160,3.0317403244170066e-09,2.6721484393643501e-08,9.5473261296774581e-08,0.06927491327126821,600,5.2806685744144488e-06,2.299696207046509e-06,4,20,7.2830380304367281e-06,0,228.90213012695312
161,3.0972251492804486e-09,2.6721484393643501e-08,7.4841892683252809e-09,0.06927491327126821,600,-5.2793438953813165e-06,2.299696207046509e-06,4,20,7.2830380304367281e-06,0,0
162,3.0930241925254432e-09,2.377255786923227e-08,9.5736382377253904e-08,0.069274913668632504,600,5.2951313591620419e-06,2.3102263609568277e-06,4,20,7.2860848376876675e-06,0,228.90213012695312
163,3.049208596445825e-09,2.377255786923227e-08,7.4544885819705087e-09,0.069274913668632504,600,-5.296913514030166e-06,2.3102263609568277e-06,4,20,7.2860848376876675e-06,0,0
164,3.0770423145215215e-09,2.0976584031564858e-08,9.5381473386169091e-08,0.069274913668632504,600,5.2756186050828546e-06,2.3134549458821614e-06,4,20,7.2792499850038439e-06,0,228.90213012695312
165,3.0279987396400003e-09,2.0976584031564858e-08,7.4763377710951318e-09,0.069274913668632504,600,-5.2743080232175998e-06,2.3134549458821614e-06,4,20,7.2792499850038439e-06,0,0
166,3.0602279698480181e-09,1.8697143575783568e-08,9.5768065477841446e-08,0.06927491327126821,600,5.2975033213442657e-06,2.3180246353149414e-06,4,20,7.2980083132279105e-06,0,228.90216064453125
167,3.1076615291964093e-09,1.8697143575783568e-08,7.4275021688663401e-09,0.06927491327126821,600,-5.3004337132733781e-06,2.3180246353149414e-06,4,20,7.2980083132279105e-06,0,0
168,3.0548434627345337e-09,1.6647746337761005e-08,9.5770111840920435e-08,0.06927491327126821,600,5.3005564950581174e-06,2.3094316323598224e-06,4,20,7.294534043467138e-06,0,228.90214538574219
169,3.1194813478490604e-09,1.6647746337761005e-08,7.4745258871189435e-09,0.06927491327126821,600,-5.2977347877458669e-06,2.3094316323598224e-06,4,20,7.294534043467138e-06,0,0
170,3.0830219114489425e-09,1.5265849071554949e-08,9.6068461630238744e-08,0.069274912476539607,600,5.3156359172135126e-06,2.3205578327178954e-06,4,20,7.3033470471273176e-06,0,228.90216064453125
171,3.1244857412584551e-09,1.5265849071554949e-08,7.4969150887227443e-09,0.069274912476539607,600,-5.314292593538994e-06,2.3205578327178954e-06,4,20,7.3033470471273176e-06,0,0
172,3.0553900447536212e-09,1.3697651401984545e-08,9.587980542846708e-08,0.069274910092353814,600,5.3029730224807281e-06,2.3085375626881919e-06,4,20,7.287039807124529e-06,0,228.90213012695312
173,3.1258806542504123e-09,1.3697651401984545e-08,7.4639245895014028e-09,0.069274910092353814,600,-5.3049525376991369e-06,2.3085375626881919e-06,4,20,7.287039807124529e-06,0,0
174,3.1200708539844837e-09,1.2347116514899277e-08,9.6106347768909473e-08,0.069274915059407555,600,5.3185449360171333e-06,2.3229420185089109e-06,4,20,7.3122482717735693e-06,0,228.90213012695312
175,3.075685003553973e-09,1.2347116514899277e-08,7.4833081953329383e-09,0.069274915059407555,600,-5.3173821470409166e-06,2.3229420185089109e-06,4,20,7.3122482717735693e-06,0,0
176,3.1093335310681051e-09,1.1174808071020223e-08,9.6013792472149362e-08,0.069274909993012751,600,5.3118287723918911e-06,2.3165345191955568e-06,4,20,7.3016917667700909e-06,0,228.90214538574219
177,3.0665339266581321e-09,1.1174808071020223e-08,7.4420825058041373e-09,0.069274909993012751,600,-5.3143021432333626e-06,2.3165345191955568e-06,4,20,7.3016917667700909e-06,0,0
178,3.1042105951438155e-09,1.0286939820047214e-08,9.5909044262043608e-08,0.069274909794330597,600,5.3080175348441117e-06,2.3195147514343261e-06,4,20,7.2995517257368192e-06,0,228.90214538574219
179,3.0622090052109095e-09,1.0286939820047214e-08,7.4856529863609467e-09,0.069274909794330597,600,-5.3054031923238654e-06,2.3195147514343261e-06,4,20,7.2995517257368192e-06,0,0
180,3.0988947468207873e-09,9.5335347341659674e-09,9.5899345353700483e-08,0.069274913668632504,600,5.3048211157147307e-06,2.3173789183298749e-06,4,20,7.2950952016981319e-06,0,228.90214538574219
181,3.0579474783486482e-09,9.5335347341659674e-09,7.4788744086617953e-09,0.069274913668632504,600,-5.3052281145937741e-06,2.3173789183298749e-06,4,20,7.2950952016981319e-06,0,0
182,3.1077430500638116e-09,8.8902536082504685e-09,9.5999126870083273e-08,0.069274914065996812,600,5.3112148634681944e-06,2.3178259531656899e-06,4,20,7.3010851338040084e-06,0,228.90213012695312
183,3.0686627251003875e-09,8.8902536082504685e-09,7.4361139468237525e-09,0.069274914065996812,600,-5.3137805480218958e-06,2.3178259531656899e-06,4,20,7.3010851338040084e-06,0,0
184,3.1086560186788068e-09,8.2450347049960665e-09,9.5978897718396183e-08,0.069274909794330597,600,5.3125668273423798e-06,2.3188690344492596e-06,4,20,7.2923890002130065e-06,0,228.90213012695312
185,3.067065750126948e-09,8.2450347049960665e-09,7.4469284072620212e-09,0.069274909794330597,600,-5.3119179028726649e-06,2.3188690344492596e-06,4,20,7.2923890002130065e-06,0,0
186,3.1158199965143652e-09,7.7818391768451002e-09,9.6091696377698099e-08,0.069274914264678952,600,5.3186859076959081e-06,2.3203094800313315e-06,4,20,7.2987863859452773e-06,0,228.90214538574219
187,3.0761096664273892e-09,7.7818391768451002e-09,7.4364479019095597e-09,0.069274914264678952,600,-5.3193148232821841e-06,2.3203094800313315e-06,4,20,7.2987863859452773e-06,0,0
188,3.1026515934374711e-09,7.2236188858074393e-09,9.5563407853660465e-08,0.069274910092353814,600,5.287617113935994e-06,2.3224453131357827e-06,4,20,7.2829843702493235e-06,0,228.90213012695312
189,3.0402465397942996e-09,7.2236188858074393e-09,7.496225862269057e-09,0.069274910092353814,600,-5.2840305215795524e-06,2.3224453131357827e-06,4,20,7.2829843702493235e-06,0,0
190,3.123448560485683e-09,6.7878069563642207e-09,9.6204011867939698e-08,0.069274914065996812,600,5.3224666771711782e-06,2.3293991883595783e-06,4,20,7.3128876465489157e-06,0,228.90214538574219
191,3.0855931731068769e-09,6.7878069563642207e-09,7.4470136723903124e-09,0.069274914065996812,600,-5.3254198064678349e-06,2.3293991883595783e-06,4,20,7.3128876465489157e-06,0,0
192,3.0975188257393757e-09,6.2440208307976675e-09,9.5879187256286968e-08,0.069274910191694891,600,5.3059302445035428e-06,2.3132065931955975e-06,4,20,7.2982293204404414e-06,0,228.90213012695312
193,3.0559471909754594e-09,6.2440208307976675e-09,7.4568902164173778e-09,0.069274910191694891,600,-5.3053377087053377e-06,2.3132065931955975e-06,4,20,7.2982293204404414e-06,0,0
194,3.0404507943336656e-09,5.8702656267307006e-09,9.5597741278652393e-08,0.069274913867314658,600,5.2884506658301689e-06,2.3008386294047038e-06,4,20,7.285405899892794e-06,0,228.90213012695312
195,3.1118631369695245e-09,5.8702656267307006e-09,7.4060295673916698e-09,0.069274913867314658,600,-5.2915024753019679e-06,2.3008386294047038e-06,4,20,7.285405899892794e-06,0,0
196,3.0632163927640893e-09,5.5065606348193935e-09,9.5902940699943429e-08,0.069274913469950364,600,5.3098142416274641e-06,2.2999445597330729e-06,4,20,7.2895295488706324e-06,0,228.902099609375
197,3.1266615614770794e-09,5.5065606348193935e-09,7.463761164672178e-09,0.069274913469950364,600,-5.3063504310557619e-06,2.2999445597330729e-06,4,20,7.2895295488706324e-06,0,0
198,3.0419598974415904e-09,5.228124844555947e-09,9.5615561690465256e-08,0.069274913469950364,600,5.2891077757521998e-06,2.298504114151001e-06,4,20,7.2921998253150377e-06,0,228.90213012695312
199,3.1103820180238416e-09,5.228124844555947e-09,7.4257542337363702e-09,0.069274913469950364,600,-5.2913883337168954e-06,2.298504114151001e-06,4,20,7.2921998253150377e-06,0,0
200,3.049518763895059e-09,5.0204516932244739e-09,9.567914105446107e-08,0.069274913668632504,600,5.2952027544961311e-06,2.3010373115539549e-06,4,20,7.2871152951847762e-06,0,228.902099609375
201,3.1161822307185355e-09,5.0204516932244739e-09,7.4524280080368044e-09,0.069274913668632504,600,-5.2936024985683616e-06,2.3010373115539549e-06,4,20,7.2871152951847762e-06,0,0
202,3.0458975078255633e-09,4.8518289961602676e-09,9.5666209176670236e-08,0.069274912675221761,600,5.2928266995877493e-06,2.299596865971883e-06,4,20,7.2893885771918576e-06,0,228.90213012695312
203,3.1116827272549252e-09,4.8518289961602676e-09,7.4521366855151427e-09,0.069274912675221761,600,-5.292843979987083e-06,2.299596865971883e-06,4,20,7.2893885771918576e-06,0,0
204,3.0486274443045451e-09,4.7158769255078144e-09,9.5705573244231346e-08,0.069274913668632504,600,5.2952059377275873e-06,2.3000439008076984e-06,4,20,7.2862312663346529e-06,0,228.90213012695312
205,3.1152628891914633e-09,4.7158769255078144e-09,7.4526624871396052e-09,0.069274913668632504,600,-5.2951745601603761e-06,2.3000439008076984e-06,4,20,7.2862312663346529e-06,0,0
206,3.0531144110267297e-09,4.5910185283733179e-09,9.5772215047418285e-08,0.069274913668632504,600,5.2991726988693699e-06,2.3008386294047038e-06,4,20,7.2890115916379727e-06,0,228.902099609375
207,3.1197131417789686e-09,4.5910185283733179e-09,7.4514403536340978e-09,0.069274913668632504,600,-5.2992463679402135e-06,2.3008386294047038e-06,4,20,7.2890115916379727e-06,0,0
208,3.0464489735472765e-09,4.496771110942766e-09,9.5705054548034241e-08,0.069274913668632504,600,5.2952163969166577e-06,2.3005902767181394e-06,4,20,7.2911484494397882e-06,0,228.90213012695312
209,3.1113341025360306e-09,4.496771110942766e-09,7.4909252134602866e-09,0.069274913668632504,600,-5.2928476179658901e-06,2.3005902767181394e-06,4,20,7.2911484494397882e-06,0,0
210,3.0434529600080623e-09,4.4091175743076405e-09,9.5682374023908778e-08,0.069274913867314658,600,5.2914865591446869e-06,2.2972623507181802e-06,4,20,7.278989414771786e-06,0,228.902099609375
211,3.1123493281062097e-09,4.4091175743076405e-09,7.4546804285091639e-09,0.069274913867314658,600,-5.293661160976626e-06,2.2972623507181802e-06,4,20,7.278989414771786e-06,0,0
212,3.0429814826666927e-09,4.3465284220056688e-09,9.5623761353635928e-08,0.069274913867314658,600,5.290144599712221e-06,2.3026764392852783e-06,4,20,7.2802076829248108e-06,0,228.90213012695312
213,3.1098354755981884e-09,4.3465284220056688e-09,7.4552914952619176e-09,0.069274913867314658,600,-5.2901077651767991e-06,2.3026764392852783e-06,4,20,7.2802076829248108e-06,0,0
214,3.047542514333676e-09,4.3168184113562442e-09,9.5708564629148896e-08,0.069274913668632504,600,5.2951959332858678e-06,2.3000439008076984e-06,4,20,7.2886041380115785e-06,0,228.90213012695312
215,3.116548684576576e-09,4.3168184113562442e-09,7.4469710398261668e-09,0.069274913668632504,600,-5.2956952458771411e-06,2.3000439008076984e-06,4,20,7.2886041380115785e-06,0,0
216,3.0874266481371075e-09,4.2311456981415767e-09,9.5818180056994606e-08,0.069274912873903916,600,5.3022722568130121e-06,2.313653628031413e-06,4,20,7.2781103881425224e-06,0,228.90213012695312
217,3.055105437575511e-09,4.2311456981415767e-09,7.4638393243731116e-09,0.069274912873903916,600,-5.3012599892099388e-06,2.313653628031413e-06,4,20,7.2781103881425224e-06,0,0
218,3.044971301870114e-09,4.3636893688770975e-09,9.5721993886854762e-08,0.069274913668632504,600,5.2954887905798387e-06,2.2997955481211345e-06,4,20,7.2874649958976079e-06,0,228.90213012695312
219,3.1140085799293501e-09,4.3636893688770975e-09,7.4332362487439241e-09,0.069274913668632504,600,-5.2973250603827182e-06,2.2997955481211345e-06,4,20,7.2874649958976079e-06,0,0
220,3.0993979981119826e-09,4.1399662520981512e-09,9.6004782790259924e-08,0.069274913469950364,600,5.314292593538994e-06,2.3151437441507976e-06,4,20,7.2731709224171937e-06,0,228.90213012695312
221,3.0687561659820965e-09,4.1399662520981512e-09,7.4302661801084469e-09,0.069274913469950364,600,-5.3144708545005415e-06,2.3151437441507976e-06,4,20,7.2731709224171937e-06,0,0
222,3.0582974254748018e-09,4.1590458993262895e-09,9.5909676645078434e-08,0.069274909794330597,600,5.3087642299942672e-06,2.2990008195241292e-06,4,20,7.2892216849140823e-06,0,228.90211486816406
223,3.1219980949725493e-09,4.1590458993262895e-09,7.4704686880977533e-09,0.069274909794330597,600,-5.3063522500451654e-06,2.2990008195241292e-06,4,20,7.2892216849140823e-06,0,0
224,3.0876294359617576e-09,3.9796429774300654e-09,9.5847219938605122e-08,0.069274913469950364,600,5.3026046771265101e-06,2.3127098878224693e-06,4,20,7.2784869189490564e-06,0,228.90213012695312
225,3.0583731235392295e-09,3.9796429774300654e-09,7.4589650012057973e-09,0.069274913469950364,600,-5.3032949836051557e-06,2.3127098878224693e-06,4,20,7.2784869189490564e-06,0,0
226,3.0673076837559007e-09,3.8605168542078848e-09,9.5583594372783409e-08,0.069274913469950364,600,5.2874775064992718e-06,2.314200003941854e-06,4,20,7.2717552939138841e-06,0,228.90213012695312
227,3.0406064060602469e-09,3.8605168542078848e-09,7.4145916073575791e-09,0.069274913469950364,600,-5.2901400522387121e-06,2.314200003941854e-06,4,20,7.2717552939138841e-06,0,0
228,3.0712807115329086e-09,3.7758748355002071e-09,9.5561013324640953e-08,0.069274913668632504,600,5.2887849051330704e-06,2.3120641708374023e-06,4,20,7.2789375735737849e-06,0,228.90213012695312
229,3.0353621351940581e-09,3.7758748355002071e-09,7.4821713269557222e-09,0.069274913668632504,600,-5.2847303777525667e-06,2.3120641708374023e-06,4,20,7.2789375735737849e-06,0,0
230,3.0405224801245809e-09,3.7048528764158476e-09,9.5695966706443869e-08,0.069274913867314658,600,5.2928276090824511e-06,2.2984544436136882e-06,4,20,7.2865659603849053e-06,0,228.902099609375
231,3.1099831606623645e-09,3.7048528764158476e-09,7.4537283012432454e-09,0.069274913867314658,600,-5.2945338211429771e-06,2.2984544436136882e-06,4,20,7.2865659603849053e-06,0,0
232,3.0482133997217315e-09,3.6602892061604393e-09,9.5702141322817624e-08,0.069274913867314658,600,5.2949044402339496e-06,2.2981067498524983e-06,4,20,7.2908478614408523e-06,0,228.90213012695312
233,3.1154106726537062e-09,3.6602892061604393e-09,7.441464333624026e-09,0.069274913867314658,600,-5.2956402214476839e-06,2.2981067498524983e-06,4,20,7.2908478614408523e-06,0,0
234,3.0296691073533417e-09,3.6311223328511898e-09,9.5424368851126928e-08,0.069274913668632504,600,5.2789741857850458e-06,2.3012359937032064e-06,4,20,7.2849884418246802e-06,0,228.902099609375
235,3.0980408843271538e-09,3.6311223328511898e-09,7.4247097359148029e-09,0.069274913668632504,600,-5.2799791774305049e-06,2.3012359937032064e-06,4,20,7.2849884418246802e-06,0,0
236,3.0304067652654431e-09,3.6037535621827268e-09,9.5452122650385718e-08,0.069274913668632504,600,5.2816444622294512e-06,2.2998452186584473e-06,4,20,7.2898137659649365e-06,0,228.90211486816406
237,3.0938363825784412e-09,3.6037535621827268e-09,7.4718329301504127e-09,0.069274913668632504,600,-5.27881729794899e-06,2.2998452186584473e-06,4,20,7.2898137659649365e-06,0,0
238,3.0629658684077247e-09,3.5801993827592655e-09,9.5960139390172117e-08,0.069274913867314658,600,5.3092981033842079e-06,2.2984544436136882e-06,4,20,7.2899465521913953e-06,0,228.902099609375
239,3.1319008732334489e-09,3.5801993827592655e-09,7.4463173405092675e-09,0.069274913867314658,600,-5.3108292377146427e-06,2.2984544436136882e-06,4,20,7.2899465521913953e-06,0,0
240,3.1059940989828425e-09,3.587982134005793e-09,9.5990174031612696e-08,0.06927491466204326,600,5.3126309467188548e-06,2.3138523101806641e-06,4,20,7.295398972928524e-06,0,228.90216064453125
241,3.0874614669259712e-09,3.587982134005793e-09,7.4532451321829285e-09,0.06927491466204326,600,-5.3122153076401446e-06,2.3138523101806641e-06,4,20,7.295398972928524e-06,0,0
242,3.0594932544275127e-09,3.6178377845845117e-09,9.5915389408673946e-08,0.069274913668632504,600,5.3077283155289479e-06,2.2976100444793701e-06,4,20,7.2904658736661077e-06,0,228.902099609375
243,3.1278610018724944e-09,3.6178377845845117e-09,7.4345507528050803e-09,0.069274913668632504,600,-5.3088501772435848e-06,2.2976100444793701e-06,4,20,7.2904658736661077e-06,0,0
244,3.1011342467515477e-09,3.5826041422518105e-09,9.5877005890088185e-08,0.069274914860725401,600,5.3065468819113448e-06,2.311915159225464e-06,4,20,7.302776793949306e-06,0,228.90216064453125
245,3.0836360881911819e-09,3.5826041422518105e-09,7.428269555020961e-09,0.069274914860725401,600,-5.3069238674652297e-06,2.311915159225464e-06,4,20,7.302776793949306e-06,0,0
246,3.0449077300766631e-09,3.516083018763393e-09,9.5669555832955666e-08,0.06927491327126821,600,5.2944769777241163e-06,2.2994975248972574e-06,4,20,7.2845250542741269e-06,0,228.902099609375
247,3.1081982641611579e-09,3.516083018763393e-09,7.4738366606652562e-09,0.06927491327126821,600,-5.2917430366505869e-06,2.2994975248972574e-06,4,20,7.2845250542741269e-06,0,0
248,3.0648704882980456e-09,3.6178369771092203e-09,9.5948195166783989e-08,0.069274913867314658,600,5.3084613682585768e-06,2.2984544436136882e-06,4,20,7.2907600952021312e-06,0,228.902099609375
249,3.1326744055940904e-09,3.6178369771092203e-09,7.4653740966823534e-09,0.069274913867314658,600,-5.3089688663021661e-06,2.2984544436136882e-06,4,20,7.2907600952021312e-06,0,0
250,3.0467518690269629e-09,3.5308490579438097e-09,9.5674302258430544e-08,0.069274912675221761,600,5.2925352065358311e-06,2.2998948891957601e-06,4,20,7.2828593147278298e-06,0,228.90213012695312
251,3.1136742457531346e-09,3.5308490579438097e-09,7.4592207965906709e-09,0.069274912675221761,600,-5.2929044613847509e-06,2.2998948891957601e-06,4,20,7.2828593147278298e-06,0,0
252,3.0432443845070056e-09,3.4802175410511894e-09,9.5619753892606241e-08,0.069274913469950364,600,5.289631644700421e-06,2.3002922534942628e-06,4,20,7.2898742473626044e-06,0,228.90213012695312
253,3.1111087266932834e-09,3.4802175410511894e-09,7.4599881827452919e-09,0.069274913469950364,600,-5.2895857152179815e-06,2.3002922534942628e-06,4,20,7.2898742473626044e-06,0,0
254,3.1033080443736506e-09,3.46642396614644e-09,9.5964402646586677e-08,0.069274914065996812,600,5.3102644415048417e-06,2.3121138413747151e-06,4,20,7.2959810495376587e-06,0,228.90214538574219
255,3.0842865939802841e-09,3.46642396614644e-09,7.4614305844988849e-09,0.069274914065996812,600,-5.3101780395081732e-06,2.3121138413747151e-06,4,20,7.2959810495376587e-06,0,0
256,3.0491149790911282e-09,3.4167766118012059e-09,9.5759425278174604e-08,0.069274913867314658,600,5.2978793974034488e-06,2.2989014784495036e-06,4,20,7.2863681452872697e-06,0,228.90213012695312
257,3.118115073520844e-09,3.4167766118012059e-09,7.4512200853860122e-09,0.069274913867314658,600,-5.2984919420850929e-06,2.2989014784495036e-06,4,20,7.2863681452872697e-06,0,0
258,3.098227979173415e-09,3.4214164931108694e-09,9.5853870618611836e-08,0.06927491466204326,600,5.3041585488244891e-06,2.3120641708374023e-06,4,20,7.3004239311558194e-06,0,228.90214538574219
259,3.0748094639666757e-09,3.4214164931108694e-09,7.5225727869110415e-09,0.06927491466204326,600,-5.2998775572632439e-06,2.3120641708374023e-06,4,20,7.3004239311558194e-06,0,0
260,3.0343970151827e-09,3.3783977618853876e-09,9.5590948490098526e-08,0.069274913668632504,600,5.2841023716609925e-06,2.2963186105092365e-06,4,20,7.2800348789314739e-06,0,228.90213012695312
261,3.1050386139807332e-09,3.3783977618853876e-09,7.4476673717072117e-09,0.069274913668632504,600,-5.2885966397298034e-06,2.2963186105092365e-06,4,20,7.2800348789314739e-06,0,0
262,3.1034448211816761e-09,3.3984186154214991e-09,9.5991445903109707e-08,0.069274915059407555,600,5.312626399245346e-06,2.3120641708374023e-06,4,20,7.30457941244822e-06,0,228.90216064453125
263,3.0819961906240553e-09,3.3984186154214991e-09,7.5097261742484989e-09,0.069274915059407555,600,-5.3089029279362876e-06,2.3120641708374023e-06,4,20,7.30457941244822e-06,0,0
264,3.1057883589929064e-09,3.3821347585961549e-09,9.608103113123434e-08,0.069274915059407555,600,5.3142780416237656e-06,2.3080905278523765e-06,4,20,7.3003384386538528e-06,0,228.90214538574219
265,3.0928529364963768e-09,3.3821347585961549e-09,7.4538846206451126e-09,0.069274915059407555,600,-5.3176286201050971e-06,2.3080905278523765e-06,4,20,7.3003384386538528e-06,0,0
266,3.1071068253850868e-09,3.3803142485933645e-09,9.6007923389151983e-08,0.069274908900260931,600,5.3132421271584462e-06,2.3120641708374023e-06,4,20,7.2987008934433106e-06,0,228.90214538574219
267,3.0896665112757835e-09,3.3803142485933645e-09,7.4428569973861158e-09,0.069274908900260931,600,-5.313903784553986e-06,2.3120641708374023e-06,4,20,7.2987008934433106e-06,0,0
268,3.033979405875878e-09,3.3478680290630555e-09,9.55025853954794e-08,0.069274909794330597,600,5.283583504933631e-06,2.299696207046509e-06,4,20,7.2809270932339132e-06,0,228.90213012695312
269,3.0953536103757598e-09,3.3478680290630555e-09,7.5232264862279408e-09,0.069274909794330597,600,-5.278761364024831e-06,2.299696207046509e-06,4,20,7.2809270932339132e-06,0,0
270,3.0845099346367998e-09,3.3621354895695444e-09,9.5770509744852461e-08,0.069274915059407555,600,5.2948366828786675e-06,2.3071467876434328e-06,4,20,7.3017026807065122e-06,0,228.90214538574219
271,3.0701603375306627e-09,3.3621354895695444e-09,7.4701560492940189e-09,0.069274915059407555,600,-5.2980208238295745e-06,2.3071467876434328e-06,4,20,7.3017026807065122e-06,0,0
272,3.0995328587100692e-09,3.3630620310323689e-09,9.5953197387643741e-08,0.069274915059407555,600,5.3089820539753418e-06,2.3124118645985922e-06,4,20,7.2939747042255476e-06,0,228.90214538574219
273,3.0815925024279404e-09,3.3630620310323689e-09,7.4744335165632947e-09,0.069274915059407555,600,-5.3087255764694419e-06,2.3124118645985922e-06,4,20,7.2939747042255476e-06,0,0
274,3.0627684997240593e-09,3.3348641198375479e-09,9.5998643701022957e-08,0.069274913867314658,600,5.3114522415853571e-06,2.2989511489868164e-06,4,20,7.2887505666585639e-06,0,228.90211486816406
275,3.1321355635389177e-09,3.3348641198375479e-09,7.4304864483565325e-09,0.069274913867314658,600,-5.3140893214731477e-06,2.2989511489868164e-06,4,20,7.2887505666585639e-06,0,0
276,3.1039833376382913e-09,3.3547954691767947e-09,9.5943541111864761e-08,0.069274908900260931,600,5.3107828534848522e-06,2.3121138413747151e-06,4,20,7.2988204919965938e-06,0,228.90214538574219
277,3.0808050319007794e-09,3.3547954691767947e-09,7.5085040407429915e-09,0.069274908900260931,600,-5.3061021390021779e-06,2.3121138413747151e-06,4,20,7.2988204919965938e-06,0,0
278,3.0552496759988591e-09,3.3316828278659367e-09,9.5669022925903846e-08,0.06927491327126821,600,5.2896307352057192e-06,2.3049116134643556e-06,4,20,7.2748794082144741e-06,0,228.90213012695312
279,3.0955561332149962e-09,3.3316828278659367e-09,7.4321420129308535e-09,0.06927491327126821,600,-5.2942127695132513e-06,2.3049116134643556e-06,4,20,7.2748794082144741e-06,0,0
280,3.059744798244424e-09,3.3819301499200312e-09,9.588084282086129e-08,0.069274914860725401,600,5.3069215937284753e-06,2.3086369037628175e-06,4,20,7.2944849307532422e-06,0,228.90214538574219
281,3.1256578399428927e-09,3.3819301499200312e-09,7.4581620879143884e-09,0.069274914860725401,600,-5.305360446072882e-06,2.3086369037628175e-06,4,20,7.2944849307532422e-06,0,0
282,3.0393105700047317e-09,3.3393832150667635e-09,9.554775459719167e-08,0.069274914264678952,600,5.2853752094961237e-06,2.3014346758524576e-06,4,20,7.2807779361028224e-06,0,228.90213012695312
283,3.1035706563551249e-09,3.3393832150667635e-09,7.4772401603695471e-09,0.069274914264678952,600,-5.2842306104139425e-06,2.3014346758524576e-06,4,20,7.2807779361028224e-06,0,0
284,3.039607977280162e-09,3.3259813322399332e-09,9.5628841734196612e-08,0.069274914463361106,600,5.2890959523210768e-06,2.3022294044494629e-06,4,20,7.2840443863242399e-06,0,228.90213012695312
285,3.1101219293670763e-09,3.3259813322399332e-09,7.4390413828950841e-09,0.069274914463361106,600,-5.2913878789695445e-06,2.3022294044494629e-06,4,20,7.2840443863242399e-06,0,0
286,3.0313009962565052e-09,3.3146528447477195e-09,9.542679180185587e-08,0.069274914463361106,600,5.2792647693422623e-06,2.3012856642405192e-06,4,20,7.2869652285589837e-06,0,228.90213012695312
287,3.0979842929210336e-09,3.3146528447477195e-09,7.4533303973112197e-09,0.069274914463361106,600,-5.2784075705858413e-06,2.3012856642405192e-06,4,20,7.2869652285589837e-06,0,0
288,3.0683536741337074e-09,3.3078721980739508e-09,9.5399848021315847e-08,0.069274915655454003,600,5.2767909437534399e-06,2.3138026396433513e-06,4,20,7.2491593527956866e-06,0,228.90213012695312
289,3.07631038082835e-09,3.3078721980739508e-09,7.4531385507725645e-09,0.069274915655454003,600,-5.2768023124372121e-06,2.3138026396433513e-06,4,20,7.2491593527956866e-06,0,0
290,3.0536630323838924e-09,3.3230875481146411e-09,9.5790959164787637e-08,0.069274913867314658,600,5.3002690947323572e-06,2.3094316323598224e-06,4,20,7.2969760367413983e-06,0,228.902099609375
291,3.1198117245411852e-09,3.3230875481146411e-09,7.4517103598736867e-09,0.069274913867314658,600,-5.3003545872343238e-06,2.3094316323598224e-06,4,20,7.2969760367413983e-06,0,0
292,3.0544821151035601e-09,3.3189597937572061e-09,9.5820951173664071e-08,0.069274913867314658,600,5.3021540225017816e-06,2.3072957992553711e-06,4,20,7.2987918429134879e-06,0,228.90213012695312
293,3.1206214654416484e-09,3.3189597937572061e-09,7.4738863986567594e-09,0.069274913867314658,600,-5.3008234317530878e-06,2.3072957992553711e-06,4,20,7.2987918429134879e-06,0,0
294,3.0719394709316862e-09,3.315911880559223e-09,9.610369033907773e-08,0.069274913668632504,600,5.3177877816779073e-06,2.308189868927002e-06,4,20,7.2891975833044853e-06,0,228.90213012695312
295,3.1417766809832373e-09,3.315911880559223e-09,7.4346431233607291e-09,0.069274913668632504,600,-5.3201424634607974e-06,2.308189868927002e-06,4,20,7.2891975833044853e-06,0,0
296,3.0572033686673873e-09,3.3480040467919443e-09,9.5821185652766871e-08,0.069274910092353814,600,5.3031922107038554e-06,2.3086865743001303e-06,4,20,7.3025280471483711e-06,0,228.90213012695312
297,3.1236388864509183e-09,3.3480040467919443e-09,7.43541050951535e-09,0.069274910092353814,600,-5.3031462812214158e-06,2.3086865743001303e-06,4,20,7.3025280471483711e-06,0,0
298,3.0582254434873038e-09,3.3228153437761798e-09,9.5839176594836317e-08,0.069274913668632504,600,5.3042258514324203e-06,2.3104250431060793e-06,4,20,7.292394911928568e-06,0,228.902099609375
299,3.1225214596908842e-09,3.3228153437761798e-09,7.4843597985818633e-09,0.069274913668632504,600,-5.3012886382930446e-06,2.3104250431060793e-06,4,20,7.292394911928568e-06,0,0
300,3.0608387370946986e-09,3.297664576427017e-09,9.5644502096092765e-08,0.069274912873903916,600,5.2896084525855258e-06,2.3059546947479248e-06,4,20,7.2688862928771414e-06,0,228.90211486816406
301,3.1078988361364674e-09,3.297664576427017e-09,7.4546520067997335e-09,0.069274912873903916,600,-5.2913906074536499e-06,2.3059546947479248e-06,4,20,7.2688862928771414e-06,0,0
302,3.0786702482311352e-09,3.2967643042029533e-09,9.5849749470744428e-08,0.06927491327126821,600,5.3037056204630062e-06,2.3072461287180584e-06,4,20,7.2683969847275876e-06,0,228.90211486816406
303,3.1212415595780041e-09,3.2967643042029533e-09,7.4774675340449903e-09,0.06927491327126821,600,-5.3023368309368379e-06,2.3072461287180584e-06,4,20,7.2683969847275876e-06,0,0
304,3.0700851196396725e-09,3.3262555281862847e-09,9.5818023737592739e-08,0.069274913469950364,600,5.3004332585260272e-06,2.3160378138224285e-06,4,20,7.2753709901007824e-06,0,228.90213012695312
305,3.1065683450382066e-09,3.3262555281862847e-09,7.4347141776343051e-09,0.069274913469950364,600,-5.3029984883323777e-06,2.3160378138224285e-06,4,20,7.2753709901007824e-06,0,0
306,3.0534367355863331e-09,3.2961985140540201e-09,9.5763766694290098e-08,0.06927491327126821,600,5.2997429520473816e-06,2.3094813028971356e-06,4,20,7.2887437454483006e-06,0,228.90214538574219
307,3.1172259299888189e-09,3.2961985140540201e-09,7.4798194305003562e-09,0.06927491327126821,600,-5.2970367505622562e-06,2.3094813028971356e-06,4,20,7.2887437454483006e-06,0,0
308,3.1127853162228181e-09,3.2926461070747701e-09,9.5824795209864533e-08,0.069274913469950364,600,5.300698376231594e-06,2.3142993450164795e-06,4,20,7.2976349656528328e-06,0,228.90213012695312
309,3.0855213332876238e-09,3.2926461070747701e-09,7.4248944770261005e-09,0.069274913469950364,600,-5.3039939302834682e-06,2.3142993450164795e-06,4,20,7.2976349656528328e-06,0,0
310,3.0579609680528566e-09,3.2684988608352455e-09,9.5578002401452977e-08,0.069274912675221761,600,5.2891859922965523e-06,2.3085872332255047e-06,4,20,7.2638454184925649e-06,0,228.90214538574219
311,3.1031011626773222e-09,3.2684988608352455e-09,7.4318506904091919e-09,0.069274912675221761,600,-5.2887689889757894e-06,2.3085872332255047e-06,4,20,7.2638454184925649e-06,0,0
312,3.0600296506751607e-09,3.2612226508444448e-09,9.5574726799441123e-08,0.06927491327126821,600,5.2885720833728556e-06,2.3065507411956786e-06,4,20,7.2696307142905425e-06,0,228.90211486816406
313,3.1065277232645103e-09,3.2612226508444448e-09,7.4111099479523546e-09,0.06927491327126821,600,-5.2898167268722318e-06,2.3065507411956786e-06,4,20,7.2696307142905425e-06,0,0
314,3.0680760534221744e-09,3.2629212185170234e-09,9.5721716775187815e-08,0.06927491327126821,600,5.2986360969953239e-06,2.3086369037628175e-06,4,20,7.2647535489522852e-06,0,228.902099609375
315,3.1124227356747223e-09,3.2629212185170234e-09,7.409660440771404e-09,0.06927491327126821,600,-5.2987229537393432e-06,2.3086369037628175e-06,4,20,7.2647535489522852e-06,0,0
316,3.065618747962571e-09,3.2607047499677391e-09,9.5702958446963748e-08,0.06927491327126821,600,5.2975974540458992e-06,2.3095806439717612e-06,4,20,7.2681696110521443e-06,0,228.90213012695312
317,3.1058189251074801e-09,3.2607047499677391e-09,7.4568475838532322e-09,0.06927491327126821,600,-5.2947661970392801e-06,2.3095806439717612e-06,4,20,7.2681696110521443e-06,0,0
318,3.0663241385101361e-09,3.2582578655029612e-09,9.5727905602416286e-08,0.06927491327126821,600,5.2962632253183983e-06,2.3071467876434328e-06,4,20,7.2605885179655161e-06,0,228.90211486816406
319,3.1118584144418153e-09,3.2582578655029612e-09,7.4284756124143314e-09,0.06927491327126821,600,-5.2979653446527664e-06,2.3071467876434328e-06,4,20,7.2605885179655161e-06,0,0
320,3.0761113217736305e-09,3.2731214785027187e-09,9.5898059271348757e-08,0.069274913469950364,600,5.3081748774275184e-06,2.3149947325388589e-06,4,20,7.2809052653610706e-06,0,228.90213012695312
321,3.1070213447663057e-09,3.2731214785027187e-09,7.4759896051546093e-09,0.069274913469950364,600,-5.3053240662848111e-06,2.3149947325388589e-06,4,20,7.2809052653610706e-06,0,0
322,3.0522906866786808e-09,3.2666946713703057e-09,9.5782837661317899e-08,0.069274913867314658,600,5.2984105423092842e-06,2.3083388805389404e-06,4,20,7.2881671258073766e-06,0,228.90213012695312
323,3.1230772733581523e-09,3.2666946713703057e-09,7.4221659929207817e-09,0.069274913867314658,600,-5.3016401579952799e-06,2.3083388805389404e-06,4,20,7.2881671258073766e-06,0,0
324,3.1007027130182978e-09,3.2837108304432644e-09,9.5598821303610748e-08,0.069274913469950364,600,5.2905988923157565e-06,2.3168325424194334e-06,4,20,7.2960110628628172e-06,0,228.90213012695312
325,3.0672792649395609e-09,3.2837108304432644e-09,7.4714918696372479e-09,0.069274913469950364,600,-5.2876393965561874e-06,2.3168325424194334e-06,4,20,7.2960110628628172e-06,0,0
326,3.0645308655007755e-09,3.2650643010235471e-09,9.5721482296085014e-08,0.069274912675221761,600,5.294999027682934e-06,2.3068984349568685e-06,4,20,7.2739485403872095e-06,0,228.90214538574219
327,3.1140516797362734e-09,3.2650643010235471e-09,7.4249015824534581e-09,0.069274912675221761,600,-5.2977943596488331e-06,2.3068984349568685e-06,4,20,7.2739485403872095e-06,0,0
328,3.0554887894874673e-09,3.2681366610054606e-09,9.5550348078177194e-08,0.06927491327126821,600,5.2875266192131676e-06,2.3083885510762532e-06,4,20,7.2627135523362085e-06,0,228.90213012695312
329,3.0987221917557676e-09,3.2681366610054606e-09,7.4274808525842673e-09,0.06927491327126821,600,-5.2873715503665153e-06,2.3083885510762532e-06,4,20,7.2627135523362085e-06,0,0
330,3.0585427396035558e-09,3.2705283224788306e-09,9.5548145395696338e-08,0.06927491327126821,600,5.2872396736347582e-06,2.3093322912851968e-06,4,20,7.2663688115426339e-06,0,228.902099609375
331,3.1022884618771741e-09,3.2705283224788306e-09,7.4495432045296184e-09,0.06927491327126821,600,-5.2859159040963277e-06,2.3093322912851968e-06,4,20,7.2663688115426339e-06,0,0
332,3.0712111386459859e-09,3.2875968746471156e-09,9.5825797075121955e-08,0.069274913469950364,600,5.3025751185487024e-06,2.3171305656433105e-06,4,20,7.2819243541744072e-06,0,228.90213012695312
333,3.104565083145354e-09,3.2875968746471156e-09,7.4609332045838528e-09,0.069274913469950364,600,-5.3018916332803201e-06,2.3171305656433105e-06,4,20,7.2819243541744072e-06,0,0
334,3.0680239313809489e-09,3.2822243578681887e-09,9.6042342079272203e-08,0.069274913668632504,600,5.3148842198424973e-06,2.3097793261210123e-06,4,20,7.2904949774965644e-06,0,228.90213012695312
335,3.1353331157115239e-09,3.2822243578681887e-09,7.4528045956867572e-09,0.069274913668632504,600,-5.3153721637499984e-06,2.3097793261210123e-06,4,20,7.2904949774965644e-06,0,0
336,3.1151886049059398e-09,3.2912973753009105e-09,9.5838139202442107e-08,0.069274909893671674,600,5.3031199058750644e-06,2.3131072521209715e-06,4,20,7.2974085014720913e-06,0,228.90213012695312
337,3.0874028486088005e-09,3.2912973753009105e-09,7.4207804345860495e-09,0.069274909893671674,600,-5.3050412134325597e-06,2.3131072521209715e-06,4,20,7.2974085014720913e-06,0,0
338,3.0415114141209299e-09,3.2729740799196424e-09,9.5290438650863507e-08,0.069274912476539607,600,5.2721793508681003e-06,2.3083388805389404e-06,4,20,7.2608390837558545e-06,0,228.90213012695312
339,3.0831815756174587e-09,3.2729740799196424e-09,7.4595476462491206e-09,0.069274912476539607,600,-5.269853318168316e-06,2.3083388805389404e-06,4,20,7.2608390837558545e-06,0,0
340,3.0542214572323572e-09,3.2704773616898372e-09,9.5557545876090444e-08,0.06927491327126821,600,5.2858795243082568e-06,2.3067494233449301e-06,4,20,7.2701514000073075e-06,0,228.902099609375
341,3.0967322444632511e-09,3.2704773616898372e-09,7.4840755814875592e-09,0.06927491327126821,600,-5.2844079618807882e-06,2.3067494233449301e-06,4,20,7.2701514000073075e-06,0,0
342,3.0733999719993036e-09,3.2704092580566153e-09,9.5816950818061741e-08,0.06927491327126821,600,5.2999721447122283e-06,2.3060540358225504e-06,4,20,7.2662505772314034e-06,0,228.902099609375
343,3.1154434670000861e-09,3.2704092580566153e-09,7.4872517075164069e-09,0.06927491327126821,600,-5.2997816055722069e-06,2.3060540358225504e-06,4,20,7.2662505772314034e-06,0,0
344,3.0623388057214325e-09,3.2713664726419887e-09,9.5740581684822246e-08,0.06927491327126821,600,5.2951995712646749e-06,2.3071467876434328e-06,4,20,7.2700859163887799e-06,0,228.90213012695312
345,3.1098669239852926e-09,3.2713664726419887e-09,7.4517103598736867e-09,0.06927491327126821,600,-5.2973318815929815e-06,2.3071467876434328e-06,4,20,7.2700859163887799e-06,0,0
346,3.0631939259131711e-09,3.2765734167473673e-09,9.5607340711012512e-08,0.06927491327126821,600,5.2893374231643975e-06,2.3089845975240074e-06,4,20,7.2635903052287176e-06,0,228.902099609375
347,3.1044225648107924e-09,3.2765734167473673e-09,7.4863280019599188e-09,0.06927491327126821,600,-5.287260592012899e-06,2.3089845975240074e-06,4,20,7.2635903052287176e-06,0,0
348,3.0558990012201657e-09,3.2902851477958105e-09,9.5628266194580647e-08,0.069274913469950364,600,5.2885161494486965e-06,2.3145973682403566e-06,4,20,7.2822117545001674e-06,0,228.90213012695312
349,3.0910434793314059e-09,3.2902851477958105e-09,7.4458839094404539e-09,0.069274913469950364,600,-5.2909426813130267e-06,2.3145973682403566e-06,4,20,7.2822117545001674e-06,0,0
350,3.1321667835713871e-09,3.3187263930499816e-09,9.6119066483879578e-08,0.069274913867314658,600,5.3203907555143815e-06,2.324432134628296e-06,4,20,7.3099163273582235e-06,0,228.90213012695312
351,3.1050134327640133e-09,3.3187263930499816e-09,7.4261876648051839e-09,0.069274913867314658,600,-5.3215726438793354e-06,2.324432134628296e-06,4,20,7.3099163273582235e-06,0,0
352,3.0566453507579671e-09,3.282843421193374e-09,9.5572850966618716e-08,0.069274909396966303,600,5.2887994570482988e-06,2.3084382216135659e-06,4,20,7.2721286414889619e-06,0,228.90214538574219
353,3.0876526475110158e-09,3.282843421193374e-09,7.4777020131477911e-09,0.069274909396966303,600,-5.2857085393043235e-06,2.3084382216135659e-06,4,20,7.2721286414889619e-06,0,0
354,3.1252771415195927e-09,3.3333759046110202e-09,9.6088520251669252e-08,0.069274913668632504,600,5.3166486395639367e-06,2.3249288400014243e-06,4,20,7.3107912612613291e-06,0,228.90216064453125
355,3.1001551641571208e-09,3.3333759046110202e-09,7.4246884196327301e-09,0.069274913668632504,600,-5.3198295972833876e-06,2.3249288400014243e-06,4,20,7.3107912612613291e-06,0,0
356,3.0613860150292789e-09,3.2749924697764525e-09,9.5634923980014719e-08,0.069274909198284149,600,5.2926138778275345e-06,2.3026764392852783e-06,4,20,7.2574903242639266e-06,0,228.90211486816406
357,3.1038297107995798e-09,3.2749924697764525e-09,7.4392971782799577e-09,0.069274909198284149,600,-5.2917371249350253e-06,2.3026764392852783e-06,4,20,7.2574903242639266e-06,0,0
358,3.0544605306881025e-09,3.2704109962064558e-09,9.551508384220142e-08,0.06927491327126821,600,5.2845471145701595e-06,2.3017326990763347e-06,4,20,7.2568054747534916e-06,0,228.90214538574219
359,3.0992473274596588e-09,3.2704109962064558e-09,7.4444841402510065e-09,0.06927491327126821,600,-5.2842356126348022e-06,2.3017326990763347e-06,4,20,7.2568054747534916e-06,0,0
360,3.0726844553916219e-09,3.3099012210046716e-09,9.5697707536146481e-08,0.06927491327126821,600,5.2951932048017625e-06,2.3211042086164944e-06,4,20,7.282730166480178e-06,0,228.90214538574219
