name,step,dt,CFL_sum,min_fraction,max_fraction,min_mass,fine_mass_norm,dual_mass_norm,combination_mass_norm,mass_budget_norm,px_budget_norm,py_budget_norm,common_x_error,common_y_error,kinetic_before,kinetic_after,combination_energy_norm,full_step_energy_growth_norm,advector_bytes_unchanged,status
common_comotion_ratio_1,0,0.028735632183908046,0.40000000000000002,0,1,0.001736111111111111,0,0,0,0,0,0,5.5511151231257827e-17,0,0.090500000000000497,0.090500000000000497,-4.3021142204224816e-16,0,1,PASS
common_comotion_ratio_1,1,0.028735632183908046,0.40000000000000002,0,1,0.001736111111111111,0,0,0,0,0,0,5.5511151231257827e-17,0,0.090500000000000497,0.090500000000000497,-4.3021142204224816e-16,0,1,PASS
common_comotion_ratio_1,2,0.028735632183908046,0.40000000000000002,0,1,0.001736111111111111,0,0,0,0,0,0,5.5511151231257827e-17,0,0.090500000000000497,0.090500000000000497,-4.3021142204224816e-16,0,1,PASS
common_comotion_ratio_1,3,0.028735632183908046,0.40000000000000002,-2.7755575615628914e-17,1.0000000000000002,0.001736111111111111,0,0,0,0,0,0,5.5511151231257827e-17,0,0.090500000000000497,0.090500000000000497,-4.3021142204224816e-16,0,1,PASS
common_comotion_ratio_1,4,0.028735632183908046,0.40000000000000002,-3.1225022567582528e-17,1.0000000000000002,0.001736111111111111,0,0,0,0,0,0,5.5511151231257827e-17,0,0.090500000000000497,0.090500000000000497,-4.3021142204224816e-16,0,1,PASS
common_comotion_ratio_1,5,0.028735632183908046,0.40000000000000002,-1.8041124150158794e-16,1.0000000000000002,0.001736111111111111,0,0,0,0,0,0,5.5511151231257827e-17,0,0.090500000000000497,0.090500000000000497,-4.3021142204224816e-16,0,1,PASS
common_comotion_ratio_1,6,0.028735632183908046,0.40000000000000002,-1.8041124150158794e-16,1.0000000000000002,0.001736111111111111,0,0,0,0,0,0,5.5511151231257827e-17,0,0.090500000000000497,0.090500000000000497,-4.3021142204224816e-16,0,1,PASS
common_comotion_ratio_1,7,0.028735632183908046,0.40000000000000002,-1.8041124150158794e-16,1.0000000000000002,0.001736111111111111,0,0,0,0,0,0,5.5511151231257827e-17,0,0.090500000000000497,0.090500000000000497,-4.3021142204224816e-16,0,1,PASS
common_comotion_ratio_1,8,0.028735632183908046,0.40000000000000002,-1.8041124150158794e-16,1.0000000000000002,0.001736111111111111,0,0,0,0,0,0,5.5511151231257827e-17,0,0.090500000000000497,0.090500000000000497,-4.3021142204224816e-16,0,1,PASS
common_comotion_ratio_1,9,0.028735632183908046,0.40000000000000002,-1.8041124150158794e-16,1.0000000000000002,0.001736111111111111,0,0,0,0,0,0,5.5511151231257827e-17,0,0.090500000000000497,0.090500000000000497,-4.3021142204224816e-16,0,1,PASS
common_comotion_ratio_1,10,0.028735632183908046,0.40000000000000002,-1.8041124150158794e-16,1.0000000000000002,0.001736111111111111,0,0,0,0,0,0,5.5511151231257827e-17,0,0.090500000000000497,0.090500000000000497,-4.3021142204224816e-16,0,1,PASS
common_comotion_ratio_1,11,0.028735632183908046,0.40000000000000002,-1.8041124150158794e-16,1.0000000000000002,0.001736111111111111,0,0,0,0,0,0,5.5511151231257827e-17,0,0.090500000000000497,0.090500000000000497,-4.3021142204224816e-16,0,1,PASS
nonuniform_transport_snapshot_ratio_1,0,0.019841269841269792,0.39999999999999997,0,1,0.001736111111111111,0,1.2490009027033011e-16,0,0,1.5178830414797062e-18,2.3852447794681098e-18,0,0,0.047266237544850084,0.046320438535999056,-1.2407056708407804e-08,-0.00094579900885102819,1,PASS
nonuniform_transport_snapshot_ratio_1,1,0.019841269841269792,0.39999999999999997,0,1,0.001736111111111111,0,1.2490009027033011e-16,0,0,1.0842021724855044e-18,4.3368086899420177e-19,0,0,0.046320438535999056,0.045398417305580703,-1.1924450711575663e-08,-0.0009220212304183531,1,PASS
nonuniform_transport_snapshot_ratio_1,2,0.019841269841269792,0.39999999999999997,0,1,0.001736111111111111,0,1.2490009027033011e-16,0,0,1.5178830414797062e-18,1.0842021724855044e-18,0,0,0.045398417305580703,0.04449786063728535,-1.1452108941711892e-08,-0.00090055666829535336,1,PASS
nonuniform_transport_snapshot_ratio_1,3,0.019841269841269792,0.39999999999999997,0,1,0.001736111111111111,0,1.2490009027033011e-16,0,0,1.0842021724855044e-18,2.1684043449710089e-18,0,0,0.04449786063728535,0.043616712659114348,-1.0995483940012818e-08,-0.00088114797817100132,1,PASS
nonuniform_transport_snapshot_ratio_1,4,0.019841269841269792,0.39999999999999997,-8.6736173798840355e-19,1.0000000000000002,0.001736111111111111,0,1.2490009027033011e-16,0,0,6.5052130349130266e-19,6.9388939039072284e-18,0,0,0.043616712659114348,0.042753140697317817,-1.0559374791219156e-08,-0.00086357196179653178,1,PASS
nonuniform_transport_snapshot_ratio_1,5,0.019841269841269792,0.39999999999999997,-1.3877787807814457e-17,1.0000000000000002,0.001736111111111111,0,1.2490009027033011e-16,0,0,5.6378512969246231e-18,9.1072982488782372e-18,0,0,0.042753140697317817,0.041905508612460389,-1.0147880237509899e-08,-0.00084763208485742758,1,PASS
nonuniform_transport_snapshot_ratio_1,6,0.019841269841269792,0.39999999999999997,-1.4051260155412137e-16,1.0000000000000004,0.001736111111111111,0,1.2490009027033011e-16,0,0,5.6378512969246231e-18,3.4694469519536142e-18,0,0,0.041905508612460389,0.041072355770520298,-9.7643710200712164e-09,-0.00083315284194009076,1,PASS
nonuniform_transport_snapshot_ratio_1,7,0.019841269841269792,0.39999999999999997,-1.4051260155412137e-16,1.0000000000000007,0.001736111111111111,0,1.2490009027033011e-16,0,0,1.3010426069826053e-18,1.3010426069826053e-18,0,0,0.041072355770520298,0.040252380246711801,-9.4114812679291227e-09,-0.00081997552380849714,1,PASS
nonuniform_transport_snapshot_ratio_1,8,0.019841269841269792,0.39999999999999997,-1.4051260155412137e-16,1.0000000000000009,0.001736111111111111,0,1.2490009027033011e-16,0,0,3.6862873864507151e-18,6.5052130349130266e-19,0,0,0.040252380246711801,0.039444425188713321,-9.0911180666841673e-09,-0.00080795505799848011,1,PASS
nonuniform_transport_snapshot_ratio_1,9,0.019841269841269792,0.39999999999999997,-1.4051260155412137e-16,1.0000000000000011,0.001736111111111111,0,1.2490009027033011e-16,0,0,3.7947076036992655e-18,6.5052130349130266e-19,0,0,0.039444425188713321,0.038647467514215245,-8.8044864107739151e-09,-0.00079695767449807636,1,PASS
nonuniform_transport_snapshot_ratio_1,10,0.019841269841269792,0.39999999999999997,-1.4051260155412137e-16,1.0000000000000013,0.001736111111111111,0,1.2490009027033011e-16,0,0,1.0842021724855044e-18,4.5536491244391186e-18,0,0,0.038647467514215245,0.03786060830861776,-8.5521272286115391e-09,-0.00078685920559748435,1,PASS
nonuniform_transport_snapshot_ratio_1,11,0.019841269841269792,0.39999999999999997,-1.6826817716975029e-16,1.0000000000000016,0.001736111111111111,0,1.2490009027033011e-16,0,0,9.8662397696180903e-18,1.0842021724855044e-18,0,0,0.03786060830861776,0.037083064438004076,-8.3339666487325381e-09,-0.00077754387061368391,1,PASS
common_comotion_ratio_1000,0,0.028735632183908046,0.40000000000000002,0,1,0.001736111111111111,2.0384241417691607e-16,2.9968771626565362e-16,2.7739440301809066e-16,4.7010408430716205e-16,0,3.7309847960886178e-16,1.1102230246251565e-16,8.3266726846886741e-17,16.414437500000062,16.414437500000062,1.2986300671468761e-14,0,1,PASS
common_comotion_ratio_1000,1,0.028735632183908046,0.40000000000000002,0,1,0.001736111111111111,4.2830238747190422e-16,4.3430160521724626e-16,2.2855366824249449e-16,4.7010408430716205e-16,2.1175859653475857e-16,1.8654923980443089e-16,2.2204460492503131e-16,1.1102230246251565e-16,16.414437500000062,16.414437500000059,1.2986300671468765e-14,-2.1643834452447654e-16,1,PASS
common_comotion_ratio_1000,2,0.028735632183908046,0.40000000000000002,0,1,0.001736111111111111,2.6544722866682769e-16,3.1755978508057659e-16,3.2404661896399891e-16,4.7010408430716205e-16,2.1175859653475857e-16,1.8654923980443089e-16,2.2204460492503131e-16,1.1102230246251565e-16,16.414437500000059,16.414437500000066,1.2986300671468758e-14,4.3287668904895319e-16,1,PASS
common_comotion_ratio_1000,3,0.028735632183908046,0.40000000000000002,-2.7755575615628914e-17,1.0000000000000002,0.0017361111111109425,3.6223382127807958e-16,3.7193800693632437e-16,2.0630361154777311e-16,1.5670136143572067e-16,2.1175859653475857e-16,0,6.106226635438361e-15,5.5511151231257827e-16,16.414437500000066,16.414437500000055,1.2553423982419802e-14,-6.4931503357342953e-16,1,PASS
common_comotion_ratio_1000,4,0.028735632183908046,0.40000000000000002,-3.1225022567582528e-17,1.0000000000000002,0.0017361111111109666,3.0136211762560869e-16,3.4645255512225093e-16,4.8579588325299897e-16,4.7010408430716205e-16,2.1175859653475857e-16,1.8654923980443089e-16,9.4368957093138306e-16,5.2735593669694936e-16,16.414437500000055,16.414437500000048,1.2336985637895326e-14,-4.3287668904895329e-16,1,PASS
common_comotion_ratio_1000,5,0.028735632183908046,0.40000000000000002,-1.8041124150158794e-16,1.0000000000000002,0.001736111111110774,2.5926655626705645e-16,3.6938636938898038e-16,3.1026103255129652e-16,1.5670136143572067e-16,2.1175859653475857e-16,1.8654923980443089e-16,6.106226635438361e-16,4.163336342344337e-16,16.414437500000048,16.414437500000059,1.3202739015993247e-14,6.4931503357343022e-16,1,PASS
common_comotion_ratio_1000,6,0.028735632183908046,0.40000000000000002,-1.8041124150158794e-16,1.0000000000000002,0.0017361111111107981,2.9467940863342154e-16,3.0093955957859474e-16,3.0527113002272602e-16,3.1340272287144135e-16,0,1.8654923980443089e-16,4.4408920985006262e-16,4.7184478546569153e-16,16.414437500000059,16.414437500000059,1.2986300671468765e-14,0,1,PASS
common_comotion_ratio_1000,7,0.028735632183908046,0.40000000000000002,-1.8041124150158794e-16,1.0000000000000002,0.0017361111111107981,3.1732067306951865e-16,3.4143279480761832e-16,2.2658377179896612e-16,3.1340272287144135e-16,0,3.7309847960886178e-16,4.4408920985006262e-16,1.3877787807814457e-15,16.414437500000059,16.414437500000062,1.3852054049566691e-14,2.1643834452447659e-16,1,PASS
common_comotion_ratio_1000,8,0.028735632183908046,0.40000000000000002,-1.8041124150158794e-16,1.0000000000000002,0.0017361111111107981,4.2804988030758776e-16,3.4711289095019327e-16,3.0041389097532073e-16,1.5670136143572067e-16,0,5.5964771941329264e-16,1.5543122344752192e-15,7.7715611723760958e-16,16.414437500000062,16.414437500000059,1.4934245772189108e-14,-2.1643834452447654e-16,1,PASS
common_comotion_ratio_1000,9,0.028735632183908046,0.40000000000000002,-1.8041124150158794e-16,1.0000000000000002,0.0017361111111107981,3.6499535068655961e-16,2.8755398501788316e-16,2.4967541925841817e-16,3.1340272287144135e-16,2.1175859653475857e-16,1.8654923980443089e-16,1.4988010832439613e-15,6.3837823915946501e-16,16.414437500000059,16.414437500000059,1.5583560805762557e-14,0,1,PASS
common_comotion_ratio_1000,10,0.028735632183908046,0.40000000000000002,-1.8041124150158794e-16,1.0000000000000002,0.0017361111111107725,2.7346927276043441e-16,2.8315955895764119e-16,1.8997645657240884e-16,3.1340272287144135e-16,2.1175859653475857e-16,1.8654923980443089e-16,1.2212453270876722e-15,5.5511151231257827e-16,16.414437500000059,16.414437500000062,1.6232875839336004e-14,2.1643834452447659e-16,1,PASS
common_comotion_ratio_1000,11,0.028735632183908046,0.40000000000000002,-1.8041124150158794e-16,1.0000000000000002,0.0017361111111107981,3.8912875703152213e-16,3.3306475311847397e-16,3.3194507426777191e-16,1.5670136143572067e-16,2.1175859653475857e-16,0,1.3877787807814457e-15,4.7184478546569153e-16,16.414437500000062,16.414437500000062,1.6449314183860489e-14,0,1,PASS
nonuniform_transport_snapshot_ratio_1000,0,0.019841269841269792,0.39999999999999997,0,1,0.001736111111111111,3.413955438708312e-16,3.448412844815449e-16,2.550302939916611e-16,6.2680544574288269e-16,8.2702269457158437e-17,5.46383346850884e-17,0,0,9.0384895530164062,8.886721110068768,-1.3635465258641812e-06,-0.016791350153963359,1,PASS
nonuniform_transport_snapshot_ratio_1000,1,0.019841269841269792,0.39999999999999997,0,1,0.0017361111111110644,3.1926956079373744e-16,4.2925895737440416e-16,2.1153346857399379e-16,3.1340272287144135e-16,5.5134846304772287e-17,1.229362530414489e-16,0,0,8.886721110068768,8.7420171674755487,-3.9183571226087911e-07,-0.016283164600413517,1,PASS
nonuniform_transport_snapshot_ratio_1000,2,0.019841269841269792,0.39999999999999997,0,1,0.0017361111111110568,3.1747818212733542e-16,3.5899364077973352e-16,2.1698511046072144e-16,4.7010408430716205e-16,1.6540453891431687e-16,6.8297918356360504e-17,0,0,8.7420171674755487,8.6034974727939986,-3.0299025019432269e-07,-0.015845278272491742,1,PASS
nonuniform_transport_snapshot_ratio_1000,3,0.019841269841269792,0.39999999999999997,0,1,0.0017361111111110997,3.2781922091144561e-16,3.200036023998133e-16,2.0419086411452766e-16,4.7010408430716205e-16,5.5134846304772287e-17,6.8297918356360504e-17,0,0,8.6034974727939986,8.4700996701028863,-2.6102570529370554e-07,-0.015505066760691579,1,PASS
nonuniform_transport_snapshot_ratio_1000,4,0.019841269841269792,0.39999999999999997,-8.6736173798840355e-19,1.0000000000000002,0.0017361111111110178,3.8410256449125502e-16,3.5113713123210069e-16,2.177978712823571e-16,9.4020816861432409e-16,2.7567423152386144e-17,2.3221292241162568e-16,0,0,8.4700996701028863,8.3408870147861229,-2.7680717296480897e-07,-0.015255151692352382,1,PASS
nonuniform_transport_snapshot_ratio_1000,5,0.019841269841269792,0.39999999999999997,-1.3877787807814457e-17,1.0000000000000002,0.0017361111111110629,4.075846938652156e-16,4.6695868501928187e-16,2.4196258386312701e-16,4.7010408430716205e-16,5.5134846304772287e-17,1.5025542038399309e-16,0,0,8.3408870147861229,8.2163385880664244,-4.256257619084276e-07,-0.014932275967640863,1,PASS
nonuniform_transport_snapshot_ratio_1000,6,0.019841269841269792,0.39999999999999997,-1.4051260155412137e-16,1.0000000000000004,0.0017361111111108643,4.4098769987505948e-16,3.7449339917549129e-16,3.7470717717281116e-16,4.7010408430716205e-16,5.5134846304772287e-17,1.5025542038399309e-16,0,0,8.2163385880664244,8.0954884891729257,-3.4517399031015793e-07,-0.014708510073942638,1,PASS
nonuniform_transport_snapshot_ratio_1000,7,0.019841269841269792,0.39999999999999997,-1.4051260155412137e-16,1.0000000000000007,0.0017361111111108673,2.8966261061719627e-16,3.3023273942176958e-16,3.8637347573945294e-16,3.1340272287144135e-16,8.2702269457158437e-17,3.0051084076798619e-16,0,0,8.0954884891729257,7.9778986951995545,-3.0566859781474871e-07,-0.014525348795275077,1,PASS
nonuniform_transport_snapshot_ratio_1000,8,0.019841269841269792,0.39999999999999997,-1.4051260155412137e-16,1.0000000000000009,0.001736111111110807,2.6514435804427607e-16,3.8152414889513303e-16,1.8219997121696631e-16,6.2680544574288269e-16,0,6.8297918356360504e-17,0,0,7.9778986951995545,7.8640253383689318,-1.9792563706777121e-07,-0.014273602759476298,1,PASS
nonuniform_transport_snapshot_ratio_1000,9,0.019841269841269792,0.39999999999999997,-1.4051260155412137e-16,1.0000000000000011,0.0017361111111108673,2.814955036782896e-16,3.7545920355016441e-16,2.5752269475812213e-16,7.8350680717860344e-16,0,0,0,0,7.8640253383689318,7.751976038346637,-2.250033135808274e-07,-0.014248339139448254,1,PASS
nonuniform_transport_snapshot_ratio_1000,10,0.019841269841269792,0.39999999999999997,-1.4051260155412137e-16,1.0000000000000013,0.0017361111111108673,3.8487594854325419e-16,4.1718620050786281e-16,3.3992157477188881e-16,1.5670136143572067e-16,5.5134846304772287e-17,2.73191673425442e-17,0,0,7.751976038346637,7.6416144976496208,-2.3797858147608633e-07,-0.014236568863357118,1,PASS
nonuniform_transport_snapshot_ratio_1000,11,0.019841269841269792,0.39999999999999997,-1.6826817716975029e-16,1.0000000000000016,0.0017361111111108161,3.0920282181526948e-16,3.0246405801736604e-16,2.5640134886338854e-16,6.2680544574288269e-16,8.2702269457158437e-17,2.73191673425442e-17,0,0,7.6416144976496208,7.5330126420396866,-3.3039014838851082e-07,-0.014211899284285741,1,PASS
common_comotion_ratio_1000000,0,0.028735632183908046,0.40000000000000002,0,1,0.001736111111111111,4.383973146386048e-16,4.3539664601748719e-16,2.0048940352219614e-16,6.4475885621282015e-16,6.5347181372921816e-16,3.8378503346001836e-16,3.3306690738754696e-16,1.3877787807814457e-16,16340.351937500001,16340.3519375,-1.7477061537536697e-14,-1.1131886329641401e-16,1,PASS
common_comotion_ratio_1000000,1,0.028735632183908046,0.40000000000000002,0,1,0.001736111111111111,3.7932755856883912e-16,4.3952861755422607e-16,2.351484837799857e-16,1.2895177124256403e-15,4.3564787581947879e-16,0,1.6653345369377348e-16,1.1102230246251565e-16,16340.3519375,16340.351937499996,-1.7811018127425931e-14,-2.2263772659282802e-16,1,PASS
common_comotion_ratio_1000000,2,0.028735632183908046,0.40000000000000002,0,1,0.001736111111111111,3.315650937169187e-16,5.4419591303287997e-16,3.2515404940037867e-16,1.6118971405320504e-16,6.5347181372921816e-16,1.9189251673000918e-16,8.3266726846886741e-16,1.1102230246251565e-16,16340.351937499996,16340.351937499998,-1.7365742674240289e-14,1.1131886329641404e-16,1,PASS
common_comotion_ratio_1000000,3,0.028735632183908046,0.40000000000000002,-2.7755575615628914e-17,1.0000000000000002,0.0017361111109424575,2.6639502866178085e-16,4.2345243224681294e-16,3.0764197971984043e-16,1.6118971405320504e-16,4.3564787581947879e-16,0,3.4561242756581123e-13,3.7775338412870951e-13,16340.351937499998,16340.351937499998,-1.7143104947647466e-14,0,1,PASS
common_comotion_ratio_1000000,4,0.028735632183908046,0.40000000000000002,-3.1225022567582528e-17,1.0000000000000002,0.0017361111109665509,3.0135751200893175e-16,4.3150156265731733e-16,3.6201862679114178e-16,1.6118971405320504e-16,6.5347181372921816e-16,1.9189251673000918e-16,1.1082801343320625e-12,3.503863865716994e-13,16340.351937499998,16340.351937499996,-1.7588380400833112e-14,-1.1131886329641404e-16,1,PASS
common_comotion_ratio_1000000,5,0.028735632183908046,0.40000000000000002,-1.8041124150158794e-16,1.0000000000000002,0.001736111110773804,3.1074552893271403e-16,3.1617303486874968e-16,2.0181238109079755e-16,0,2.178239379097394e-16,3.8378503346001836e-16,2.1793677973391823e-13,2.8355096048926498e-13,16340.351937499996,16340.351937499996,-1.74770615375367e-14,0,1,PASS
common_comotion_ratio_1000000,6,0.028735632183908046,0.40000000000000002,-1.8041124150158794e-16,1.0000000000000002,0.0017361111107978974,2.864858731479808e-16,3.1026684665190889e-16,2.1209835596087263e-16,6.4475885621282015e-16,6.5347181372921816e-16,1.9189251673000918e-16,1.865174681370263e-13,4.6790349372827222e-13,16340.351937499996,16340.351937499996,-1.7365742674240289e-14,0,1,PASS
common_comotion_ratio_1000000,7,0.028735632183908046,0.40000000000000002,-1.8041124150158794e-16,1.0000000000000002,0.0017361111107978974,3.2394109966345098e-16,4.3989440444704606e-16,2.2865371797977174e-16,8.0594857026602517e-16,4.3564787581947879e-16,5.7567755019002749e-16,1.5909495942878493e-13,1.7001677843353491e-12,16340.351937499996,16340.351937499998,-1.7588380400833108e-14,1.1131886329641404e-16,1,PASS
common_comotion_ratio_1000000,8,0.028735632183908046,0.40000000000000002,-1.8041124150158794e-16,1.0000000000000002,0.0017361111107978974,3.1729471494628031e-16,3.8811776088862375e-16,2.1981921170477287e-16,1.2895177124256403e-15,4.3564787581947879e-16,5.7567755019002749e-16,5.6649129831498612e-13,8.505141035897168e-13,16340.351937499998,16340.351937499994,-1.8144974717315162e-14,-2.2263772659282807e-16,1,PASS
common_comotion_ratio_1000000,9,0.028735632183908046,0.40000000000000002,-1.8041124150158794e-16,1.0000000000000002,0.0017361111107978974,2.8043614852333199e-16,4.3931652082157235e-16,2.2789949463353877e-16,1.1283279983724353e-15,6.5347181372921816e-16,3.8378503346001836e-16,5.1092463593249704e-13,7.4065753530305756e-13,16340.351937499994,16340.351937499994,-1.7588380400833112e-14,0,1,PASS
common_comotion_ratio_1000000,10,0.028735632183908046,0.40000000000000002,-1.8041124150158794e-16,1.0000000000000002,0.0017361111107722981,2.9805069840503064e-16,3.0322140740939905e-16,2.3499507190510295e-16,1.4507074264788453e-15,2.178239379097394e-16,5.7567755019002749e-16,4.0484282592956333e-13,6.4234728647249995e-13,16340.351937499994,16340.351937499998,-1.7143104947647466e-14,2.2263772659282812e-16,1,PASS
common_comotion_ratio_1000000,11,0.028735632183908046,0.40000000000000002,-1.8041124150158794e-16,1.0000000000000002,0.0017361111107978974,2.7261297192864936e-16,2.7255867353055371e-16,3.8783884414401247e-16,1.6118971405320503e-15,2.178239379097394e-16,7.6757006692003671e-16,2.946642929657628e-12,5.5536131249311893e-13,16340.351937499998,16340.351937499996,-1.7365742674240289e-14,-1.1131886329641404e-16,1,PASS
nonuniform_transport_snapshot_ratio_1000000,0,0.019841269841269792,0.39999999999999997,0,1,0.001736111111111111,2.639689159633117e-16,3.6270993825543657e-16,2.6193421217639114e-16,1.2895177124256403e-15,5.6707919528474103e-17,5.6194494075344577e-17,0,0,9000.2618050245619,8849.5375002390592,-8.2408878214309398e-07,-0.016746657825148826,1,PASS
nonuniform_transport_snapshot_ratio_1000000,1,0.019841269841269792,0.39999999999999997,0,1,0.0017361111110644303,4.0058817893144831e-16,4.0987188600912729e-16,2.019060423686826e-16,1.1283279983724353e-15,1.4176979882118528e-16,1.4048623518836144e-17,0,0,8849.5375002390592,8705.5770448518597,-2.7319190659150635e-07,-0.016267568263687297,1,PASS
nonuniform_transport_snapshot_ratio_1000000,2,0.019841269841269792,0.39999999999999997,0,1,0.0017361111110569009,3.9594125148487964e-16,2.8196001023575507e-16,3.6180325004986596e-16,8.0594857026602517e-16,2.8353959764237051e-17,5.6194494075344577e-17,0,0,8705.5770448518597,8567.8691992680451,-2.4684995920593057e-07,-0.015818347810183316,1,PASS
nonuniform_transport_snapshot_ratio_1000000,3,0.019841269841269792,0.39999999999999997,0,1,0.0017361111110998171,3.5167584151393091e-16,4.7699181256209356e-16,3.4596874083416317e-16,1.1283279983724353e-15,1.7012375858542232e-16,2.2477797630137831e-16,0,0,8567.8691992680451,8435.29367944769,-2.269849756081285e-07,-0.015473569534847832,1,PASS
nonuniform_transport_snapshot_ratio_1000000,4,0.019841269841269792,0.39999999999999997,-8.6736173798840355e-19,1.0000000000000002,0.0017361111110177491,4.1771415598528015e-16,3.5187749238233037e-16,2.8577893945789037e-16,6.4475885621282015e-16,8.506187929271116e-17,3.0906971741439514e-16,0,0,8435.29367944769,8306.9671657133931,-2.6435489355819368e-07,-0.015213046351540806,1,PASS
nonuniform_transport_snapshot_ratio_1000000,5,0.019841269841269792,0.39999999999999997,-1.3877787807814457e-17,1.0000000000000002,0.0017361111110629243,3.9405310323509988e-16,3.6508359025895109e-16,2.3099478921296724e-16,1.6118971405320504e-16,1.9847771834965937e-16,2.1072935278254214e-16,0,0,8306.9671657133931,8183.274825285047,-3.7991241029307226e-07,-0.014890192528854613,1,PASS
nonuniform_transport_snapshot_ratio_1000000,6,0.019841269841269792,0.39999999999999997,-1.4051260155412137e-16,1.0000000000000004,0.001736111110864154,4.1695338582688674e-16,4.0985951840883058e-16,2.2066815783220772e-16,0,1.7012375858542232e-16,2.1072935278254214e-16,0,0,8183.274825285047,8063.2921713591522,-3.2762797613646425e-07,-0.014661936264827254,1,PASS
nonuniform_transport_snapshot_ratio_1000000,7,0.019841269841269792,0.39999999999999997,-1.4051260155412137e-16,1.0000000000000007,0.0017361111108671657,3.5836560316790111e-16,3.8214698703473902e-16,1.9882568171131913e-16,3.2237942810641008e-16,1.1341583905694821e-16,1.4048623518836144e-17,0,0,8063.2921713591522,7946.5585927862367,-3.6001407855906216e-07,-0.014477160952638395,1,PASS
nonuniform_transport_snapshot_ratio_1000000,8,0.019841269841269792,0.39999999999999997,-1.4051260155412137e-16,1.0000000000000009,0.0017361111108069325,3.4723294724967135e-16,4.2784817280518832e-16,1.9105446555664166e-16,3.2237942810641008e-16,1.9847771834965937e-16,2.5287522333905055e-16,0,0,7946.5585927862367,7833.495100550801,-1.9520958350442263e-07,-0.014227981951592599,1,PASS
nonuniform_transport_snapshot_ratio_1000000,9,0.019841269841269792,0.39999999999999997,-1.4051260155412137e-16,1.0000000000000011,0.0017361111108671657,4.3261511198303032e-16,4.3296980110959587e-16,2.7092298035886281e-16,6.4475885621282015e-16,1.9847771834965937e-16,9.8340364631853007e-17,0,0,7833.495100550801,7722.3058379471668,-1.8678677871429648e-07,-0.014194080825532925,1,PASS
nonuniform_transport_snapshot_ratio_1000000,10,0.019841269841269792,0.39999999999999997,-1.4051260155412137e-16,1.0000000000000013,0.0017361111108671657,3.6664501777219834e-16,4.1209709159194533e-16,3.8167292897200628e-16,1.6118971405320504e-16,1.7012375858542232e-16,1.1238898815068915e-16,0,0,7722.3058379471668,7612.7734196360998,-2.3105171461198585e-07,-0.014183900587416278,1,PASS
nonuniform_transport_snapshot_ratio_1000000,11,0.019841269841269792,0.39999999999999997,-1.6826817716975029e-16,1.0000000000000016,0.0017361111108159675,3.7661400774693184e-16,3.9162310666797581e-16,3.0916984863958662e-16,4.8356914215961514e-16,1.1341583905694821e-16,3.3716696445206744e-16,0,0,7612.7734196360998,7504.9563213966248,-3.8009245345056479e-07,-0.014162656931490382,1,PASS
