name,status,message
zero_mass,REJECTED,"Positive masses required; no zero/negative mass inversion or mass floor"
negative_mass,REJECTED,"Positive masses required; no zero/negative mass inversion or mass floor"
nonfinite_mass,REJECTED,"Nonfinite projection input"
nonfinite_velocity,REJECTED,"Nonfinite projection input"
nonfinite_rhs,REJECTED,"Nonfinite projection input"
nonfinite_operator,REJECTED,"Malformed/nonfinite or empty matrix"
structural_zero_row,REJECTED,"Zero/nonfinite constraint row requires explicit input classification"
dimension_mismatch,REJECTED,"Projection input dimensions disagree"
zero_body_inertia,REJECTED,"Positive finite body mass/inertia and finite centre required"
