step,y,vy,immersion,bfx,bfy,bfz,fluid_mass,fluid_ke,body_ke,fluid_step_ms,total_coupling_ms,executed,contact_caps,contact_relative_residual,acceleration_rejections,acceleration_boundary_declines,geometry_escapes,unresolved_geometry,geometry_candidates,max_geometry_escape_distance,pressure_reconstruction_samples,max_pressure_reconstruction_velocity_error,rms_pressure_reconstruction_velocity_error
0,0.70266044139862061,0.15962758660316467,1,-0.21052980422973633,2129.701904296875,0.95162820816040039,9250,20.452615737915039,1.3760209282984661,15.624537,18.55509,1,0,1.2539531191180231e-08,0,0,0,0,0,0,1776,0,0
1,0.70789450407028198,0.31404510140419006,1,-0.17912884056568146,2129.673095703125,0.93837976455688477,9250,20.452615737915039,5.3259077984965586,0,3.3107570000000002,0,0,0,0,0,0,0,0,0,0,0,0
2,0.71541929244995117,0.45148727297782898,1,3.7000250816345215,2052.313720703125,2.6584980487823486,9250,36.172870635986328,11.007739561665517,14.915366000000001,17.854548999999999,1,0,2.3845101893016363e-08,0,0,0,0,0,0,1776,0,0
3,0.72515761852264404,0.58429849147796631,1,3.713839054107666,2052.5849609375,2.6895351409912109,9250,36.172870635986328,18.436653938459926,0,2.7876319999999999,0,0,0,0,0,0,0,0,0,0,0,0
4,0.7369808554649353,0.70939528942108154,1,13.956028938293457,2031.9151611328125,-10.128092765808105,9250,72.223793029785156,27.176870404673309,15.475548,18.565957000000001,1,0,3.0439409215432534e-08,0,0,0,0,0,0,1776,0,0
5,0.75081497430801392,0.8300483226776123,1,13.963161468505859,2031.107421875,-10.469657897949219,9250,72.223793029785156,37.209042224940731,0,2.7134149999999999,0,0,0,0,0,0,0,0,0,0,0,0
6,0.76624506711959839,0.92580687999725342,1,-16.60127067565918,1896.9163818359375,-1.0342376232147217,9250,134.51736450195312,46.288470525554885,15.175924,18.155522999999999,1,0,3.8259290846553995e-08,0,0,0,0,0,0,1776,0,0
7,0.78320592641830444,1.0176498889923096,1,-16.510568618774414,1895.5350341796875,-1.3364855051040649,9250,134.51736450195312,55.928002816518074,0,2.680612,0,0,0,0,0,0,0,0,0,0,0,0
8,0.80126750469207764,1.0836945772171021,1,-14.206639289855957,1751.6004638671875,-8.5475797653198242,9250,226.74533081054688,63.422578577334207,16.276318,19.030975999999999,1,0,6.7705883566304692e-08,0,0,0,0,0,0,1776,0,0
9,0.82036358118057251,1.1457655429840088,1,-14.371969223022461,1745.995361328125,-8.5416326522827148,9250,226.74533081054688,70.896463388214215,0,2.727935,0,0,0,0,0,0,0,0,0,0,0,0
10,0.840798020362854,1.2260680198669434,1,1.5993795394897461,1883.5904541015625,10.742232322692871,9250,354.66607666015625,81.179224711321694,15.052382,17.849207,1,0,5.6648296720140934e-08,0,0,0,0,0,0,1776,6.5483616942005197e-10,1.553857465282451e-11
11,0.8625035285949707,1.3023297786712646,1,1.1340035200119019,1878.54296875,11.393498420715332,9250,354.66607666015625,91.59024637467337,0,2.8123800000000001,0,0,0,0,0,0,0,0,0,0,0,0
12,0.88586515188217163,1.4016989469528198,1,33.528804779052734,2048.7587890625,-45.732158660888672,9250,506.1546630859375,106.10033269619544,14.786785,17.632469,1,0,5.4380834058065375e-08,0,0,0,0,0,0,1776,0,0
13,0.91081774234771729,1.4971555471420288,1,32.150722503662109,2045.955810546875,-45.190250396728516,9250,506.1546630859375,121.05306446810209,0,2.8100269999999998,0,0,0,0,0,0,0,0,0,0,0,0
14,0.93763935565948486,1.6092965602874756,1,13.294122695922852,2175.84716796875,-30.91670036315918,9250,603.774169921875,139.87459626128111,15.101136,17.946961999999999,1,0,4.763853667100193e-08,0,0,0,0,0,0,1776,0,0
15,0.96629375219345093,1.7192620038986206,1,13.186149597167969,2184.747314453125,-30.070173263549805,9250,603.774169921875,159.65251119638742,0,2.851613,0,0,0,0,0,0,0,0,0,0,0,0
16,0.99701684713363647,1.8433839082717896,1,12.315624237060547,2298.64794921875,-11.209610939025879,9250,683.7589111328125,183.53871292836629,14.728237,17.669508,1,0,4.8865349100424282e-08,0,0,0,0,0,0,1776,0,0
17,1.0297775268554688,1.9656414985656738,1,13.014092445373535,2309.569091796875,-11.921500205993652,9250,683.7589111328125,208.69512551946082,0,2.7163200000000001,0,0,0,0,0,0,0,0,0,0,0,0
18,1.064652681350708,2.0925114154815674,1,39.127311706542969,2361.39453125,6.6501288414001465,9250,738.88153076171875,236.5072948610341,15.590849,18.558439,1,0,5.8282235926299109e-08,0,0,0,0,0,0,1776,0,0
19,1.1015863418579102,2.2160160541534424,1,38.511737823486328,2361.704833984375,4.9458956718444824,9250,738.88153076171875,265.25775482006429,0,2.6899069999999998,0,0,0,0,0,0,0,0,0,0,0,0
20,1.1395823955535889,2.279761791229248,1,25.076316833496094,1993.721923828125,-17.778804779052734,9250,798.43267822265625,280.75518341141287,14.951729,17.880177,1,0,7.5965438384173467e-08,0,0,0,0,0,0,1776,0,0
21,1.1785601377487183,2.3386631011962891,1,23.163955688476562,1977.0648193359375,-20.088733673095703,9250,798.43267822265625,295.47085244685695,0,2.647707,0,0,0,0,0,0,0,0,0,0,0,0
22,1.2180689573287964,2.3705294132232666,0.99627083539962769,-4.53436279296875,1813.5882568359375,-56.902828216552734,9250,765.982666015625,303.60701283964772,15.757002999999999,18.447275000000001,1,0,5.2710053211058039e-08,0,0,0,0,0,0,1776,6.5483616942005197e-10,1.553857465282451e-11
23,1.258009672164917,2.3964407444000244,0.99300479888916016,-7.246246337890625,1784.33154296875,-58.822074890136719,9250,765.982666015625,310.31850334064984,0,2.6263230000000002,0,0,0,0,0,0,0,0,0,0,0,0
24,1.2983291149139404,2.4191687107086182,0.98766112327575684,30.042570114135742,1770.8330078125,-16.991342544555664,9250,882.88031005859375,316.25379426394284,14.860848000000001,18.174949000000002,1,0,4.6899764072350081e-08,0,0,0,0,0,0,1776,0,0
25,1.3389166593551636,2.435255765914917,0.97828686237335205,29.152952194213867,1732.28564453125,-17.941125869750977,9250,882.88031005859375,320.50010706630928,0,2.7030280000000002,0,0,0,0,0,0,0,0,0,0,0,0
26,1.3798588514328003,2.4565324783325195,0.96018612384796143,-16.120075225830078,1761.9375,13.709759712219238,9250,890.15277099609375,326.09693871625132,14.567752,17.259609000000001,1,0,5.2600295674665176e-08,0,0,0,0,0,0,1776,0,0
27,1.4210054874420166,2.4687948226928711,0.93075740337371826,-15.61536979675293,1693.91162109375,13.552985191345215,9250,890.15277099609375,329.33677682253983,0,2.5870510000000002,0,0,0,0,0,0,0,0,0,0,0,0
28,1.4622193574905396,2.4728305339813232,0.85723012685775757,-17.003105163574219,1600.6697998046875,35.176197052001953,9250,1137.3095703125,330.36782100308483,15.043827,17.625048,1,0,4.6670848519170249e-08,0,0,0,0,0,0,1776,5.2386893553604158e-09,1.2430859722259608e-10
29,1.5032678842544556,2.4629137516021729,0.79227560758590698,-15.02733325958252,1473.087646484375,33.289382934570312,9250,1137.3095703125,327.68882562611179,0,2.4983759999999999,0,0,0,0,0,0,0,0,0,0,0,0
30,1.5441421270370483,2.45245361328125,0.72267943620681763,-13.975024223327637,1426.07666015625,18.86149787902832,9250,1145.558349609375,324.88947179955721,14.424135,16.936581,1,0,4.8578868927506846e-08,0,0,0,0,0,0,1776,0,0
31,1.5845019817352295,2.4215936660766602,0.64286935329437256,-6.1159605979919434,1243.278564453125,10.699690818786621,9250,1145.558349609375,316.75849075599217,0,2.3055300000000001,0,0,0,0,0,0,0,0,0,0,0,0
32,1.624392032623291,2.3934035301208496,0.56129163503646851,34.512805938720703,1205.9140625,38.754730224609375,9250,1171.3616943359375,309.44189453471699,15.227741,17.722525999999998,1,0,4.7765180255510131e-08,0,0,0,0,0,0,1776,0,0
33,1.6635626554489136,2.3502402305603027,0.49571046233177185,14.748761177062988,1065.3486328125,26.314661026000977,9250,1171.3616943359375,298.39747059062574,0,2.3910439999999999,0,0,0,0,0,0,0,0,0,0,0,0
34,1.7018543481826782,2.2974987030029297,0.43662062287330627,19.985307693481445,962.42657470703125,-8.9536762237548828,9250,1099.0555419921875,285.19181993036182,16.072126000000001,18.615182999999998,1,0,4.8737216928884664e-08,0,0,0,0,0,0,1776,0,0
35,1.7390156984329224,2.229677677154541,0.37507376074790955,17.074098587036133,824.24713134765625,-7.6569771766662598,9250,1099.0555419921875,268.64472617323554,0,2.4181349999999999,0,0,0,0,0,0,0,0,0,0,0,0
36,1.7747030258178711,2.1412384510040283,0.3027874231338501,6.5883827209472656,645.20538330078125,-1.5905832052230835,9250,986.424072265625,247.79464160120187,15.304895,17.769338999999999,1,0,3.7170217126458738e-08,0,0,0,0,0,0,1776,0,0
37,1.8086931705474854,2.0394096374511719,0.24624355137348175,5.6181197166442871,523.3170166015625,-0.86171245574951172,9250,986.424072265625,224.83126347043981,0,2.2964790000000002,0,0,0,0,0,0,0,0,0,0,0,0
38,1.8407126665115356,1.9211697578430176,0.17525587975978851,-11.001849174499512,376.07974243164062,10.51899528503418,9250,833.09124755859375,199.54412098616194,14.649403,17.018784,1,0,2.6762620564113604e-08,0,0,0,0,0,0,1776,0,0
39,1.8705673217773438,1.7912757396697998,0.12895026803016663,-7.9156389236450195,275.09130859375,8.2986621856689453,9250,833.09124755859375,173.50683812471379,0,2.7067359999999998,0,0,0,0,0,0,0,0,0,0,0,0
40,1.8980664014816284,1.6499416828155518,0.080864667892456055,-1.61363685131073,176.96420288085938,1.9206999540328979,9250,666.7957763671875,147.24896406036441,14.423533000000001,16.719674000000001,1,0,1.278039007956977e-08,0,0,0,0,0,0,1776,0,0
41,1.923078179359436,1.5007078647613525,0.051389504224061966,-0.88689571619033813,111.97727203369141,1.3719731569290161,9250,666.7957763671875,121.86201433685164,0,2.300071,0,0,0,0,0,0,0,0,0,0,0,0
42,1.945487380027771,1.3445504903793335,0.024225087836384773,-0.59229797124862671,55.853496551513672,0.70729291439056396,9250,539.96136474609375,97.869841294771959,16.899443000000002,19.150428000000002,1,0,3.7458168122839197e-08,0,0,0,0,0,0,1776,0,0
43,1.965252161026001,1.1858900785446167,0.015716049820184708,-0.40623193979263306,36.162506103515625,0.45616468787193298,9250,539.96136474609375,76.190299188669087,0,2.1793010000000002,0,0,0,0,0,0,0,0,0,0,0,0
44,1.9823338985443115,1.0249007940292358,0.007218110840767622,0.94388300180435181,18.132970809936523,-0.50285321474075317,9250,418.09527587890625,56.970944676711042,15.759916,18.42876,1,0,1.9293384667662394e-08,0,0,0,0,0,0,1776,0,0
45,1.9967119693756104,0.86268466711044312,0.0036129613872617483,0.49329957365989685,9.0889749526977539,-0.27621176838874817,9250,418.09527587890625,40.435844240728784,0,2.2444419999999998,0,0,0,0,0,0,0,0,0,0,0,0
46,2.0084125995635986,0.7020416259765625,0.0079170269891619682,-0.53878164291381836,19.36614990234375,-0.27461737394332886,9250,309.27023315429688,26.846069090450669,15.824078,17.98274,1,0,2.6051532486803808e-08,0,0,0,0,0,0,1776,0,0
47,2.0175507068634033,0.54829353094100952,0.029129408299922943,-1.6665518283843994,66.120712280273438,0.077926665544509888,9250,309.27023315429688,16.430180569087497,0,2.1558440000000001,0,0,0,0,0,0,0,0,0,0,0,0
48,2.0241870880126953,0.39818209409713745,0.043174382299184799,-5.8372402191162109,90.482864379882812,3.7160189151763916,9250,218.50373840332031,8.7258079784012921,15.903187000000001,18.103325999999999,1,0,1.2128317017356949e-08,0,0,0,0,0,0,1776,3.2741808471002599e-10,7.769287326412255e-12
49,2.0283603668212891,0.25039392709732056,0.05013652890920639,-6.3064746856689453,104.87217712402344,4.7580018043518066,9250,218.50373840332031,3.5264314912454893,0,2.5007239999999999,0,0,0,0,0,0,0,0,0,0,0,0
50,2.0300829410552979,0.10335789620876312,0.053832776844501495,-6.2825679779052734,108.41475677490234,0.62833154201507568,9250,167.06227111816406,0.69980242875988097,14.645383000000001,16.777242999999999,1,0,1.2066017518463923e-08,0,0,0,0,0,0,1776,0,0
51,2.0293633937835693,-0.043177254498004913,0.055300511419773102,-6.0794038772583008,109.98233795166016,0.75933635234832764,9250,167.06227111816406,0.20950192578196436,0,2.0219450000000001,0,0,0,0,0,0,0,0,0,0,0,0
52,2.0261967182159424,-0.18999868631362915,0.055933356285095215,-3.5381367206573486,106.15258026123047,0.15859214961528778,9250,153.66128540039062,2.0491054616925339,16.318477999999999,18.486073000000001,1,0,1.2334431254146239e-08,0,0,0,0,0,0,1776,0,0
53,2.0205895900726318,-0.33642837405204773,0.056236609816551208,-3.5800673961639404,107.10797882080078,0.11799172312021255,9250,153.66128540039062,6.203870448850239,0,2.1574339999999999,0,0,0,0,0,0,0,0,0,0,0,0
54,2.0125408172607422,-0.4829254150390625,0.05618017166852951,-0.1151311993598938,105.14666748046875,-4.0056271553039551,9250,176.26350402832031,12.681298061585323,14.567842000000001,16.676469000000001,1,0,1.2527562098796352e-08,0,0,0,0,0,0,1776,0,0
55,2.002056360244751,-0.62907123565673828,0.056177165359258652,-0.15404798090457916,105.82905578613281,-4.0057153701782227,9250,176.26350402832031,21.453209818404957,0,2.0537800000000002,0,0,0,0,0,0,0,0,0,0,0,0
56,1.989140510559082,-0.7749524712562561,0.05639214813709259,-1.0971851348876953,106.33811187744141,-1.1041852235794067,9250,227.07470703125,32.50933443383019,14.391916,16.471356,1,0,1.680735550735335e-08,0,0,0,0,0,0,1776,0,0
57,1.9738032817840576,-0.92023450136184692,0.056998621672391891,-1.1608232259750366,108.45335388183594,-1.1253026723861694,9250,227.07470703125,45.804721035777902,0,2.02475,0,0,0,0,0,0,0,0,0,0,0,0
58,1.9560496807098389,-1.0652127265930176,0.058379892259836197,0.57074093818664551,108.64389801025391,-0.54094505310058594,9250,320.68179321289062,61.346604170126284,14.266722,16.513266000000002,1,0,1.5451252721732089e-08,0,0,0,0,0,0,1776,3.2741808471002599e-10,7.769287326412255e-12
59,1.9359019994735718,-1.2088605165481567,0.060955654829740524,0.52845650911331177,114.91323852539062,-0.60344749689102173,9250,320.68179321289062,78.985397038904466,0,2.0991379999999999,0,0,0,0,0,0,0,0,0,0,0,0
60,1.9133913516998291,-1.3506417274475098,0.064592286944389343,2.8798067569732666,124.34803009033203,-0.32047984004020691,9250,452.6651611328125,98.582646128214947,14.351592999999999,16.525953000000001,1,0,3.0266871675621587e-08,0,0,0,0,0,0,1776,0,0
61,1.8885617256164551,-1.4897764921188354,0.070694833993911743,3.0356509685516357,137.69772338867188,-0.43566238880157471,9250,452.6651611328125,119.92581184894061,0,2.0665300000000002,0,0,0,0,0,0,0,0,0,0,0,0
62,1.8613976240158081,-1.6298482418060303,0.081998169422149658,2.9592142105102539,127.15276336669922,4.3889203071594238,9250,645.9710693359375,143.52505267714969,14.113595999999999,16.447336,1,0,2.5064510467132095e-08,0,0,0,0,0,0,1776,1.3096723388401039e-09,3.4745309197170799e-11
63,1.8320103883743286,-1.7632356882095337,0.10167692601680756,3.4988546371459961,161.78167724609375,5.1714215278625488,9250,645.9710693359375,167.96904907111002,0,2.1377299999999999,0,0,0,0,0,0,0,0,0,0,0,0
64,1.8007470369338989,-1.8758029937744141,0.12981466948986053,6.5425491333007812,282.52481079101562,9.8753890991210938,9250,942.58978271484375,190.09747825296472,14.029828,16.260459000000001,1,0,4.4788169617504536e-08,0,0,0,0,0,0,1776,0,0
65,1.7678560018539429,-1.973462700843811,0.16418208181858063,7.8592591285705566,361.54666137695312,12.201918601989746,9250,942.58978271484375,210.41015220902227,0,2.3487079999999998,0,0,0,0,0,0,0,0,0,0,0,0
66,1.7342215776443481,-2.0180685520172119,0.21916377544403076,8.2292251586914062,673.89434814453125,13.453338623046875,9250,1515.7060546875,220.05117351414447,14.237994,16.615235999999999,1,0,5.7795649155423234e-08,0,0,0,0,0,0,1776,2.0954757421441663e-08,7.031956164470793e-10
67,1.7003383636474609,-2.0329906940460205,0.26967379450798035,12.237324714660645,836.2767333984375,14.044595718383789,9250,1515.7060546875,223.36129514712775,0,2.2795800000000002,0,0,0,0,0,0,0,0,0,0,0,0
68,1.6669245958328247,-2.0048236846923828,0.34390819072723389,29.881196975708008,1072.61865234375,-1.6728521585464478,9250,1848.5589599609375,217.30003591409877,15.474826999999999,18.588853,1,0,4.932041264282816e-08,0,0,0,0,0,0,1776,2.6193446776802079e-09,6.2637996946124929e-11
69,1.6344784498214722,-1.9467664957046509,0.39447411894798279,34.318157196044922,1237.230224609375,-5.4668574333190918,9250,1848.5589599609375,205.0247712541468,0,2.7542529999999998,0,0,0,0,0,0,0,0,0,0,0,0
70,1.6029428243637085,-1.8921340703964233,0.49373748898506165,70.1124267578125,1175.7078857421875,21.602190017700195,9250,1955.256103515625,193.86392434333993,15.378256,18.018325000000001,1,0,3.755889110834687e-08,0,0,0,0,0,0,1776,2.6193446776802079e-09,6.215429861129804e-11
71,1.5727202892303467,-1.8133536577224731,0.54926782846450806,75.026779174804688,1310.5894775390625,23.341150283813477,9250,1955.256103515625,178.31883804248082,0,2.6753879999999999,0,0,0,0,0,0,0,0,0,0,0,0
72,1.5430614948272705,-1.7795277833938599,0.6129494309425354,-18.558032989501953,1005.9566040039062,69.238670349121094,9250,1796.2518310546875,171.84705578646299,15.169266,17.837835999999999,1,0,3.9449862043738904e-08,0,0,0,0,0,0,1776,2.6193446776802079e-09,6.215429861129804e-11
73,1.5142203569412231,-1.7304713726043701,0.6613461971282959,-14.334517478942871,1095.624755859375,70.758056640625,9250,1796.2518310546875,162.65415310006756,0,2.7002769999999998,0,0,0,0,0,0,0,0,0,0,0,0
74,1.4864394664764404,-1.6668533086776733,0.72053343057632446,-134.27458190917969,1181.0018310546875,84.480628967285156,9250,1534.495849609375,150.98406892591902,15.251844999999999,18.043796,1,0,2.4845778767712545e-08,0,0,0,0,0,0,1776,0,0
75,1.4599281549453735,-1.5906782150268555,0.76671040058135986,-136.29032897949219,1261.336669921875,86.767288208007812,9250,1534.495849609375,137.66963762236537,0,2.6772209999999999,0,0,0,0,0,0,0,0,0,0,0,0
76,1.4353290796279907,-1.4759443998336792,0.80666166543960571,-162.962158203125,1514.2288818359375,50.644401550292969,9250,1353.697021484375,118.6874339313772,15.335414999999999,18.025220999999998,1,0,3.4376352431308987e-08,0,0,0,0,0,0,1776,0,0
77,1.4127501249313354,-1.3547347784042358,0.84049153327941895,-169.78005981445312,1566.6878662109375,46.892631530761719,9250,1353.697021484375,100.26187352664283,0,2.5770490000000001,0,0,0,0,0,0,0,0,0,0,0,0
78,1.3930068016052246,-1.1845958232879639,0.87489384412765503,-121.05458831787109,1893.6011962890625,-99.257415771484375,9250,1129.072998046875,76.860018258993023,15.719846,18.375509999999998,1,0,3.0638407366723186e-08,0,0,0,0,0,0,1776,5.2386893553604158e-09,1.2430859722259608e-10
79,1.3762136697769165,-1.0075901746749878,0.90854555368423462,-103.70381927490234,1959.4908447265625,-99.475608825683594,9250,1129.072998046875,55.930121918529494,0,2.591917,0,0,0,0,0,0,0,0,0,0,0,0
80,1.3621702194213867,-0.84261012077331543,0.93206644058227539,-59.523483276367188,1913.2301025390625,-77.906227111816406,9250,850.20867919921875,39.427784911179288,17.091875999999999,19.943351,1,0,3.227987122045306e-08,0,0,0,0,0,0,1776,6.5483616942005197e-10,3.8061579229564317e-11
81,1.3508403301239014,-0.67979443073272705,0.93976956605911255,-57.549716949462891,1933.0067138671875,-86.302909851074219,9250,850.20867919921875,26.054487292493718,0,2.9783089999999999,0,0,0,0,0,0,0,0,0,0,0,0
82,1.3416045904159546,-0.55414360761642456,0.94732040166854858,-48.062484741210938,1726.740966796875,42.604095458984375,9250,579.6484375,17.764193130359217,14.594927999999999,17.185652999999999,1,0,2.0217241214481874e-08,0,0,0,0,0,0,1776,3.2741808471002599e-10,7.769287326412255e-12
83,1.334412693977356,-0.43151447176933289,0.95142370462417603,-46.607975006103516,1737.3580322265625,43.415199279785156,9250,579.6484375,11.332673522532332,0,2.5801949999999998,0,0,0,0,0,0,0,0,0,0,0,0
84,1.3289556503295898,-0.32742297649383545,0.92984235286712646,-43.352668762207031,1648.3316650390625,16.737476348876953,9250,407.42007446289062,7.1655243813064828,14.240501,16.838267999999999,1,0,1.3232147821895524e-08,0,0,0,0,0,0,1776,0,0
85,1.325176477432251,-0.22674942016601562,0.93047535419464111,-42.94146728515625,1652.251953125,16.675168991088867,9250,407.42007446289062,4.2610453241516382,0,2.5419719999999999,0,0,0,0,0,0,0,0,0,0,0,0
86,1.3233159780502319,-0.11163321137428284,0.9383087158203125,-26.116250991821289,1770.228271484375,-40.071762084960938,9250,301.01544189453125,2.1981665267157027,14.468464000000001,17.080365,1,0,1.9952176799620247e-08,0,0,0,0,0,0,1776,2.6193446776802079e-09,8.6536922660682428e-11
87,1.3231947422027588,-0.0072755217552185059,0.91466784477233887,-25.372247695922852,1726.2542724609375,-39.299606323242188,9250,301.01544189453125,1.6334926432735273,0,2.5292810000000001,0,0,0,0,0,0,0,0,0,0,0,0
88,1.3251022100448608,0.11444613337516785,0.92205512523651123,32.809345245361328,1863.25732421875,78.196937561035156,9250,270.35482788085938,2.2816421177068804,14.922666,17.580252999999999,1,0,1.2677453753440204e-08,0,0,0,0,0,0,1776,0,0
89,1.3289777040481567,0.23253214359283447,0.92198657989501953,35.366188049316406,1865.3011474609375,80.722465515136719,9250,270.35482788085938,4.4585119224776122,0,2.5843910000000001,0,0,0,0,0,0,0,0,0,0,0,0
90,1.335050106048584,0.36434200406074524,0.93821120262145996,102.37313842773438,1980.683349609375,112.43505096435547,9250,360.63375854492188,8.6663323615983927,14.454869,17.029133999999999,1,0,9.3145526847138171e-09,0,0,0,0,0,0,1776,0,0
91,1.3432158231735229,0.48994651436805725,0.93555885553359985,97.830429077148438,1966.4327392578125,120.44269561767578,9250,360.63375854492188,14.512884633374767,0,2.4999899999999999,0,0,0,0,0,0,0,0,0,0,0,0
92,1.3531979322433472,0.59892314672470093,0.9372597336769104,52.274566650390625,1883.9874267578125,67.454971313476562,9250,299.0303955078125,20.910039447125996,14.820828000000001,17.398665000000001,1,0,1.0574166431354115e-08,0,0,0,0,0,0,1776,0,0
93,1.3649146556854248,0.7030036449432373,0.93298822641372681,52.600120544433594,1874.765625,67.849998474121094,9250,299.0303955078125,28.238549713458724,0,2.6337640000000002,0,0,0,0,0,0,0,0,0,0,0,0
94,1.3779481649398804,0.78200781345367432,0.93933010101318359,35.172645568847656,1736.336181640625,-13.494818687438965,9250,279.8173828125,34.558572024955538,14.513206,17.189772000000001,1,0,3.5215990124015661e-08,0,0,0,0,0,0,1776,0,0
95,1.3922127485275269,0.85587167739868164,0.93062466382980347,29.730224609375,1720.92724609375,-17.662193298339844,9250,279.8173828125,41.079184603577005,0,2.5214439999999998,0,0,0,0,0,0,0,0,0,0,0,0
96,1.4077457189559937,0.93197500705718994,0.91283935308456421,26.483110427856445,1749.1375732421875,-40.691104888916016,9250,324.05557250976562,48.356232275349612,14.761873,17.441091,1,0,2.2782044695190962e-08,0,0,0,0,0,0,1776,2.6193446776802079e-09,6.9923585937710293e-11
97,1.4244616031646729,1.0029518604278564,0.89983201026916504,26.092243194580078,1730.3612060546875,-38.941356658935547,9250,324.05557250976562,55.709016237057313,0,2.750038,0,0,0,0,0,0,0,0,0,0,0,0
98,1.4424370527267456,1.0785261392593384,0.83859646320343018,16.220706939697266,1754.961181640625,4.3289642333984375,9250,377.77749633789062,64.141963995436527,15.312535,17.909056,1,0,1.8650034405709448e-08,0,0,0,0,0,0,1776,1.6370904235501299e-10,6.7284001939734945e-12
99,1.4615597724914551,1.1473624706268311,0.82110106945037842,16.118974685668945,1719.59130859375,4.5012321472167969,9250,377.77749633789062,72.355009938168678,0,2.5085609999999998,0,0,0,0,0,0,0,0,0,0,0,0
100,1.4817739725112915,1.2128490209579468,0.78601568937301636,4.2569608688354492,1698.7420654296875,20.855062484741211,9250,384.37005615234375,80.607594628264451,14.612277000000001,17.113928999999999,1,0,1.6455675933002567e-08,0,0,0,0,0,0,1776,0,0
101,1.5029306411743164,1.2693995237350464,0.75962871313095093,4.4410290718078613,1642.16748046875,19.636373519897461,9250,384.37005615234375,88.103933531878738,0,2.4117950000000001,0,0,0,0,0,0,0,0,0,0,0,0
102,1.5246691703796387,1.3043111562728882,0.72363936901092529,16.957790374755859,1500.5458984375,20.723825454711914,9250,369.15118408203125,92.928531830119027,14.691781000000001,17.176952,1,0,3.4215375421808858e-08,0,0,0,0,0,0,1776,3.2741808471002599e-10,7.769287326412255e-12
103,1.5468355417251587,1.3299812078475952,0.69217544794082642,16.649593353271484,1435.4234619140625,20.841739654541016,9250,369.15118408203125,96.568121279423394,0,2.4271210000000001,0,0,0,0,0,0,0,0,0,0,0,0
104,1.569233775138855,1.343891978263855,0.65039259195327759,32.160667419433594,1347.491455078125,84.875625610351562,9250,334.29705810546875,98.655608051975378,14.553938,17.061174000000001,1,0,1.7067785407220981e-08,0,0,0,0,0,0,1776,0,0
105,1.5917105674743652,1.3486059904098511,0.61806857585906982,29.878105163574219,1278.8756103515625,82.329124450683594,9250,334.29705810546875,99.462727953818103,0,2.4468429999999999,0,0,0,0,0,0,0,0,0,0,0,0
106,1.6142334938049316,1.3513768911361694,0.58891004323959351,7.9539389610290527,1255.9698486328125,62.679939270019531,9250,338.11669921875,100.05719193256664,14.537402,16.914397999999998,1,0,1.6807437219767962e-08,0,0,0,0,0,0,1776,2.6193446776802079e-09,6.215429861129804e-11
107,1.6366527080535889,1.3451550006866455,0.55793946981430054,6.2712135314941406,1186.9564208984375,60.364761352539062,9250,338.11669921875,99.37173118793271,0,2.2861829999999999,0,0,0,0,0,0,0,0,0,0,0,0
108,1.6589906215667725,1.3402738571166992,0.54819363355636597,-12.821786880493164,1191.0672607421875,-30.322944641113281,9250,343.82821655273438,98.706725687955895,14.590662999999999,16.986401000000001,1,0,3.3964159484867196e-08,0,0,0,0,0,0,1776,0,0
109,1.6809917688369751,1.3200658559799194,0.50256812572479248,-4.9535551071166992,1077.8533935546875,-29.932146072387695,9250,343.82821655273438,95.819591641631177,0,2.247662,0,0,0,0,0,0,0,0,0,0,0,0
110,1.7023293972015381,1.2802581787109375,0.45907208323478699,10.892184257507324,933.33154296875,-11.172496795654297,9250,294.34402465820312,90.333407124251607,14.329700000000001,16.711590999999999,1,0,1.7275658237281277e-08,0,0,0,0,0,0,1776,0,0
111,1.7228724956512451,1.2325868606567383,0.42603442072868347,7.8261656761169434,869.04071044921875,-9.713221549987793,9250,294.34402465820312,83.941132166141415,0,2.2121879999999998,0,0,0,0,0,0,0,0,0,0,0,0
112,1.7424124479293823,1.1723968982696533,0.3945249617099762,-9.7307062149047852,775.7591552734375,-6.5467448234558105,9250,266.91445922851562,76.204508205613365,14.942546,17.30744,1,0,9.9211288073774995e-09,0,0,0,0,0,0,1776,0,0
113,1.7607842683792114,1.1023095846176147,0.3554949164390564,-9.0188131332397461,696.52703857421875,-6.2226781845092773,9250,266.91445922851562,67.65021145978244,0,2.1693440000000002,0,0,0,0,0,0,0,0,0,0,0,0
114,1.777929425239563,1.0287102460861206,0.33873879909515381,-2.1226460933685303,664.50555419921875,-2.2886300086975098,9250,245.07719421386719,59.181046726924706,14.327500000000001,16.569051999999999,1,0,4.2555122092835518e-08,0,0,0,0,0,0,1776,0,0
115,1.79372239112854,0.94757986068725586,0.30971899628639221,-1.5762053728103638,604.01031494140625,-1.9376468658447266,9250,245.07719421386719,50.495916113826297,0,2.29982,0,0,0,0,0,0,0,0,0,0,0,0
116,1.8081122636795044,0.86339133977890015,0.29300513863563538,-1.749506950378418,575.835205078125,-11.433551788330078,9250,227.68136596679688,42.130814311922904,14.589701,16.796707999999999,1,0,1.2030755947023408e-08,0,0,0,0,0,0,1776,0,0
117,1.8209958076477051,0.77301138639450073,0.26941826939582825,-1.4612317085266113,526.25933837890625,-9.877894401550293,9250,227.68136596679688,34.004751829609631,0,2.1773039999999999,0,0,0,0,0,0,0,0,0,0,0,0
118,1.8323822021484375,0.68318229913711548,0.25654500722885132,8.8733558654785156,522.0731201171875,16.179754257202148,9250,225.15228271484375,26.856730109760292,14.468387,16.777246000000002,1,0,1.8381856037308353e-08,0,0,0,0,0,0,1776,0,0
119,1.8421744108200073,0.58753526210784912,0.23392601311206818,7.2103400230407715,476.01162719726562,16.071023941040039,9250,225.15228271484375,20.225338240471501,0,2.1801590000000002,0,0,0,0,0,0,0,0,0,0,0,0
120,1.850288987159729,0.48687335848808289,0.20896032452583313,12.915780067443848,434.75802612304688,13.947292327880859,9250,235.64366149902344,14.298840517991437,14.462522999999999,16.643042999999999,1,0,1.2070664467955794e-08,0,0,0,0,0,0,1776,0,0
121,1.8566802740097046,0.38347873091697693,0.19826707243919373,13.521663665771484,411.53024291992188,12.699721336364746,9250,235.64366149902344,9.3490428727209292,0,2.0899130000000001,0,0,0,0,0,0,0,0,0,0,0,0
122,1.861294150352478,0.27683514356613159,0.17584416270256042,25.045684814453125,383.4501953125,24.936368942260742,9250,258.374267578125,5.4301820064513038,14.446469,16.634467999999998,1,0,1.2140048966102768e-08,0,0,0,0,0,0,1776,0,0
123,1.8641113042831421,0.16903121769428253,0.17052066326141357,24.502681732177734,371.57217407226562,24.792455673217773,9250,258.374267578125,2.7363307415595557,0,2.1738759999999999,0,0,0,0,0,0,0,0,0,0,0,0
124,1.8650238513946533,0.054755520075559616,0.15394851565361023,8.9319972991943359,324.79132080078125,9.954742431640625,9250,251.50527954101562,1.2812129887416965,14.351931,16.525644,1,0,1.231769175547015e-08,0,0,0,0,0,0,1776,0,0
125,1.8640215396881104,-0.060139250010251999,0.1501258909702301,8.8692502975463867,317.08889770507812,9.7204179763793945,9250,251.50527954101562,1.2555584616661477,0,2.0674329999999999,0,0,0,0,0,0,0,0,0,0,0,0
126,1.8610841035842896,-0.17624929547309875,0.14844214916229248,8.6031951904296875,305.189697265625,5.965355396270752,9250,237.78572082519531,2.6988708355927287,14.643988,16.778462000000001,1,0,1.2290159112637866e-08,0,0,0,0,0,0,1776,0,0
127,1.8562411069869995,-0.29058021306991577,0.15217188000679016,8.8984231948852539,313.14337158203125,5.9666929244995117,9250,237.78572082519531,5.5511359432697418,0,2.0702919999999998,0,0,0,0,0,0,0,0,0,0,0,0
128,1.8494923114776611,-0.4049263596534729,0.14821070432662964,9.0515041351318359,309.01571655273438,8.8777589797973633,9250,214.46940612792969,9.8330349845367664,14.250418,16.640851000000001,1,0,1.2301719642948683e-08,0,0,0,0,0,0,1776,0,0
129,1.8408948183059692,-0.51584994792938232,0.1568010151386261,9.3046092987060547,326.94558715820312,9.1432962417602539,9250,214.46940612792969,15.34475025088409,0,2.147132,0,0,0,0,0,0,0,0,0,0,0,0
130,1.8305034637451172,-0.62348026037216187,0.15831197798252106,14.025992393493652,343.64291381835938,18.563106536865234,9250,197.49818420410156,21.9833743160425,14.555963999999999,16.798154,1,0,2.4079296778722892e-08,0,0,0,0,0,0,1776,0,0
131,1.8184083700180054,-0.72570335865020752,0.17196774482727051,14.960624694824219,373.07638549804688,19.784229278564453,9250,197.49818420410156,29.458743284737011,0,2.10643,0,0,0,0,0,0,0,0,0,0,0,0
132,1.8047935962677002,-0.81688439846038818,0.19134499132633209,4.4915719032287598,436.94418334960938,14.451703071594238,9250,198.73870849609375,37.091185641565744,14.24785,16.461516,1,0,3.4904097390153765e-08,0,0,0,0,0,0,1776,1.3096723388401039e-09,3.107714930564902e-11
133,1.7897384166717529,-0.90330857038497925,0.20287588238716125,4.4910259246826172,461.68795776367188,13.448135375976562,9250,198.73870849609375,45.159221514718183,0,2.270327,0,0,0,0,0,0,0,0,0,0,0,0
134,1.7733409404754639,-0.98385113477706909,0.2181432694196701,-11.850421905517578,492.46035766601562,18.624095916748047,9250,238.92835998535156,53.427679210524957,14.561211,16.817927000000001,1,0,2.3509985069836148e-08,0,0,0,0,0,0,1776,0,0
135,1.7557837963104248,-1.0534284114837646,0.245316281914711,-13.20320987701416,553.56256103515625,20.658727645874023,9250,238.92835998535156,61.152281140703963,0,2.2395990000000001,0,0,0,0,0,0,0,0,0,0,0,0
136,1.7372459173202515,-1.1122758388519287,0.27149379253387451,-18.11589241027832,611.875732421875,0.21391186118125916,9250,218.95530700683594,68.075826152025002,14.585184999999999,16.926521999999999,1,0,4.7933959024248907e-08,0,0,0,0,0,0,1776,0,0
137,1.717948317527771,-1.1578549146652222,0.30472224950790405,-19.992889404296875,686.13555908203125,0.070962823927402496,9250,218.95530700683594,73.713665386150296,0,2.3118479999999999,0,0,0,0,0,0,0,0,0,0,0,0
138,1.6983195543289185,-1.1777244806289673,0.35063061118125916,-3.6311881542205811,837.0985107421875,-29.747518539428711,9250,243.91578674316406,76.221140399352862,15.144727,17.490358000000001,1,0,4.4887087824463379e-08,0,0,0,0,0,0,1776,0,0
139,1.6786171197891235,-1.1821427345275879,0.38798779249191284,-3.4806065559387207,925.19873046875,-32.807624816894531,9250,243.91578674316406,76.793271354011267,0,2.227303,0,0,0,0,0,0,0,0,0,0,0,0
140,1.65916907787323,-1.1668829917907715,0.43174946308135986,-30.977743148803711,1039.8603515625,-13.203403472900391,9250,267.96240234375,74.941698641377116,14.647213000000001,17.106383000000001,1,0,4.4415124023089447e-08,0,0,0,0,0,0,1776,0,0
141,1.6402374505996704,-1.1358942985534668,0.46919655799865723,-32.360698699951172,1132.4031982421875,-16.147899627685547,9250,267.96240234375,71.183875733533569,0,2.2847620000000002,0,0,0,0,0,0,0,0,0,0,0,0
142,1.6216720342636108,-1.1139216423034668,0.48467335104942322,-17.324787139892578,1073.1656494140625,-70.287406921386719,9250,297.6702880859375,68.491245009476188,14.513522999999999,17.196936000000001,1,0,4.4717083369505417e-08,0,0,0,0,0,0,1776,1.3096723388401039e-09,3.107714930564902e-11
143,1.6036890745162964,-1.0789742469787598,0.51961791515350342,-19.003452301025391,1151.0491943359375,-75.560791015625,9250,297.6702880859375,64.335434117390832,0,2.459438,0,0,0,0,0,0,0,0,0,0,0,0
144,1.5865935087203979,-1.0257327556610107,0.56786906719207764,-27.378433227539062,1262.646728515625,-12.260292053222656,9250,288.41522216796875,58.334111776671762,15.01388,17.46311,1,0,4.3641517066816959e-08,0,0,0,0,0,0,1776,1.3096723388401039e-09,3.107714930564902e-11
145,1.5705609321594238,-0.96195328235626221,0.59772580862045288,-27.942947387695312,1330.648193359375,-13.818044662475586,9250,288.41522216796875,51.526743132430965,0,2.380363,0,0,0,0,0,0,0,0,0,0,0,0
146,1.5557280778884888,-0.88997232913970947,0.67273104190826416,-62.379119873046875,1381.8787841796875,-9.9666547775268555,9250,264.05865478515625,44.328431055236706,15.046924000000001,17.635207999999999,1,0,4.7315158013816472e-08,0,0,0,0,0,0,1776,0,0
147,1.5421921014785767,-0.81215918064117432,0.69499176740646362,-51.94921875,1428.3868408203125,-3.6369540691375732,9250,264.05865478515625,37.17007221395852,0,2.5569280000000001,0,0,0,0,0,0,0,0,0,0,0,0
148,1.5300647020339966,-0.72764164209365845,0.73182100057601929,-9.8204898834228516,1479.2508544921875,34.954715728759766,9250,226.40217590332031,30.103549239323911,16.152750999999999,18.718302999999999,1,0,4.7936573821516504e-08,0,0,0,0,0,0,1776,0,0
149,1.5194134712219238,-0.63907408714294434,0.75015431642532349,-10.462220191955566,1518.0406494140625,35.556049346923828,9250,226.40217590332031,23.523798002277317,0,2.7964889999999998,0,0,0,0,0,0,0,0,0,0,0,0
150,1.5102180242538452,-0.55172348022460938,0.76661860942840576,15.593361854553223,1525.614013671875,55.669754028320312,9250,180.41151428222656,17.918551897939551,15.284625999999999,17.969923000000001,1,0,2.4217376548563152e-08,0,0,0,0,0,0,1776,2.6193446776802079e-09,6.215429861129804e-11
151,1.5025043487548828,-0.46281710267066956,0.77916687726974487,14.959280014038086,1550.80859375,56.453598022460938,9250,180.41151428222656,13.061931214619619,0,2.590341,0,0,0,0,0,0,0,0,0,0,0,0
152,1.4962120056152344,-0.37754133343696594,0.78402096033096313,3.6078183650970459,1543.4952392578125,59.555610656738281,9250,145.13168334960938,9.2260329917511399,14.641524,17.153794000000001,1,0,2.4148606669882611e-08,0,0,0,0,0,0,1776,0,0
153,1.4913392066955566,-0.29236510396003723,0.79150199890136719,3.8602817058563232,1558.9403076171875,59.6263427734375,9250,145.13168334960938,6.1814568774287295,0,3.0053679999999998,0,0,0,0,0,0,0,0,0,0,0,0
154,1.4878885746002197,-0.20704124867916107,0.79956901073455811,52.165374755859375,1576.204833984375,56.841499328613281,9250,122.87764739990234,3.917172838090579,14.581293000000001,17.130020999999999,1,0,2.4531093600899112e-08,0,0,0,0,0,0,1776,0,0
155,1.4858405590057373,-0.1228836327791214,0.80419141054153442,52.729969024658203,1585.2269287109375,56.979164123535156,9250,122.87764739990234,2.4662269720879237,0,2.5470419999999998,0,0,0,0,0,0,0,0,0,0,0,0
156,1.4853839874267578,-0.027394920587539673,0.81063473224639893,23.061458587646484,1674.6048583984375,53.065078735351562,9250,111.37659454345703,1.6126800673865702,14.808932,17.425059999999998,1,0,2.1937164973451218e-08,0,0,0,0,0,0,1776,2.6193446776802079e-09,6.215429861129804e-11
157,1.4864774942398071,0.065609455108642578,0.81087428331375122,21.028421401977539,1675.777587890625,52.724285125732422,9250,111.37659454345703,1.7396023016006268,0,2.5575079999999999,0,0,0,0,0,0,0,0,0,0,0,0
158,1.4892103672027588,0.16397395730018616,0.81166303157806396,3.6696531772613525,1726.379150390625,58.091777801513672,9250,102.32200622558594,2.9562250728833703,14.486926,17.052046000000001,1,0,1.2005608951426439e-08,0,0,0,0,0,0,1776,0,0
159,1.4935234785079956,0.25878989696502686,0.80872958898544312,3.5311233997344971,1720.0262451171875,57.69329833984375,9250,102.32200622558594,5.1270772660595014,0,3.0814110000000001,0,0,0,0,0,0,0,0,0,0,0,0
160,1.4992948770523071,0.34628227353096008,0.8063388466835022,7.978978157043457,1687.9718017578125,42.010639190673828,9250,100.44230651855469,7.9846634232584961,15.899049,19.427114,1,0,1.1868840132933656e-08,0,0,0,0,0,0,1776,0,0
161,1.5064418315887451,0.42881980538368225,0.8004721999168396,6.8964295387268066,1670.6644287109375,44.808086395263672,9250,100.44230651855469,11.454069590671565,0,2.6539630000000001,0,0,0,0,0,0,0,0,0,0,0,0
162,1.5147771835327148,0.50012189149856567,0.79112648963928223,0.29496952891349792,1611.320068359375,20.769554138183594,9250,96.340713500976562,15.010044089170492,14.932149000000001,17.635133,1,0,2.395807463528854e-08,0,0,0,0,0,0,1776,0,0
163,1.5241478681564331,0.56224411725997925,0.76635342836380005,-0.12884925305843353,1560.75244140625,19.901412963867188,9250,96.340713500976562,18.581888502225183,0,2.553906,0,0,0,0,0,0,0,0,0,0,0,0
164,1.5344904661178589,0.62055516242980957,0.75166845321655273,-6.978456974029541,1544.3111572265625,28.137907028198242,9250,107.53169250488281,22.348140629057525,15.536887999999999,18.131008999999999,1,0,1.2104635516152484e-08,0,0,0,0,0,0,1776,0,0
165,1.5457119941711426,0.67328846454620361,0.73760199546813965,-7.2149715423583984,1515.5419921875,27.476049423217773,9250,107.53169250488281,26.079558844973462,0,2.4361269999999999,0,0,0,0,0,0,0,0,0,0,0,0
166,1.5579285621643066,0.73299354314804077,0.72979432344436646,5.7858672142028809,1567.500732421875,65.230224609375,9250,121.97212982177734,30.750979508602995,15.693925,18.281621999999999,1,0,1.3527352571429674e-08,0,0,0,0,0,0,1776,0,0
167,1.5710306167602539,0.78612208366394043,0.71168935298919678,5.4317131042480469,1529.7720947265625,64.021003723144531,9250,121.97212982177734,35.258118434247535,0,2.5268600000000001,0,0,0,0,0,0,0,0,0,0,0,0
168,1.5848181247711182,0.8272479772567749,0.69807261228561401,-39.427059173583984,1456.275146484375,9.2640619277954102,9250,122.66242218017578,38.875610049751913,15.338789999999999,18.409438000000002,1,0,2.6187283452827614e-08,0,0,0,0,0,0,1776,0,0
169,1.5991685390472412,0.86102813482284546,0.67566573619842529,-38.479999542236328,1409.8427734375,8.5933055877685547,9250,122.66242218017578,42.001393828194978,0,2.4746649999999999,0,0,0,0,0,0,0,0,0,0,0,0
170,1.6137850284576416,0.87698984146118164,0.63221502304077148,-54.445632934570312,1288.1768798828125,6.8664145469665527,9250,127.24751281738281,43.536724823560235,15.006689,17.517612,1,0,2.1491922908012384e-08,0,0,0,0,0,0,1776,0,0
171,1.6285399198532104,0.88529247045516968,0.60661697387695312,-53.199489593505859,1235.3721923828125,6.507110595703125,9250,127.24751281738281,44.375839424713377,0,2.3801489999999998,0,0,0,0,0,0,0,0,0,0,0,0
172,1.643343448638916,0.8882148265838623,0.57494896650314331,-8.3667144775390625,1194.451904296875,28.6944580078125,9250,128.34063720703125,44.754216288612724,14.794371,17.344649,1,0,3.6894071797632932e-08,0,0,0,0,0,0,1776,0,0
173,1.6580636501312256,0.88321465253829956,0.54748320579528809,-7.3741974830627441,1137.36962890625,27.586494445800781,9250,128.34063720703125,44.375449482253998,0,2.3998370000000002,0,0,0,0,0,0,0,0,0,0,0,0
174,1.6726583242416382,0.87567770481109619,0.52429413795471191,-9.1455917358398438,1115.2186279296875,30.026004791259766,9250,131.990478515625,43.806158916019285,14.684986,17.080945,1,0,2.5258062308353146e-08,0,0,0,0,0,0,1776,3.2741808471002599e-10,1.0987431506985614e-11
175,1.6869833469390869,0.85950374603271484,0.49436742067337036,-8.7016401290893555,1051.46142578125,28.633308410644531,9250,131.990478515625,42.432334930856541,0,2.3046700000000002,0,0,0,0,0,0,0,0,0,0,0,0
176,1.7007153034210205,0.82391953468322754,0.4369264543056488,-5.1348857879638672,911.7550048828125,0.68013244867324829,9250,128.98922729492188,39.278108278694845,14.937128,17.326018999999999,1,0,4.1268492623203201e-08,0,0,0,0,0,0,1776,0,0
177,1.7138392925262451,0.78743952512741089,0.43297550082206726,-1.5044181346893311,901.9967041015625,1.1959652900695801,9250,128.98922729492188,36.165800981526672,0,2.3364180000000001,0,0,0,0,0,0,0,0,0,0,0,0
178,1.7261004447937012,0.73567146062850952,0.37618908286094666,-4.3812060356140137,788.58685302734375,-15.858975410461426,9250,115.40379333496094,31.940692887978457,14.288660999999999,16.899349000000001,1,0,3.9915736493867371e-08,0,0,0,0,0,0,1776,0,0
179,1.7374249696731567,0.67947292327880859,0.35891640186309814,-4.6241135597229004,752.74169921875,-15.536860466003418,9250,115.40379333496094,27.686285532832017,0,2.3251919999999999,0,0,0,0,0,0,0,0,0,0,0,0
180,1.7477840185165405,0.62154000997543335,0.3470340371131897,-4.3251304626464844,735.26751708984375,-13.168116569519043,9250,101.8192138671875,23.685453101701455,14.657954999999999,17.023053000000001,1,0,1.3819676070170317e-08,0,0,0,0,0,0,1776,0,0
181,1.7571382522583008,0.561257004737854,0.33611059188842773,-6.1379079818725586,713.92706298828125,-16.339324951171875,9250,101.8192138671875,19.892192549943729,0,2.3123040000000001,0,0,0,0,0,0,0,0,0,0,0,0
182,1.765303373336792,0.48990374803543091,0.29974654316902161,-0.026033442467451096,633.04437255859375,-12.277965545654297,9250,91.220779418945312,15.917417364116204,14.335478,16.771816999999999,1,0,1.2440403374114339e-08,0,0,0,0,0,0,1776,0,0
183,1.7721996307373047,0.41377675533294678,0.28160405158996582,-2.1800694465637207,595.3470458984375,-11.698951721191406,9250,91.220779418945312,12.283915539792531,0,2.320338,0,0,0,0,0,0,0,0,0,0,0,0
184,1.7778290510177612,0.33776804804801941,0.27729791402816772,-5.6580982208251953,590.89569091796875,-15.086699485778809,9250,91.252838134765625,9.2649850925586179,14.666957,16.980706999999999,1,0,1.2534257187724052e-08,0,0,0,0,0,0,1776,0,0
185,1.7821383476257324,0.25855451822280884,0.26478493213653564,-6.4507269859313965,564.436767578125,-14.525712013244629,9250,91.252838134765625,6.7909596007044684,0,2.2102909999999998,0,0,0,0,0,0,0,0,0,0,0,0
186,1.7850958108901978,0.17745089530944824,0.25145024061203003,-0.43453514575958252,546.50445556640625,-12.088693618774414,9250,79.805816650390625,4.961957694203619,15.098061,17.508182000000001,1,0,1.2556566453270079e-08,0,0,0,0,0,0,1776,0,0
187,1.7866348028182983,0.092337653040885925,0.23827104270458221,7.3052749633789062,515.65350341796875,-13.367813110351562,9250,79.805816650390625,3.818603590816565,0,2.2450320000000001,0,0,0,0,0,0,0,0,0,0,0,0
188,1.7867457866668701,0.0066577121615409851,0.23183627426624298,4.3494877815246582,507.0294189453125,-6.4176363945007324,9250,65.903976440429688,3.4873167300508534,14.366191000000001,16.671889,1,0,1.4368377598827919e-08,0,0,0,0,0,0,1776,0,0
189,1.7854453325271606,-0.078025586903095245,0.23232933878898621,2.5001528263092041,508.45272827148438,-4.5964055061340332,9250,65.903976440429688,3.9406333753541674,0,2.3985880000000002,0,0,0,0,0,0,0,0,0,0,0,0
190,1.7827500104904175,-0.16171622276306152,0.23181189596652985,0.054247818887233734,510.37728881835938,-5.4190769195556641,9250,57.212158203125,5.1677457141194338,14.639317999999999,16.930472999999999,1,0,1.2339647526005137e-08,0,0,0,0,0,0,1776,0,0
191,1.778733491897583,-0.24099250137805939,0.24231117963790894,-0.63476407527923584,534.219970703125,-7.9381942749023438,9250,57.212158203125,7.0120841620240242,0,2.2462399999999998,0,0,0,0,0,0,0,0,0,0,0,0
192,1.7734850645065308,-0.31490662693977356,0.25903686881065369,-3.6241750717163086,563.82177734375,3.5104475021362305,9250,54.489734649658203,9.3877794278879207,14.303934999999999,16.636299000000001,1,0,1.2238016822152531e-08,0,0,0,0,0,0,1776,0,0
193,1.7670537233352661,-0.38588389754295349,0.26564043760299683,-3.7383310794830322,578.1578369140625,3.7492635250091553,9250,54.489734649658203,12.23985026187944,0,2.2993269999999999,0,0,0,0,0,0,0,0,0,0,0,0
194,1.759564995765686,-0.44932538270950317,0.2815755307674408,1.6598104238510132,621.26605224609375,2.2959132194519043,9250,67.620849609375,15.306510420726909,14.761929,17.111177999999999,1,0,1.8314176841727203e-08,0,0,0,0,0,0,1776,0,0
195,1.7512404918670654,-0.49946987628936768,0.31673169136047363,-5.3569245338439941,700.1207275390625,-2.6725218296051025,9250,67.620849609375,18.074821922784054,0,2.2693530000000002,0,0,0,0,0,0,0,0,0,0,0,0
196,1.7421500682830811,-0.54542678594589233,0.32456961274147034,6.1382098197937012,722.70501708984375,-18.067380905151367,9250,75.746612548828125,20.786903416326709,14.490189000000001,16.932673000000001,1,0,2.4021762357051557e-08,0,0,0,0,0,0,1776,1.3096723388401039e-09,3.107714930564902e-11
197,1.7323945760726929,-0.58533108234405518,0.33978798985481262,6.6420207023620605,756.34326171875,-17.722522735595703,9250,75.746612548828125,23.332398321091205,0,2.362196,0,0,0,0,0,0,0,0,0,0,0,0
198,1.7221095561981201,-0.61710095405578613,0.36162585020065308,9.7668209075927734,802.90771484375,-23.37803840637207,9250,85.759994506835938,25.459024299712723,14.48888,16.84074,1,0,2.3894170197991116e-08,0,0,0,0,0,0,1776,6.5483616942005197e-10,2.1974863013971228e-11
199,1.7114070653915405,-0.64214920997619629,0.37978029251098633,10.197772026062012,841.1112060546875,-24.601991653442383,9250,85.759994506835938,27.211331414936694,0,2.2992020000000002,0,0,0,0,0,0,0,0,0,0,0,0
200,1.7003788948059082,-0.66168737411499023,0.38787937164306641,12.566625595092773,873.18328857421875,-34.256645202636719,9250,109.36247253417969,28.651439688845585,14.678654,17.141686,1,0,4.0538548518043171e-08,0,0,0,0,0,0,1776,0,0
201,1.6891517639160156,-0.67362511157989502,0.40785640478134155,12.374530792236328,917.3023681640625,-35.717449188232422,9250,109.36247253417969,29.576033016478846,0,2.2972600000000001,0,0,0,0,0,0,0,0,0,0,0,0
202,1.6779706478118896,-0.67086976766586304,0.45772773027420044,-0.93076479434967041,1004.2616577148438,-6.6712408065795898,9250,116.51645660400391,29.457074826116013,14.465356999999999,16.862192,1,0,3.0574945242278773e-08,0,0,0,0,0,0,1776,2.6193446776802079e-09,6.215429861129804e-11
203,1.666907787322998,-0.6637723445892334,0.46950060129165649,-1.5347925424575806,1030.211181640625,-7.9494080543518066,9250,116.51645660400391,28.938197878698702,0,2.3510840000000002,0,0,0,0,0,0,0,0,0,0,0,0
204,1.656089186668396,-0.64911562204360962,0.49909332394599915,17.53129768371582,1076.10791015625,6.1682262420654297,9250,113.06063079833984,27.863866164690762,14.688222,17.152163999999999,1,0,3.3123736642437507e-08,0,0,0,0,0,0,1776,0,0
205,1.6456321477890015,-0.62742269039154053,0.51886904239654541,14.767571449279785,1121.31494140625,8.6025257110595703,9250,113.06063079833984,26.359442977897857,0,2.3322970000000001,0,0,0,0,0,0,0,0,0,0,0,0
206,1.6355839967727661,-0.60288840532302856,0.54542720317840576,7.5065455436706543,1139.8408203125,-1.5602495670318604,9250,115.06550598144531,24.731660338885376,14.559324,17.151831000000001,1,0,2.3789205272350955e-08,0,0,0,0,0,0,1776,0,0
207,1.6261073350906372,-0.56859970092773438,0.57648336887359619,6.7245259284973145,1203.5367431640625,-2.3746740818023682,9250,115.06550598144531,22.650474725241338,0,2.3905189999999998,0,0,0,0,0,0,0,0,0,0,0,0
208,1.617257833480835,-0.530967116355896,0.59765040874481201,-32.691947937011719,1228.005126953125,12.612235069274902,9250,123.52237701416016,20.619914966763531,14.515788000000001,16.906959000000001,1,0,4.8308965716614694e-08,0,0,0,0,0,0,1776,6.5483616942005197e-10,1.553857465282451e-11
209,1.6090675592422485,-0.49141520261764526,0.60587966442108154,-33.308891296386719,1245.162353515625,12.667447090148926,9250,123.52237701416016,18.614587437627904,0,2.3517600000000001,0,0,0,0,0,0,0,0,0,0,0,0
210,1.6016738414764404,-0.4436265230178833,0.63004100322723389,-2.5079598426818848,1302.9908447265625,10.188248634338379,9250,108.90624237060547,16.410487373542708,14.868323999999999,17.333528000000001,1,0,2.3937214876923463e-08,0,0,0,0,0,0,1776,6.5483616942005197e-10,1.553857465282451e-11
211,1.5950793027877808,-0.39567059278488159,0.63364332914352417,-3.0516622066497803,1310.8807373046875,10.697541236877441,9250,108.90624237060547,14.438590005320179,0,2.3726859999999999,0,0,0,0,0,0,0,0,0,0,0,0
212,1.5893042087554932,-0.34650474786758423,0.64689648151397705,7.1986179351806641,1325.6129150390625,8.1799192428588867,9250,90.023284912109375,12.649376611270696,14.427199,16.881022999999999,1,0,1.1859131454627914e-08,0,0,0,0,0,0,1776,0,0
213,1.5843663215637207,-0.29627624154090881,0.65396779775619507,6.9815096855163574,1340.0386962890625,8.1424226760864258,9250,90.023284912109375,11.107468656308924,0,2.4199809999999999,0,0,0,0,0,0,0,0,0,0,0,0
214,1.5803914070129395,-0.23849652707576752,0.66317015886306763,-14.786479949951172,1398.2054443359375,-4.0906538963317871,9250,73.602226257324219,9.6070349132933188,14.902176000000001,17.370864000000001,1,0,2.3507038093839583e-08,0,0,0,0,0,0,1776,0,0
215,1.5773727893829346,-0.18111895024776459,0.66610342264175415,-15.030400276184082,1404.138916015625,-2.8741044998168945,9250,73.602226257324219,8.4843681036452381,0,2.3886210000000001,0,0,0,0,0,0,0,0,0,0,0,0
216,1.5752815008163452,-0.12547951936721802,0.67743819952011108,-9.7276172637939453,1401.6640625,11.11562442779541,9250,65.139892578125,7.7561249816021487,14.551116,17.196113,1,0,1.3267571929986843e-08,0,0,0,0,0,0,1776,0,0
217,1.5741081237792969,-0.070404380559921265,0.67967242002487183,-11.234367370605469,1406.865234375,13.092891693115234,9250,65.139892578125,7.3734570187428616,0,2.4765769999999998,0,0,0,0,0,0,0,0,0,0,0,0
218,1.5737782716751099,-0.019792050123214722,0.68008893728256226,-0.64912384748458862,1387.6007080078125,5.6659841537475586,9250,59.010059356689453,7.3368408378517351,14.463483,16.885079999999999,1,0,1.6896221310958026e-08,0,0,0,0,0,0,1776,0,0
219,1.5742807388305664,0.030151054263114929,0.68182700872421265,-2.5437889099121094,1392.361328125,9.8107280731201172,9250,59.010059356689453,7.5640045094668782,0,2.3532679999999999,0,0,0,0,0,0,0,0,0,0,0,0
220,1.5756808519363403,0.084003269672393799,0.6812862753868103,20.599937438964844,1424.1461181640625,9.6647682189941406,9250,55.972171783447266,8.057559592683468,15.120359000000001,17.557700000000001,1,0,1.1722489645649148e-08,0,0,0,0,0,0,1776,0,0
221,1.5779492855072021,0.13610316812992096,0.67866337299346924,22.171104431152344,1420.850341796875,7.1671500205993652,9250,55.972171783447266,8.8154956719389332,0,2.3265820000000001,0,0,0,0,0,0,0,0,0,0,0,0
222,1.5809966325759888,0.18284103274345398,0.65252935886383057,10.208310127258301,1391.2122802734375,10.136079788208008,9250,51.57440185546875,9.8019745127985232,15.764654,18.242519999999999,1,0,1.1545890465924913e-08,0,0,0,0,0,0,1776,0,0
223,1.5847750902175903,0.22670570015907288,0.64649093151092529,10.084809303283691,1378.388916015625,9.9711217880249023,9250,51.57440185546875,10.9501359040718,0,2.3303959999999999,0,0,0,0,0,0,0,0,0,0,0,0
224,1.5891650915145874,0.26340204477310181,0.63880735635757446,29.518667221069336,1337.3623046875,7.056241512298584,9250,48.620121002197266,12.084882392139718,14.974237,17.378271000000002,1,0,2.3439859830887144e-08,0,0,0,0,0,0,1776,0,0
225,1.5941141843795776,0.29694491624832153,0.6306723952293396,30.20794677734375,1321.2872314453125,5.6547951698303223,9250,48.620121002197266,13.261272845822873,0,2.2957320000000001,0,0,0,0,0,0,0,0,0,0,0,0
226,1.5995410680770874,0.32561349868774414,0.62125253677368164,29.591075897216797,1293.4373779296875,7.9738154411315918,9250,48.480869293212891,14.386526266101384,14.4367,16.969328999999998,1,0,1.1772375074770025e-08,0,0,0,0,0,0,1776,0,0
227,1.6054294109344482,0.35329714417457581,0.61885571479797363,35.3427734375,1291.0970458984375,-2.5644922256469727,9250,48.480869293212891,15.561067933398647,0,2.3699080000000001,0,0,0,0,0,0,0,0,0,0,0,0
228,1.6117085218429565,0.37674796581268311,0.6055901050567627,31.265388488769531,1265.9139404296875,5.2198781967163086,9250,49.915760040283203,16.679954443014026,14.394109,16.742563000000001,1,0,1.1819972556281755e-08,0,0,0,0,0,0,1776,0,0
229,1.6183111667633057,0.39616033434867859,0.59391868114471436,30.653600692749023,1241.577392578125,5.2120699882507324,9250,49.915760040283203,17.695316647310506,0,2.2682519999999999,0,0,0,0,0,0,0,0,0,0,0,0
230,1.6252319812774658,0.41524654626846313,0.58336746692657471,16.852323532104492,1239.7410888671875,39.751182556152344,9250,52.580257415771484,18.887794025949631,14.698665999999999,17.022836000000002,1,0,1.1753570561268134e-08,0,0,0,0,0,0,1776,1.6370904235501299e-10,3.8846436632061275e-12
231,1.6323565244674683,0.42747229337692261,0.56237971782684326,11.026041030883789,1194.5960693359375,42.129199981689453,9250,52.580257415771484,19.77206366412878,0,2.3218390000000002,0,0,0,0,0,0,0,0,0,0,0,0
232,1.6397579908370972,0.44408762454986572,0.58012771606445312,0.70882898569107056,1227.200439453125,40.205547332763672,9250,57.622386932373047,20.948470016276019,14.439408,16.736528,1,0,1.1921747145038353e-08,0,0,0,0,0,0,1776,0,0
233,1.6472692489624023,0.45067399740219116,0.55114495754241943,7.0248041152954102,1161.207763671875,32.1248779296875,9250,57.622386932373047,21.728016988147544,0,2.2109070000000002,0,0,0,0,0,0,0,0,0,0,0,0
234,1.6547456979751587,0.44858705997467041,0.52333122491836548,1.1344685554504395,1101.3616943359375,25.687534332275391,9250,61.047771453857422,21.950151662677172,14.791361999999999,17.057326,1,0,2.3995122333531071e-08,0,0,0,0,0,0,1776,0,0
235,1.6621785163879395,0.44596552848815918,0.52215451002120972,4.4742574691772461,1099.0137939453125,21.268190383911133,9250,61.047771453857422,22.376395706299206,0,2.2374239999999999,0,0,0,0,0,0,0,0,0,0,0,0
236,1.6695072650909424,0.43972352147102356,0.50835442543029785,1.4321358203887939,1073.663330078125,14.682563781738281,9250,61.031917572021484,22.675542368784704,14.339836,16.743929000000001,1,0,4.679050391587225e-08,0,0,0,0,0,0,1776,0,0
237,1.6766583919525146,0.42906463146209717,0.49363347887992859,1.1454352140426636,1042.740478515625,14.265110969543457,9250,61.031917572021484,22.828888217897656,0,2.386701,0,0,0,0,0,0,0,0,0,0,0,0
238,1.6835002899169922,0.41051527857780457,0.46230095624923706,3.5087754726409912,986.9451904296875,9.8885774612426758,9250,63.965911865234375,22.835198801831325,14.559792,16.855732,1,0,4.4010281641249094e-08,0,0,0,0,0,0,1776,0,0
239,1.6899780035018921,0.38865995407104492,0.45081323385238647,3.505828857421875,962.419677734375,9.4065437316894531,9250,63.965911865234375,22.791385418816901,0,2.1843029999999999,0,0,0,0,0,0,0,0,0,0,0,0
