step,fixed_ms,particle_executed,particle_ms,coupling_ms,rigid_ms,broadphase_ms,narrowphase_ms,solver_ms,contacts,contained_mass,density_ms,boundary_ms,velocity_ms,hydrostatic_ms,player_ms,phase
0,7.951068,1,7.317034,7.578,0.088426,0.016998,0.060364,0.008322,0,0,2.937005,2.615238,1.333541,0.089597,0.081064,view
1,1.187728,0,0,0.80264,0.051168,0.012374,0.0306,0.005999,0,0,2.937005,2.615238,1.333541,0.709203,0.081907,view
2,8.323205,1,7.139164,7.987502,0.048356,0.010415,0.030938,0.004726,0,0,2.724103,2.568482,1.461111,0.686509,0.080836,view
3,1.557014,0,0,1.066332,0.0949,0.021342,0.051994,0.017976,0,0,2.724103,2.568482,1.461111,0.898271,0.148635,view
4,11.451043,1,10.008197,11.052228,0.046848,0.0099,0.030356,0.004754,0,0,3.294528,4.346967,1.832663,0.819812,0.12006,view
5,1.242875,0,0,0.835212,0.114461,0.018113,0.084633,0.008187,0,0,3.294528,4.346967,1.832663,0.645667,0.173028,view
6,13.356793,1,11.936824,12.837276,0.046548,0.010029,0.029863,0.004676,0,0,3.423468,5.610587,2.329544,0.673092,0.123523,view
7,1.088935,0,0,0.772152,0.048085,0.011427,0.029373,0.00524,0,0,3.423468,5.610587,2.329544,0.681496,0.07984,view
8,9.821545,1,8.165809,9.037616,0.444303,0.016877,0.052692,0.372286,0,0,2.695605,3.315558,1.707884,0.694549,0.094402,view
9,1.198641,0,0,0.738235,0.182872,0.010308,0.157133,0.011902,4,0,2.695605,3.315558,1.707884,0.648433,0.079861,view
10,9.95908,1,8.731476,9.554506,0.072192,0.005364,0.060072,0.006289,4,0,2.657266,3.851335,1.826091,0.638415,0.082874,view
11,1.755507,0,0,0.765838,0.667373,0.009225,0.091857,0.563903,4,0,2.657266,3.851335,1.826091,0.669953,0.084346,view
12,10.39882,1,9.084006,9.93751,0.115653,0.009408,0.087754,0.016657,12,0,2.775622,4.038596,1.836214,0.690005,0.081298,view
13,1.306603,0,0,0.864684,0.124836,0.010497,0.095302,0.016647,12,0,2.775622,4.038596,1.836214,0.773314,0.080222,view
14,11.080554,1,9.725753,10.554878,0.11836,0.010745,0.08935,0.015822,12,0,2.690256,4.614013,1.984738,0.666568,0.080953,view
15,1.310104,0,0,0.844048,0.14895,0.010217,0.113786,0.013445,12,0,2.690256,4.614013,1.984738,0.73422,0.099108,view
16,11.036775,1,9.607955,10.572907,0.12942,0.014036,0.094534,0.01837,12,0,2.633769,4.631959,1.904287,0.744777,0.109129,view
17,1.245407,0,0,0.814749,0.121407,0.010213,0.095703,0.013415,12,0,2.633769,4.631959,1.904287,0.721577,0.082023,view
18,12.656995,1,11.297566,12.181269,0.108983,0.008807,0.08571,0.012142,12,0,3.16597,5.300438,2.404803,0.721219,0.081669,view
19,1.23183,0,0,0.786849,0.131711,0.010448,0.10541,0.013289,12,0,3.16597,5.300438,2.404803,0.69363,0.081952,view
20,11.639377,1,10.269262,11.181679,0.125714,0.012393,0.096159,0.013872,12,0,3.116515,4.613402,2.128186,0.709707,0.081258,view
21,1.222044,0,0,0.795154,0.120864,0.011197,0.09431,0.01299,12,0,3.116515,4.613402,2.128186,0.704795,0.079812,view
22,11.628558,1,10.349024,11.190364,0.114718,0.010234,0.088803,0.013168,12,0,2.985523,4.742553,2.198825,0.672032,0.080685,view
23,1.322063,0,0,0.87489,0.117356,0.00992,0.092172,0.012972,12,0,2.985523,4.742553,2.198825,0.770378,0.093813,view
24,12.00572,1,10.681907,11.517198,0.165652,0.010156,0.136643,0.01792,12,0,2.806882,5.258037,2.192937,0.67042,0.080935,view
25,1.197902,0,0,0.779614,0.118204,0.010767,0.092626,0.012874,12,0,2.806882,5.258037,2.192937,0.663133,0.106217,view
26,11.84827,1,10.381842,11.386148,0.11848,0.011175,0.091147,0.013653,12,0,3.003649,4.715434,2.213166,0.842583,0.081355,view
27,1.188441,0,0,0.775385,0.115574,0.009999,0.091376,0.012271,12,0,3.003649,4.715434,2.213166,0.685046,0.080099,view
28,11.55188,1,10.327251,11.117164,0.112277,0.009509,0.087844,0.012888,12,0,2.990216,4.688094,2.231985,0.638898,0.08027,view
29,1.140001,0,0,0.731937,0.110063,0.008274,0.089174,0.011323,12,0,2.990216,4.688094,2.231985,0.641804,0.08007,view
30,12.522373,1,10.940763,11.98873,0.197263,0.023059,0.153658,0.018105,12,0,2.923425,5.198306,2.355121,0.870902,0.080195,view
31,1.142211,0,0,0.734307,0.110742,0.008435,0.089366,0.011617,12,0,2.923425,5.198306,2.355121,0.644024,0.080111,view
32,13.648289,1,12.465335,13.230454,0.094767,0.005357,0.079587,0.009184,12,0,3.282888,6.045827,2.687701,0.610943,0.081018,view
33,1.155848,0,0,0.738917,0.118211,0.010377,0.092668,0.012973,12,0,3.282888,6.045827,2.687701,0.648319,0.080147,view
34,12.732926,1,11.520315,12.293109,0.128514,0.009291,0.104769,0.012596,12,0,3.136002,5.459802,2.45506,0.619194,0.08038,view
35,1.151781,0,0,0.741547,0.111565,0.008553,0.089896,0.011523,12,0,3.136002,5.459802,2.45506,0.651261,0.080045,view
36,13.194766,1,12.015541,12.782565,0.091006,0.005239,0.076182,0.008992,12,0,3.2757,5.620714,2.694445,0.614307,0.080867,view
37,1.149324,0,0,0.732765,0.116969,0.010161,0.092124,0.012575,12,0,3.2757,5.620714,2.694445,0.642494,0.080026,view
38,12.64957,1,11.420434,12.233397,0.110115,0.009202,0.086571,0.012171,12,0,3.061896,5.412041,2.519045,0.658511,0.080378,view
39,1.161393,0,0,0.739445,0.119631,0.010429,0.093645,0.013318,12,0,3.061896,5.412041,2.519045,0.648787,0.080115,view
40,12.687013,1,11.533539,12.297533,0.091189,0.005465,0.076109,0.009004,12,0,3.038878,5.490093,2.575834,0.614039,0.08307,view
41,1.194003,0,0,0.754624,0.108051,0.008092,0.087965,0.010813,12,0,3.038878,5.490093,2.575834,0.664382,0.080039,view
42,12.803002,1,11.600984,12.385764,0.110503,0.009769,0.086204,0.012366,12,0,3.133732,5.548805,2.492079,0.628952,0.080236,view
43,1.26841,0,0,0.75704,0.11833,0.010148,0.092741,0.013341,12,0,3.133732,5.548805,2.492079,0.665964,0.080176,view
44,12.777199,1,11.536739,12.374361,0.095563,0.005992,0.078884,0.010023,12,0,3.154494,5.458773,2.49736,0.688938,0.080192,view
45,1.144026,0,0,0.73048,0.111232,0.008864,0.089735,0.011147,12,0,3.154494,5.458773,2.49736,0.640303,0.080034,view
46,13.540075,1,12.035381,13.062258,0.112151,0.006334,0.095236,0.00961,12,0,3.252547,5.838004,2.513532,0.853866,0.080898,view
47,1.162855,0,0,0.734152,0.110083,0.009677,0.086237,0.012125,12,0,3.252547,5.838004,2.513532,0.643663,0.080029,view
48,13.378151,1,12.172196,12.945904,0.109819,0.006387,0.093319,0.009361,12,0,3.201607,5.819548,2.726604,0.616651,0.081403,view
49,1.148942,0,0,0.737492,0.111474,0.009867,0.087231,0.012586,12,0,3.201607,5.819548,2.726604,0.647127,0.080072,view
50,14.275447,1,12.796328,13.645039,0.096257,0.006194,0.079854,0.009523,12,0,3.22996,6.131417,2.901209,0.613068,0.124389,view
51,1.158898,0,0,0.742174,0.113945,0.010657,0.087889,0.013133,12,0,3.22996,6.131417,2.901209,0.651306,0.080137,view
52,13.263068,1,12.004788,12.819777,0.122778,0.009594,0.097315,0.013804,12,0,3.147699,5.614902,2.806643,0.649761,0.080889,view
53,1.272542,0,0,0.820863,0.116426,0.010638,0.090103,0.013507,12,0,3.147699,5.614902,2.806643,0.691635,0.118417,view
54,13.484122,1,12.240409,13.029671,0.109029,0.009388,0.08619,0.011732,12,0,3.148185,5.941849,2.715584,0.630142,0.081023,view
55,1.300739,0,0,0.797484,0.122842,0.01196,0.093482,0.014579,12,0,3.148185,5.941849,2.715584,0.67112,0.103731,view
56,13.871541,1,12.528613,13.40684,0.11975,0.011065,0.092177,0.013535,12,0,3.311524,6.011827,2.771849,0.679927,0.116013,view
57,1.198069,0,0,0.768472,0.11518,0.010499,0.088716,0.013353,12,0,3.311524,6.011827,2.771849,0.677544,0.08009,view
58,17.195009,1,15.500307,16.566902,0.197492,0.014848,0.160954,0.0187,12,0,3.678948,8.332789,3.022994,0.890545,0.083512,view
59,1.22265,0,0,0.801659,0.116173,0.010737,0.089093,0.013743,12,0,3.678948,8.332789,3.022994,0.710551,0.080128,view
60,14.217052,1,12.877886,13.694296,0.091544,0.005644,0.076453,0.00885,12,0,3.317034,6.193194,2.913804,0.637411,0.092248,view
61,1.367909,0,0,0.825512,0.14771,0.01162,0.119413,0.014181,12,0,3.317034,6.193194,2.913804,0.706871,0.107165,view
62,14.99038,1,13.202257,14.332565,0.151447,0.011761,0.123123,0.013848,12,0,3.25442,6.289,3.038796,0.87254,0.139852,view
63,1.286299,0,0,0.824548,0.131511,0.011571,0.103715,0.013325,12,0,3.25442,6.289,3.038796,0.728726,0.082446,view
64,18.616577,1,17.06122,17.987361,0.097743,0.006183,0.080949,0.009561,12,0,3.556896,7.145395,3.219882,0.660747,0.139997,view
65,1.322222,0,0,0.840597,0.123843,0.011705,0.094149,0.01511,12,0,3.556896,7.145395,3.219882,0.743558,0.084041,view
66,14.731596,1,13.17603,14.040976,0.093048,0.006013,0.077293,0.008909,12,0,3.198003,6.394428,3.1113,0.651503,0.127955,view
67,1.64173,0,0,0.99404,0.222985,0.017125,0.159068,0.043008,12,0,3.198003,6.394428,3.1113,0.8404,0.127294,view
68,14.198945,1,12.800375,13.702995,0.10342,0.007183,0.084024,0.011033,12,0,3.178651,6.272553,2.822632,0.725132,0.085717,view
69,1.263387,0,0,0.80489,0.123067,0.011987,0.093627,0.014792,12,0,3.178651,6.272553,2.822632,0.707406,0.084896,view
70,14.426765,1,13.023341,13.903235,0.100223,0.006635,0.082583,0.009633,12,0,3.493812,6.392862,2.668304,0.706995,0.082597,view
71,1.287063,0,0,0.854302,0.118121,0.011159,0.090064,0.014247,12,0,3.493812,6.392862,2.668304,0.759427,0.082558,view
72,14.870575,1,13.439733,14.351124,0.121493,0.011319,0.09389,0.013924,12,0,3.520813,6.66243,2.780293,0.744537,0.083404,view
73,1.550912,0,0,0.853529,0.219535,0.018302,0.175132,0.022941,12,0,3.520813,6.66243,2.780293,0.697503,0.138049,view
74,16.067617,1,14.300735,15.503489,0.163928,0.011364,0.131698,0.019369,12,0,3.73592,7.414348,2.711868,1.03521,0.081115,view
75,1.248861,0,0,0.757124,0.147144,0.010914,0.109955,0.02366,12,0,3.73592,7.414348,2.711868,0.663172,0.082328,view
76,14.152519,1,12.889632,13.714409,0.092915,0.005518,0.077659,0.008816,12,0,3.386275,6.262554,2.753218,0.662212,0.083378,view
77,1.798939,0,0,1.128048,0.195275,0.016433,0.15241,0.022765,12,0,3.386275,6.262554,2.753218,0.995716,0.11548,view
78,18.747003,1,16.835455,18.095446,0.190763,0.015103,0.151273,0.021161,12,0,4.209993,8.727737,3.36607,1.063517,0.095181,view
79,1.181982,0,0,0.762092,0.116502,0.01085,0.089802,0.013542,12,0,4.209993,8.727737,3.36607,0.670914,0.080241,view
80,14.666097,1,13.412014,14.216269,0.100889,0.006603,0.083172,0.01034,12,0,3.391475,6.36821,3.121417,0.633076,0.083799,view
81,1.24562,0,0,0.792899,0.137248,0.010355,0.110844,0.013169,12,0,3.391475,6.36821,3.121417,0.675202,0.099874,view
82,15.393444,1,14.016587,14.903923,0.110831,0.006941,0.083245,0.019879,12,0,3.785159,6.861529,2.900065,0.704678,0.101267,view
83,1.176236,0,0,0.712146,0.116163,0.010683,0.089757,0.013407,12,0,3.785159,6.861529,2.900065,0.621023,0.080264,view
84,14.582837,1,13.178699,14.069761,0.123954,0.010648,0.097161,0.013523,12,0,3.295674,6.396356,2.979033,0.687255,0.110723,view
85,1.2241,0,0,0.75657,0.121538,0.011622,0.092599,0.014343,12,0,3.295674,6.396356,2.979033,0.662751,0.082291,view
86,14.865643,1,13.406048,14.310107,0.114246,0.010342,0.08911,0.01252,12,0,3.384088,6.63952,2.891706,0.649607,0.149775,view
87,1.175222,0,0,0.758776,0.113729,0.010164,0.088209,0.013159,12,0,3.384088,6.63952,2.891706,0.667669,0.080151,view
88,14.233471,1,12.709629,13.716499,0.192456,0.013024,0.158801,0.018289,12,0,3.285118,6.254545,2.713372,0.841526,0.081045,view
89,1.176415,0,0,0.760764,0.113796,0.010701,0.087843,0.01304,12,0,3.285118,6.254545,2.713372,0.669819,0.080365,view
90,15.55825,1,14.194578,15.059836,0.130154,0.011112,0.104038,0.012541,12,0,3.603185,7.249862,2.902784,0.685367,0.081245,view
91,1.41452,0,0,0.916501,0.169674,0.020726,0.133029,0.013279,12,0,3.603185,7.249862,2.902784,0.796367,0.108783,view
92,14.537312,1,13.111008,14.02496,0.125428,0.006728,0.108035,0.009546,12,0,3.399506,6.199815,2.90115,0.682786,0.122497,view
93,1.136049,0,0,0.712512,0.11649,0.010375,0.091096,0.012541,12,0,3.399506,6.199815,2.90115,0.621837,0.080024,view
94,13.237518,1,12.012505,12.820512,0.110068,0.008837,0.087487,0.011539,12,0,3.257869,5.728439,2.592623,0.656914,0.080276,view
95,1.199904,0,0,0.718964,0.114887,0.009927,0.090444,0.012374,12,0,3.257869,5.728439,2.592623,0.628157,0.080088,view
96,14.405643,1,13.146721,13.953169,0.103921,0.006466,0.087314,0.00932,12,0,3.184364,6.183357,3.173112,0.612056,0.084413,view
97,1.131129,0,0,0.711042,0.119025,0.010191,0.094302,0.012599,12,0,3.184364,6.183357,3.173112,0.620036,0.080176,view
98,13.272238,1,11.962349,12.850695,0.105555,0.008172,0.084473,0.011059,12,0,3.091597,5.720508,2.721507,0.735985,0.080666,view
99,1.140291,0,0,0.719382,0.112391,0.010045,0.08796,0.012309,12,0,3.091597,5.720508,2.721507,0.628512,0.080067,view
100,13.992613,1,12.650619,13.492986,0.149186,0.009385,0.126425,0.01124,12,0,3.208772,6.042129,2.885006,0.682525,0.081501,view
101,1.358896,0,0,0.875832,0.124041,0.010573,0.098017,0.012933,12,0,3.208772,6.042129,2.885006,0.778511,0.086075,view
102,13.960517,1,12.769704,13.534323,0.095145,0.005471,0.080871,0.008278,12,0,3.318652,6.283637,2.685466,0.610076,0.081098,view
103,1.26154,0,0,0.806849,0.149062,0.011387,0.112424,0.022626,12,0,3.318652,6.283637,2.685466,0.706352,0.080075,view
104,13.168755,1,11.926953,12.708903,0.110378,0.009402,0.087403,0.011334,12,0,3.147672,5.77463,2.569175,0.631366,0.08041,view
105,1.539845,0,0,1.044318,0.114001,0.010328,0.088181,0.013082,12,0,3.147672,5.77463,2.569175,0.918733,0.11426,view
106,13.237966,1,12.076162,12.841435,0.09051,0.005519,0.076361,0.008037,12,0,3.192904,5.809812,2.645467,0.616087,0.080311,view
107,1.137461,0,0,0.705382,0.107911,0.009192,0.08545,0.011677,12,0,3.192904,5.809812,2.645467,0.615064,0.080025,view
108,13.331764,1,12.032326,12.89859,0.110305,0.010227,0.086533,0.011258,12,0,3.177911,5.785331,2.638009,0.711777,0.080911,view
109,1.161895,0,0,0.740213,0.113928,0.01032,0.089076,0.012289,12,0,3.177911,5.785331,2.638009,0.649192,0.080011,view
110,16.587444,1,15.357878,16.171325,0.090366,0.005371,0.075961,0.00836,12,0,3.78763,8.116243,3.017179,0.656055,0.084372,view
111,1.311617,0,0,0.799785,0.138538,0.011564,0.110701,0.013073,12,0,3.78763,8.116243,3.017179,0.708104,0.080363,view
112,13.649316,1,12.040062,13.186989,0.127304,0.006819,0.110532,0.008728,12,0,3.155529,5.881865,2.570419,0.992542,0.080488,view
113,1.205909,0,0,0.773974,0.113956,0.009976,0.0896,0.012609,12,0,3.155529,5.881865,2.570419,0.655186,0.107918,view
114,13.081356,1,11.867331,12.661618,0.112248,0.009879,0.088294,0.011746,12,0,3.119903,5.702605,2.608523,0.641362,0.080224,view
115,1.1325,0,0,0.730181,0.10351,0.007639,0.084144,0.010561,12,0,3.119903,5.702605,2.608523,0.639613,0.080047,view
116,13.626157,1,12.427831,13.211267,0.090241,0.005384,0.076123,0.008223,12,0,3.392962,6.040046,2.546046,0.629024,0.080891,view
117,1.144458,0,0,0.733026,0.110637,0.009954,0.086948,0.011783,12,0,3.392962,6.040046,2.546046,0.642298,0.080085,view
118,13.08099,1,11.853872,12.6646,0.11051,0.009166,0.087641,0.011399,12,0,3.144561,5.636876,2.639509,0.658451,0.082036,view
119,1.15747,0,0,0.73471,0.118541,0.010285,0.093079,0.012935,12,0,3.144561,5.636876,2.639509,0.643527,0.080101,view
120,13.128929,1,11.954192,12.737096,0.090748,0.005536,0.076396,0.008199,12,0,3.108508,5.817569,2.578279,0.613593,0.090436,view
121,1.158194,0,0,0.752515,0.106109,0.008214,0.084779,0.011511,12,0,3.108508,5.817569,2.578279,0.662035,0.080035,view
122,13.16253,1,11.83767,12.70469,0.14585,0.009788,0.109555,0.024263,12,0,3.127688,5.71196,2.570422,0.71522,0.080307,view
123,1.15123,0,0,0.737307,0.111594,0.009557,0.087405,0.012612,12,0,3.127688,5.71196,2.570422,0.646409,0.080075,view
124,13.064776,1,11.850773,12.672961,0.090644,0.005371,0.076393,0.008279,12,0,3.111822,5.664272,2.647132,0.673801,0.080248,view
125,1.474293,0,0,0.864926,0.185653,0.013702,0.148274,0.020596,12,0,3.111822,5.664272,2.647132,0.730782,0.119262,view
126,13.224231,1,11.916656,12.783941,0.099574,0.006575,0.082705,0.009461,12,0,3.10422,5.718728,2.666787,0.71652,0.080456,view
127,1.143064,0,0,0.725005,0.114521,0.008936,0.092398,0.011712,12,0,3.10422,5.718728,2.666787,0.634521,0.080174,view
