test,quantity,actual,expected,error_or_wrong_result,status
counterflow,momentum,0.75,0.75,0,PASS
negative_net_first,momentum,0,0.75,0.75,DETECTED
unequal_branch_mass,velocity,0.10000000000000001,0.1,0.5,PASS
frozen_source_cancellation,momentum_source,0,0,0.08249999999999999,PASS
reference_uniform_constant,prolongation_fine_parent_divergence,0,0,0,PASS
reference_uniform_smooth,prolongation_fine_parent_divergence,0,0,0,PASS
reference_uniform_seeded_random,prolongation_fine_parent_divergence,0,0,0,PASS
reference_uniform_constant,prolongation_fine_parent_divergence,0,0,0,PASS
reference_uniform_smooth,prolongation_fine_parent_divergence,0,0,0,PASS
reference_uniform_seeded_random,prolongation_fine_parent_divergence,0,0,0,PASS
reference_uniform_constant,prolongation_fine_parent_divergence,0,0,0,PASS
reference_uniform_smooth,prolongation_fine_parent_divergence,0,0,0,PASS
reference_uniform_seeded_random,prolongation_fine_parent_divergence,0,0,0,PASS
reference_streamfunction_constant,prolongation_fine_parent_divergence,1.1102230246251565e-15,0,1.1102230246251565e-15,PASS
reference_streamfunction_smooth,prolongation_fine_parent_divergence,1.1102230246251565e-15,0,1.1102230246251565e-15,PASS
reference_streamfunction_seeded_random,prolongation_fine_parent_divergence,1.1102230246251565e-15,0,1.1102230246251565e-15,PASS
reference_streamfunction_constant,prolongation_fine_parent_divergence,1.1102230246251565e-15,0,1.1102230246251565e-15,PASS
reference_streamfunction_smooth,prolongation_fine_parent_divergence,1.1102230246251565e-15,0,1.1102230246251565e-15,PASS
reference_streamfunction_seeded_random,prolongation_fine_parent_divergence,1.1102230246251565e-15,0,1.1102230246251565e-15,PASS
reference_streamfunction_constant,prolongation_fine_parent_divergence,1.1102230246251565e-15,0,1.1102230246251565e-15,PASS
reference_streamfunction_smooth,prolongation_fine_parent_divergence,1.1102230246251565e-15,0,1.1102230246251565e-15,PASS
reference_streamfunction_seeded_random,prolongation_fine_parent_divergence,1.1102230246251565e-15,0,1.1102230246251565e-15,PASS
open_boundary_slab_1,retained_liquid,0.049999999999999878,0.05,1.2490009027033011e-16,PASS
open_boundary_slab_1,net_mass_export,0,0,0,PASS
open_boundary_slab_1,net_px_export,0,0,0,PASS
open_boundary_slab_1000,retained_liquid,0.049999999999999878,0.05,1.2490009027033011e-16,PASS
open_boundary_slab_1000,net_mass_export,149.84999999999977,149.84999999999999,1.1323390211316337e-15,PASS
open_boundary_slab_1000,net_px_export,44.955000000000034,44.954999999999998,1.7692797205181777e-16,PASS
open_boundary_slab_1000000,retained_liquid,0.049999999999999878,0.05,1.2490009027033011e-16,PASS
open_boundary_slab_1000000,net_mass_export,149999.85000000015,149999.85000000001,7.2759285104693836e-16,PASS
open_boundary_slab_1000000,net_px_export,44999.955000000045,44999.955000000002,2.182778553140815e-16,PASS
covariance_axis_exchange,fraction_covariance,4.0939474033052647e-16,0,5.6843418860808015e-14,PASS
covariance_axis_exchange,velocity_covariance,9.2148511043887993e-15,0,1.023216151748211e-08,PASS
covariance_x_reflection,fraction_covariance,5.5511151231257827e-16,0,5.6843418860808015e-14,PASS
covariance_x_reflection,velocity_covariance,4.7739590058881731e-15,0,1.023216151748211e-08,PASS
negative_old_mass,actual_transport_error,114665.59372354943,0,1e-8,DETECTED
negative_velocity_mean,actual_transport_error,0.61340653870324569,0,1e-8,DETECTED
