x,y,z,vx,vy,vz,ax,ay,az,mass
-0.9100000262260437,0.08999999612569809,-0.9100000262260437,0,3.5762859340593423e-10,0,0,0,-1.0728856913999607e-08,15.625
-0.63977652788162231,0.08999999612569809,-0.9100000262260437,0.041905399411916733,0,0,-2.0380318164825439,0,0,15.625
-0.41684207320213318,0.08999999612569809,-0.9100000262260437,0.10737825185060501,3.5762859340593423e-10,0,-3.6762504577636719,1.0728856913999607e-08,-1.0728856913999607e-08,15.625
0.0078334501013159752,0.08999999612569809,-0.9100000262260437,0.30525964498519897,0,0,-2.0965933799743652,0,-1.0728856913999607e-08,15.625
-0.19619236886501312,0.08999999612569809,-0.9100000262260437,-0.065849550068378448,0,0,-0.32684257626533508,0,0,15.625
0.48104533553123474,0.08999999612569809,-0.9100000262260437,-0.15239056944847107,0,0,-0.15469639003276825,0,0,15.625
0.41907727718353271,0.08999999612569809,-0.9100000262260437,0.21834017336368561,0,0,-0.38201045989990234,0,0,15.625
0.9100000262260437,0.08999999612569809,-0.9100000262260437,0,0,0,0,-1.0728856913999607e-08,-1.0728856913999607e-08,15.625
-0.9100000262260437,0.08999999612569809,-0.64469772577285767,7.1525718681186845e-10,0,-0.00038464181125164032,2.1457713827999214e-08,0,0.44679918885231018,15.625
-0.41667202115058899,0.08999999612569809,-0.9100000262260437,0.10740749537944794,3.5762859340593423e-10,0,-3.7298223972320557,1.0728856913999607e-08,0,15.625
-0.42135128378868103,0.08999999612569809,-0.63571107387542725,0.091920889914035797,7.1525718681186845e-10,0.059277281165122986,1.6182080507278442,0,0.14388440549373627,15.625
-0.15508216619491577,0.08999999612569809,-0.64502346515655518,0.054182682186365128,0,-0.0088977953419089317,0.40989953279495239,0,-1.0325547456741333,15.625
0.15560732781887054,0.08999999612569809,-0.65077024698257446,0.075039036571979523,0,-0.022094853222370148,-0.0083781033754348755,0,0.64795202016830444,15.625
0.39881694316864014,0.08999999612569809,-0.6434975266456604,-0.01819724403321743,7.1525718681186845e-10,-0.007948482409119606,-1.4228150844573975,2.1457713827999214e-08,0.30908003449440002,15.625
0.48096960783004761,0.08999999612569809,-0.9100000262260437,-0.15371096134185791,0,0,-0.10817482322454453,0,0,15.625
0.9100000262260437,0.08999999612569809,-0.44578394293785095,0,0,-0.13501474261283875,0,0,-1.6926720142364502,15.625
-0.9100000262260437,0.08999999612569809,-0.43226388096809387,0,0,0.11531466245651245,0,0,0.48135724663734436,15.625
-0.65554523468017578,0.08999999612569809,-0.6547696590423584,-0.014393686316907406,0,-0.10139480978250504,2.2178916931152344,0,-0.16192226111888885,15.625
-0.2799798846244812,0.08999999612569809,-0.42027860879898071,0.071943193674087524,0,-0.021799422800540924,0.57847869396209717,0,-0.32146245241165161,15.625
-0.086666755378246307,0.08999999612569809,-0.25028041005134583,0.11630973964929581,0,0.014637818560004234,0.51266288757324219,0,0.73100543022155762,15.625
0.19591853022575378,0.08999999612569809,-0.45568999648094177,0.13315413892269135,0,0.050366811454296112,0.62980431318283081,0,0.44725722074508667,15.625
0.60182172060012817,0.08999999612569809,-0.43657118082046509,0.11640287935733795,0,0.088088497519493103,-0.32841053605079651,0,0.3909907341003418,15.625
0.62548816204071045,0.08999999612569809,-0.63286823034286499,-0.015561721287667751,7.1525718681186845e-10,-0.17914202809333801,0.69376218318939209,2.1457713827999214e-08,0.26029586791992188,15.625
0.9100000262260437,0.08999999612569809,-0.44578403234481812,0,3.5762859340593423e-10,-0.13501612842082977,0,1.0728856913999607e-08,-1.6926451921463013,15.625
-0.9100000262260437,0.08999999612569809,-0.0083940792828798294,0,0,0.39527285099029541,0,0,2.8550746440887451,15.625
-0.64815264940261841,0.08999999612569809,-0.172056645154953,0.015078277327120304,0,0.057599987834692001,-0.16171638667583466,0,0.93744766712188721,15.625
-0.26857873797416687,0.08999999612569809,-0.12867215275764465,0.054735049605369568,0,-0.021749809384346008,0.81179660558700562,0,0.16977477073669434,15.625
-0.010460187681019306,0.08999999612569809,-0.040344033390283585,0.11423692107200623,0,0.14431580901145935,0.31449860334396362,0,0.2190948873758316,15.625
-0.0072453748434782028,0.08999999612569809,-0.015458398498594761,0.0066510485485196114,0,-0.10594224184751511,0.55462092161178589,0,-1.378257155418396,15.625
0.20081277191638947,0.08999999612569809,-0.24949091672897339,0.052973594516515732,0,-0.054213795810937881,-0.54797536134719849,0,0.75804978609085083,15.625
0.62219727039337158,0.08999999612569809,-0.042806506156921387,0.041669879108667374,0,0.038615617901086807,0.18330281972885132,0,0.021851396188139915,15.625
0.9100000262260437,0.08999999612569809,-0.010589472018182278,0,3.5762859340593423e-10,-0.0032569956965744495,0,1.0728856913999607e-08,-0.42646485567092896,15.625
-0.9100000262260437,0.08999999612569809,0.034571330994367599,0,3.5762859340593423e-10,-0.095777437090873718,0,1.0728856913999607e-08,-2.9061648845672607,15.625
-0.64379662275314331,0.08999999612569809,0.16357409954071045,-0.030666062608361244,7.1525718681186845e-10,-0.0037628370337188244,0.87739181518554688,2.1457713827999214e-08,-0.084253937005996704,15.625
-0.25581008195877075,0.08999999612569809,0.10761424154043198,0.0076396148651838303,0,-0.040379628539085388,-0.20610970258712769,0,0.59382003545761108,15.625
0.11300916224718094,0.08999999612569809,-0.039064869284629822,-0.035072993487119675,3.5762859340593423e-10,-0.0039234068244695663,-0.63042551279067993,0,-0.62524467706680298,15.625
0.014121949672698975,0.08999999612569809,0.11806152015924454,-0.025359610095620155,0,0.018497131764888763,-0.24122071266174316,0,0.82226234674453735,15.625
0.22231686115264893,0.08999999612569809,0.2105281800031662,-0.0040884986519813538,0,0.039440374821424484,0.21024355292320251,0,-0.086736820638179779,15.625
0.6421164870262146,0.08999999612569809,0.25220972299575806,-0.043942339718341827,0,0.088085629045963287,-0.31673523783683777,0,-1.1038006544113159,15.625
0.9100000262260437,0.08999999612569809,-0.01337108388543129,0,0,-0.024646800011396408,0,0,0.82822507619857788,15.625
-0.9100000262260437,0.08999999612569809,0.23963716626167297,0,0,0.080316007137298584,0,0,0.463224858045578,15.625
-0.9100000262260437,0.08999999612569809,0.48059427738189697,0,0,-0.26055425405502319,0,-1.0728856913999607e-08,-2.5018110275268555,15.625
-0.28995400667190552,0.08999999612569809,0.42244154214859009,-0.023221611976623535,7.1525718681186845e-10,-0.0064758388325572014,0.31290334463119507,2.1457713827999214e-08,0.10584359616041183,15.625
-0.11833097785711288,0.08999999612569809,0.27605807781219482,-0.053907744586467743,0,0.034173201769590378,-0.69172334671020508,0,0.18748891353607178,15.625
0.24281789362430573,0.08999999612569809,0.42750394344329834,0.075427889823913574,0,-0.035552415996789932,-0.65546143054962158,-1.0728856913999607e-08,0.25076082348823547,15.625
0.51349592208862305,0.08999999612569809,0.57267743349075317,0.040163937956094742,0,0.093935273587703705,-2.0474231243133545,-1.0728856913999607e-08,-0.06941579282283783,15.625
0.9100000262260437,0.08999999612569809,0.42349866032600403,0,0,-0.041384425014257431,0,0,0.2622029185295105,15.625
0.9100000262260437,0.08999999612569809,0.20359332859516144,0,0,-0.033013824373483658,0,0,0.45348474383354187,15.625
-0.9100000262260437,0.08999999612569809,0.4119570255279541,0,3.5762859340593423e-10,0.46873879432678223,0,1.0728856913999607e-08,2.6136319637298584,15.625
-0.63249820470809937,0.08999999612569809,0.65294963121414185,-0.033953353762626648,0,0.025274539366364479,-1.268061637878418,-2.1457713827999214e-08,0.61589807271957397,15.625
-0.4053313136100769,0.08999999612569809,0.63895934820175171,0.092830188572406769,0,0.021956117823719978,0.56257903575897217,0,0.75921761989593506,15.625
-0.18357327580451965,0.08999999612569809,0.6534162163734436,0.014839744195342064,0,0.0016967263072729111,-0.50902408361434937,0,0.27098840475082397,15.625
0.059268541634082794,0.08999999612569809,0.6748199462890625,0.011389519087970257,0,-0.016574479639530182,-0.085462018847465515,0,-0.55862289667129517,15.625
0.28804871439933777,0.08999999612569809,0.631705641746521,0.025405919179320335,0,-0.013909336179494858,0.5912022590637207,0,0.13766247034072876,15.625
0.61809825897216797,0.08999999612569809,0.76193439960479736,0.065499790012836456,1.4305143736237369e-09,0.18730653822422028,0.58505761623382568,4.2915427655998428e-08,-1.0679134130477905,15.625
0.9100000262260437,0.08999999612569809,0.42327821254730225,0,3.5762859340593423e-10,-0.068689063191413879,0,1.0728856913999607e-08,0.72958832979202271,15.625
-0.9100000262260437,0.08999999612569809,0.9100000262260437,0,0,0,0,0,0,15.625
-0.48744869232177734,0.08999999612569809,0.9100000262260437,-0.057389713823795319,0,0,-0.3123466968536377,0,0,15.625
-0.48744872212409973,0.08999999612569809,0.9100000262260437,-0.057389724999666214,0,0,-0.31234678626060486,0,0,15.625
-0.0347466841340065,0.08999999612569809,0.9100000262260437,-0.041629757732152939,0,-3.5762859340593423e-10,0.22984619438648224,0,-1.0728856913999607e-08,15.625
-0.034746699035167694,0.08999999612569809,0.9100000262260437,-0.04163004457950592,0,-3.5762859340593423e-10,0.22983971238136292,0,-1.0728856913999607e-08,15.625
0.38466641306877136,0.08999999612569809,0.9100000262260437,-0.082094296813011169,0,0,-1.7811506986618042,0,0,15.625
0.38894754648208618,0.08999999612569809,0.9100000262260437,-0.13039685785770416,0,-3.5762859340593423e-10,-1.4402831792831421,0,-1.0728856913999607e-08,15.625
0.9100000262260437,0.08999999612569809,0.9100000262260437,0,0,0,0,0,0,15.625
-0.9100000262260437,0.08999999612569809,-0.9100000262260437,0,3.5762859340593423e-10,0,0,0,-1.0728856913999607e-08,15.625
-0.9100000262260437,0.08999999612569809,-0.9100000262260437,0,3.5762859340593423e-10,0,0,0,-1.0728856913999607e-08,15.625
-0.39923277497291565,0.08999999612569809,-0.9100000262260437,-0.53884685039520264,3.5762859340593423e-10,0,0.28868970274925232,1.0728856913999607e-08,0,15.625
0.0075265443883836269,0.08999999612569809,-0.9100000262260437,0.061571985483169556,0,0,1.5338162183761597,0,0,15.625
0.042931430041790009,0.08999999612569809,-0.9100000262260437,-0.55045163631439209,3.5762859340593423e-10,0,-1.2843577861785889,0,-1.0728856913999607e-08,15.625
0.23811706900596619,0.08999999612569809,-0.9100000262260437,-0.06804889440536499,0,0,-0.31786701083183289,0,0,15.625
0.6847042441368103,0.08999999612569809,-0.9100000262260437,-0.01322614960372448,0,0,0.030111370608210564,0,0,15.625
0.9100000262260437,0.08999999612569809,-0.9100000262260437,0,0,0,0,-1.0728856913999607e-08,-1.0728856913999607e-08,15.625
-0.9100000262260437,0.08999999612569809,-0.43219828605651855,0,0,0.08803597092628479,0,0,0.86816442012786865,15.625
-0.45065832138061523,0.08999999612569809,-0.42899125814437866,0.083444289863109589,0,0.13035918772220612,1.9940378665924072,0,0.61419832706451416,15.625
-0.64434164762496948,0.08999999612569809,-0.452554851770401,-0.0034521576017141342,0,0.089514069259166718,1.2175904512405396,0,2.0203988552093506,15.625
0.027444729581475258,0.08999999612569809,-0.47753563523292542,-0.076570481061935425,0,-0.099502898752689362,0.51315975189208984,0,-0.72822976112365723,15.625
-0.1227768212556839,0.08999999612569809,-0.46315979957580566,0.047739051282405853,0,-0.09778788685798645,0.38484969735145569,0,-1.2258992195129395,15.625
0.64207303524017334,0.08999999612569809,-0.25882422924041748,-0.015562137588858604,0,0.1430169939994812,-0.27245128154754639,0,-0.58652752637863159,15.625
0.38087454438209534,0.08999999612569809,-0.42768585681915283,-0.020214920863509178,0,-0.00044949713628739119,-1.0009468793869019,-2.1457713827999214e-08,0.76443129777908325,15.625
0.9100000262260437,0.08999999612569809,-0.68165093660354614,0,0,0.0050410889089107513,2.1457713827999214e-08,0,0.092513181269168854,15.625
-0.9100000262260437,0.08999999612569809,-0.36524403095245361,0,0,-0.38163819909095764,0,0,-3.5669426918029785,15.625
-0.45163995027542114,0.08999999612569809,-0.26811262965202332,0.080568462610244751,0,0.085033580660820007,0.57588285207748413,0,1.0320053100585938,15.625
0.47135108709335327,0.08999999612569809,-0.24702347815036774,0.037830319255590439,0,-0.081401951611042023,0.68813991546630859,0,-0.47381666302680969,15.625
0.9100000262260437,0.08999999612569809,-0.48659658432006836,0,0,0.19511289894580841,0,0,2.7908284664154053,15.625
-0.9100000262260437,0.08999999612569809,-0.18557402491569519,0,0,-0.056857019662857056,0,0,-3.8953897953033447,15.625
-0.48412105441093445,0.08999999612569809,-0.0049998979084193707,0.019947474822402,0,0.026792872697114944,0.041708793491125107,0,0.53138870000839233,15.625
0.3423227071762085,0.08999999612569809,-0.074686959385871887,-0.023757785558700562,7.1525718681186845e-10,-0.096043512225151062,-0.40150198340415955,2.1457713827999214e-08,0.00096157187363132834,15.625
0.9100000262260437,0.08999999612569809,-0.23276592791080475,0,0,-0.073109954595565796,0,0,-0.17014032602310181,15.625
-0.9100000262260437,0.08999999612569809,0.047429647296667099,0,0,-0.44982129335403442,-1.0728856913999607e-08,0,-1.8765636682510376,15.625
-0.4801221489906311,0.08999999612569809,-0.0063648279756307602,-0.006021205335855484,3.5762859340593423e-10,0.033937904983758926,-0.21274566650390625,1.0728856913999607e-08,0.61588901281356812,15.625
0.45614498853683472,0.08999999612569809,0.11807702481746674,-0.05353941023349762,0,0.074954450130462646,0.63502901792526245,-1.0728856913999607e-08,0.5425410270690918,15.625
0.9100000262260437,0.08999999612569809,-0.01168348640203476,0,0,0.019820656627416611,0,0,-0.38431113958358765,15.625
-0.9100000262260437,0.08999999612569809,0.4805934727191925,0,0,-0.26054525375366211,0,-1.0728856913999607e-08,-2.5016264915466309,15.625
-0.44359555840492249,0.08999999612569809,0.263877272605896,0.075566932559013367,0,-0.042673356831073761,0.21695403754711151,0,-1.0642120838165283,15.625
0.45030671358108521,0.08999999612569809,0.14003989100456238,0.0064553697593510151,0,-0.0754050612449646,0.36180925369262695,0,1.0083091259002686,15.625
0.9100000262260437,0.08999999612569809,0.42417505383491516,0,0,-0.029259782284498215,0,0,-0.14818599820137024,15.625
-0.9100000262260437,0.08999999612569809,0.6867445707321167,0,0,-0.039796072989702225,0,-4.2915427655998428e-08,-1.1170237064361572,15.625
-0.44916450977325439,0.08999999612569809,0.41352766752243042,0.035455573350191116,0,0.010855209082365036,1.1358902454376221,0,-0.28590038418769836,15.625
-0.63119655847549438,0.08999999612569809,0.42061501741409302,-0.026260793209075928,0,0.01255892775952816,-1.3895211219787598,0,-0.40067818760871887,15.625
-0.069690831005573273,0.08999999612569809,0.46945768594741821,0.063354462385177612,0,-0.016762383282184601,-0.70050442218780518,0,0.097019575536251068,15.625
0.07954183965921402,0.08999999612569809,0.42912894487380981,0.034717291593551636,7.1525718681186845e-10,-0.001597339054569602,-0.16375957429409027,2.1457713827999214e-08,-0.35891944169998169,15.625
0.64922791719436646,0.08999999612569809,0.50758498907089233,0.053303353488445282,0,0.11675142496824265,0.62937057018280029,-2.1457713827999214e-08,-1.4290082454681396,15.625
0.44493752717971802,0.08999999612569809,0.39454221725463867,0.074656367301940918,0,0.043769247829914093,-0.5805889368057251,-2.1457713827999214e-08,-0.46497902274131775,15.625
0.9100000262260437,0.08999999612569809,0.64908647537231445,-7.1525718681186845e-10,0,-0.028612161055207253,-2.1457713827999214e-08,-4.2915427655998428e-08,0.1155179888010025,15.625
-0.9100000262260437,0.08999999612569809,0.9100000262260437,0,0,0,0,0,0,15.625
-0.67392343282699585,0.08999999612569809,0.9100000262260437,0.0061143282800912857,0,-3.5762859340593423e-10,-0.55036717653274536,0,0,15.625
-0.3371468186378479,0.08999999612569809,0.9100000262260437,0.0066488757729530334,0,-3.5762859340593423e-10,-0.3992399275302887,0,-1.0728856913999607e-08,15.625
-0.19033984839916229,0.08999999612569809,0.9100000262260437,0.0095724426209926605,0,-3.5762859340593423e-10,-0.48919215798377991,0,-1.0728856913999607e-08,15.625
0.18905384838581085,0.08999999612569809,0.9100000262260437,-0.042876578867435455,0,0,0.052293125540018082,0,0,15.625
0.38894841074943542,0.08999999612569809,0.9100000262260437,-0.13040962815284729,0,-3.5762859340593423e-10,-1.4401557445526123,0,-1.0728856913999607e-08,15.625
0.9100000262260437,0.08999999612569809,0.9100000262260437,0,0,0,-17.608579635620117,-2.1457713827999214e-08,0,15.625
0.9100000262260437,0.08999999612569809,0.9100000262260437,0,0,0,0,0,0,15.625
-0.9100000262260437,0.08999999612569809,-0.9100000262260437,0,3.5762859340593423e-10,0,0,0,-1.0728856913999607e-08,15.625
-0.67099678516387939,0.33850884437561035,-0.9100000262260437,-0.20435398817062378,-0.044001214206218719,0,2.1305429935455322,2.0273754596710205,-2.1457713827999214e-08,15.625
-0.4514491856098175,0.33796113729476929,-0.9100000262260437,0.31602472066879272,-0.013731042854487896,0,7.006375789642334,-1.355396032333374,0,15.625
-0.17667278647422791,0.34142202138900757,-0.9100000262260437,-0.090918466448783875,0.0050652995705604553,0,-2.5433776378631592,0.84378427267074585,0,15.625
0.089367203414440155,0.33255255222320557,-0.9100000262260437,0.0098264440894126892,-0.0077872220426797867,3.5762859340593423e-10,-0.29492896795272827,-0.08635382354259491,1.0728856913999607e-08,15.625
0.33968305587768555,0.34569025039672852,-0.9100000262260437,-0.039396516978740692,-0.033733896911144257,0,-0.71706253290176392,-0.14110575616359711,0,15.625
0.56361395120620728,0.32810169458389282,-0.9100000262260437,-0.034890346229076385,0.014802634716033936,0,0.36171954870223999,-0.60548317432403564,0,15.625
0.9100000262260437,0.08999999612569809,-0.9100000262260437,0,0,0,0,-1.0728856913999607e-08,-1.0728856913999607e-08,15.625
-0.9100000262260437,0.33932340145111084,-0.67992901802062988,3.5762859340593423e-10,0.014562075957655907,-0.12936854362487793,1.0728856913999607e-08,2.6085660457611084,-0.15791280567646027,15.625
-0.51326441764831543,0.3778306245803833,-0.50557678937911987,-0.15729650855064392,-0.10962776094675064,-0.08969394862651825,-1.556658148765564,-1.8084292411804199,0.75382673740386963,15.625
-0.21927487850189209,0.37809044122695923,-0.39029988646507263,0.148732990026474,-0.01889335922896862,-0.0010646283626556396,0.92690163850784302,-0.4731786847114563,0.045042995363473892,15.625
-0.1876678466796875,0.43043303489685059,-0.6338193416595459,0.60294425487518311,0.12435906380414963,0.1060037761926651,10.97697925567627,2.1687173843383789,2.6836936473846436,15.625
0.047929458320140839,0.39458844065666199,-0.65165483951568604,-0.0075375144369900227,0.060563158243894577,0.001992060337215662,1.8188076019287109,0.28187254071235657,0.27749809622764587,15.625
0.2340647280216217,0.38347625732421875,-0.3901698887348175,0.079112902283668518,-0.012353713624179363,0.00064808130264282227,1.3256977796554565,0.040005061775445938,0.064793504774570465,15.625
0.43148735165596008,0.3487812876701355,-0.59190821647644043,0.078522965312004089,-0.026356283575296402,-0.071838647127151489,0.58296221494674683,0.027629097923636436,0.50336408615112305,15.625
0.9100000262260437,0.32010400295257568,-0.56954628229141235,0,0.0059242323040962219,0.013496272265911102,0,0.93496286869049072,0.47761133313179016,15.625
-0.9100000262260437,0.33549940586090088,-0.44362857937812805,3.5762859340593423e-10,-0.050054542720317841,0.085300512611865997,0,1.7570370435714722,-2.8252983093261719,15.625
-0.65030795335769653,0.40183684229850769,-0.34004735946655273,0.0016288543120026588,0.017086450010538101,-0.01907024160027504,1.1145147085189819,0.64175420999526978,-1.7297590970993042,15.625
0.63199079036712646,0.38624352216720581,-0.34578940272331238,-0.0077662039548158646,-0.022817172110080719,0.063595801591873169,-0.33816570043563843,0.27829304337501526,-0.2076507955789566,15.625
0.9100000262260437,0.33291691541671753,-0.3086945116519928,0,0.0011054594069719315,0.022695740684866905,0,-0.14183034002780914,-0.063173733651638031,15.625
-0.9100000262260437,0.34100580215454102,-0.20169837772846222,0,-0.034926913678646088,-0.016156554222106934,0,-1.3276104927062988,0.86517071723937988,15.625
-0.63848024606704712,0.39235851168632507,-0.11549334973096848,0.043775551021099091,0.00061024539172649384,0.11854702234268188,-0.36500459909439087,-0.41501986980438232,1.6284253597259521,15.625
0.63749182224273682,0.40970534086227417,-0.11124309897422791,-0.011488412506878376,-0.040127404034137726,0.019272657111287117,-0.44883939623832703,-0.14055098593235016,0.47163686156272888,15.625
0.9100000262260437,0.34252887964248657,-0.0614335797727108,0,-0.025426013395190239,0.026231711730360985,0,-0.48636236786842346,0.037521753460168839,15.625
-0.9100000262260437,0.3377041220664978,0.06495404988527298,0,-0.048037044703960419,0.0011899394448846579,-1.0728856913999607e-08,0.53106439113616943,-0.80425697565078735,15.625
-0.64444172382354736,0.43525850772857666,0.10903520882129669,-0.016264315694570541,-0.0684976726770401,-0.11059762537479401,-0.55583822727203369,-0.39639961719512939,1.0655382871627808,15.625
0.63765120506286621,0.39189395308494568,0.12255974113941193,-0.014533162117004395,-0.025732461363077164,0.12774002552032471,0.041980702430009842,0.19607795774936676,0.26187634468078613,15.625
0.9100000262260437,0.33445280790328979,0.19153733551502228,0,0.022157223895192146,0.031767945736646652,0,0.096498496830463409,0.21599224209785461,15.625
-0.9100000262260437,0.3454359769821167,0.31262499094009399,0,-0.0088699059560894966,-0.01175699383020401,0,-0.82041060924530029,-0.21614812314510345,15.625
-0.62100905179977417,0.38084393739700317,0.34283411502838135,0.012193946167826653,-0.016351442784070969,-0.0039499923586845398,0.76228004693984985,0.079145833849906921,0.84583234786987305,15.625
0.64233118295669556,0.38787841796875,0.35260948538780212,0.0040792464278638363,-0.071027889847755432,-0.013480296358466148,-0.22550879418849945,-0.079144380986690521,1.3996390104293823,15.625
0.9100000262260437,0.3457481861114502,0.44080197811126709,0,-0.0068435054272413254,0.0375361368060112,0,0.23031070828437805,-0.6925322413444519,15.625
-0.9100000262260437,0.32291710376739502,0.55863708257675171,0,0.038910642266273499,-0.047818515449762344,0,-0.040026489645242691,-0.044189054518938065,15.625
-0.48576182126998901,0.38907098770141602,0.60396105051040649,-0.011688483878970146,-0.033715818077325821,0.0033909957855939865,0.78757333755493164,-0.447867751121521,0.20032408833503723,15.625
-0.2763824462890625,0.36703133583068848,0.38967335224151611,-0.040232103317975998,-0.017291277647018433,-0.0014393478631973267,-1.5939620733261108,0.11678119748830795,0.040954645723104477,15.625
-0.082098931074142456,0.42061528563499451,0.64392960071563721,0.023044232279062271,-0.0081936921924352646,0.041034340858459473,-0.033613275736570358,0.024052232503890991,0.78800415992736816,15.625
0.14313510060310364,0.41575014591217041,0.63426220417022705,-0.014034442603588104,-0.014831183478236198,-0.0053881057538092136,-0.74579781293869019,0.70266109704971313,-0.60403579473495483,15.625
0.21274678409099579,0.35024288296699524,0.38978996872901917,-0.066696733236312866,-0.058735799044370651,0.0001140497624874115,-0.79401910305023193,0.78193753957748413,0.059752795845270157,15.625
0.511851966381073,0.32811099290847778,0.58499950170516968,-0.022625774145126343,-0.069862358272075653,-0.057437486946582794,0.90828955173492432,0.86615830659866333,-1.0085326433181763,15.625
0.9100000262260437,0.3433375358581543,0.66226518154144287,0,-0.022116351872682571,0.051679186522960663,0,-0.31519922614097595,0.014195255003869534,15.625
-0.9100000262260437,0.08999999612569809,0.9100000262260437,0,0,0,0,0,0,15.625
-0.61872684955596924,0.30351150035858154,0.9100000262260437,-0.015832085162401199,-0.010668858885765076,0,0.2934952974319458,0.49316674470901489,0,15.625
-0.34648814797401428,0.32007908821105957,0.9100000262260437,0.017624383792281151,-0.034654155373573303,0,0.5189552903175354,-0.11293043941259384,0,15.625
-0.10341443121433258,0.31214910745620728,0.9100000262260437,0.0021000634878873825,-0.0031132865697145462,0,0.4159168004989624,0.13901162147521973,0,15.625
0.14254908263683319,0.29888796806335449,0.9100000262260437,0.035150833427906036,-0.0364350825548172,-7.1525718681186845e-10,0.33488619327545166,0.21158626675605774,-2.1457713827999214e-08,15.625
0.3780188262462616,0.35040056705474854,0.9100000262260437,0.12985914945602417,0.11223802715539932,0,0.036565210670232773,0.76522457599639893,0,15.625
0.62586748600006104,0.2116013765335083,0.9100000262260437,0.056698933243751526,-0.24249522387981415,0,0.54215377569198608,0.89627397060394287,2.1457713827999214e-08,15.625
0.9100000262260437,0.08999999612569809,0.9100000262260437,0,0,0,0,0,0,15.625
-0.9100000262260437,0.33030551671981812,-0.9100000262260437,0,-0.0058945547789335251,0,0,-3.6844544410705566,-2.1457713827999214e-08,15.625
-0.61527031660079956,0.52772665023803711,-0.9100000262260437,0.052600491791963577,0.19219708442687988,3.5762859340593423e-10,3.7158932685852051,2.8146646022796631,1.0728856913999607e-08,15.625
-0.32114613056182861,0.49159514904022217,-0.9100000262260437,0.062482923269271851,0.0071701314300298691,0,0.3643794059753418,0.15199524164199829,0,15.625
-0.052537843585014343,0.50376260280609131,-0.9100000262260437,-0.076700001955032349,-0.04705028235912323,0,-1.2783764600753784,-1.3988405466079712,0,15.625
0.20901677012443542,0.51024365425109863,-0.9100000262260437,0.051508799195289612,0.029122453182935715,0,0.42726513743400574,-0.076684236526489258,0,15.625
0.43915668129920959,0.53637176752090454,-0.9100000262260437,-0.018362194299697876,0.0071073039434850216,0,-0.33172738552093506,0.44434601068496704,-1.0728856913999607e-08,15.625
0.66366487741470337,0.47649574279785156,-0.9100000262260437,0.055039450526237488,0.0029820043127983809,0,0.36608037352561951,-0.16974267363548279,0,15.625
0.9100000262260437,0.28947365283966064,-0.9100000262260437,-7.1525718681186845e-10,-0.053160589188337326,0,-2.1457713827999214e-08,-0.057718563824892044,0,15.625
-0.9100000262260437,0.52660638093948364,-0.60282731056213379,0,0.085091866552829742,0.0033317010384052992,0,-3.3914432525634766,-2.1176254749298096,15.625
-0.62964153289794922,0.38261541724205017,-0.65433728694915771,0.060521088540554047,-0.022603292018175125,0.22867980599403381,-2.8708188533782959,-0.7636256217956543,2.2833104133605957,15.625
-0.31817686557769775,0.41012570261955261,-0.63665187358856201,-0.63059002161026001,-0.14483855664730072,-0.0013781297020614147,-8.3544254302978516,-1.9809806346893311,0.79543447494506836,15.625
0.060164120048284531,0.33142516016960144,-0.39027208089828491,-0.057379133999347687,0.10580679029226303,-0.00049597024917602539,-2.8792219161987305,2.8455491065979004,0.049578841775655746,15.625
-0.022288119420409203,0.48887667059898376,-0.39012989401817322,-0.14954201877117157,-0.12573286890983582,0.00072833150625228882,-2.4724249839782715,-0.59805387258529663,0.05523943156003952,15.625
0.27821639180183411,0.49872836470603943,-0.61715126037597656,0.0071442145854234695,0.0085189724341034889,0.010126475244760513,1.3139243125915527,-1.0339292287826538,-0.37245559692382812,15.625
0.63601464033126831,0.34110108017921448,-0.60270851850509644,0.0076972953975200653,0.0077772382646799088,0.029773738235235214,-0.046734247356653214,0.00033868473838083446,-0.49123460054397583,15.625
0.9100000262260437,0.48300731182098389,-0.66209542751312256,0,0.015141448006033897,-0.021019753068685532,0,-0.0011922976700589061,0.36859807372093201,15.625
-0.9100000262260437,0.50194317102432251,-0.32934027910232544,0,0.1076263040304184,0.011154191568493843,0,0.50217747688293457,1.7728945016860962,15.625
-0.65037715435028076,0.7091643214225769,-0.33719164133071899,-0.058320924639701843,0.033419545739889145,0.095158390700817108,-1.4771416187286377,1.7661154270172119,1.3534984588623047,15.625
0.63928508758544922,0.71240371465682983,-0.34766790270805359,0.041420195251703262,0.049005303531885147,-0.069547250866889954,1.1005085706710815,1.1099123954772949,0.1146262064576149,15.625
0.9100000262260437,0.50848627090454102,-0.4131891131401062,0,0.0079792477190494537,0.034793425351381302,0,-0.016905516386032104,0.21339374780654907,15.625
-0.9100000262260437,0.5049249529838562,-0.068039067089557648,0,-0.043354760855436325,-0.00069266767241060734,-1.0728856913999607e-08,-1.6709295511245728,-1.1417165994644165,15.625
-0.38955092430114746,0.46112477779388428,-0.07610582560300827,0.0040956959128379822,-0.02270873449742794,0.022430801764130592,0.016926763579249382,-0.50732749700546265,0.80333340167999268,15.625
0.39051869511604309,0.3393840491771698,-0.064129382371902466,0.0046296268701553345,0.037906549870967865,0.033752318471670151,0.017367750406265259,0.88242846727371216,0.81570005416870117,15.625
0.9100000262260437,0.52184146642684937,-0.18756772577762604,0,-0.025413092225790024,0.01215761061757803,0,-0.57380157709121704,0.43993884325027466,15.625
-0.9100000262260437,0.51356369256973267,0.19044622778892517,0,0.052020132541656494,0.023491961881518364,0,0.68848907947540283,1.0688475370407104,15.625
-0.38951459527015686,0.33201879262924194,0.072239235043525696,0.0041504050604999065,0.063365340232849121,0.021497465670108795,0.012250080704689026,1.8442428112030029,-0.2659822404384613,15.625
0.39041769504547119,0.44296953082084656,0.078163892030715942,0.0036691878922283649,-0.072592854499816895,-0.039860013872385025,0.011911703273653984,-1.7176856994628906,-1.3509478569030762,15.625
0.9100000262260437,0.51087743043899536,0.075889013707637787,0,-0.013627029955387115,-0.01784985139966011,0,-0.30747753381729126,-0.062444616109132767,15.625
-0.9100000262260437,0.50551736354827881,0.4482327401638031,0,-0.025658119469881058,-0.058463439345359802,0,0.27516567707061768,-1.1046338081359863,15.625
-0.63874822854995728,0.71775269508361816,0.31485038995742798,-0.021550742909312248,0.011232635006308556,0.026642488315701485,-0.062834262847900391,0.85639894008636475,-0.60086125135421753,15.625
0.63941842317581177,0.69924718141555786,0.32537966966629028,0.012650794349610806,0.050640638917684555,0.053275760263204575,0.25504794716835022,0.8439832329750061,-0.27379283308982849,15.625
0.9100000262260437,0.50898140668869019,0.31382131576538086,0,-0.030775304883718491,0.034423563629388809,0,0.16020363569259644,0.07000509649515152,15.625
-0.9100000262260437,0.46805727481842041,0.67520660161972046,0,0.025244850665330887,0.058532990515232086,0,1.1876052618026733,0.80456298589706421,15.625
-0.61028975248336792,0.35456794500350952,0.57134348154067993,-0.031991038471460342,-0.064572200179100037,-0.0327126644551754,-0.087008677423000336,-0.85060644149780273,0.61195814609527588,15.625
-0.30139350891113281,0.43372136354446411,0.62647640705108643,-0.15148636698722839,-0.027856748551130295,0.039655745029449463,-1.5133903026580811,-0.21675169467926025,0.077654525637626648,15.625
0.053404226899147034,0.47113090753555298,0.38987278938293457,0.019556097686290741,-0.052843976765871048,0.00093613564968109131,1.0340244770050049,-0.10157468914985657,0.061042618006467819,15.625
-0.056180272251367569,0.32981306314468384,0.38969480991363525,-0.0042937765829265118,0.021017488092184067,-0.0010070424759760499,0.74636095762252808,-0.20006652176380157,0.042136400938034058,15.625
0.32307532429695129,0.45536115765571594,0.61863988637924194,0.0152847059071064,0.022692136466503143,0.074333742260932922,0.47017490863800049,-0.48054209351539612,0.45892873406410217,15.625
0.66050708293914795,0.45874503254890442,0.60571193695068359,-0.014746331609785557,-0.048065461218357086,0.022179974243044853,-1.4210983514785767,-0.85667937994003296,-0.41638961434364319,15.625
0.9100000262260437,0.52618855237960815,0.60521990060806274,0,0.023911211639642715,-0.0066923885606229305,0,0.44859334826469421,-0.39000111818313599,15.625
-0.9100000262260437,0.28596258163452148,0.9100000262260437,0,-0.060992654412984848,0,0,-0.72784876823425293,0,15.625
-0.64785051345825195,0.50491553544998169,0.9100000262260437,-0.018481506034731865,0.034903660416603088,0,0.28139951825141907,0.72492045164108276,0,15.625
-0.42433446645736694,0.53144663572311401,0.9100000262260437,0.045291095972061157,0.0054225088097155094,0,0.40172761678695679,0.28644680976867676,0,15.625
-0.17803284525871277,0.51233083009719849,0.9100000262260437,-0.01376237440854311,0.0016268929466605186,0,0.082597143948078156,-0.27354463934898376,0,15.625
0.11757371574640274,0.50487935543060303,0.9100000262260437,0.043047510087490082,-0.076223075389862061,0,-0.17657226324081421,-0.4769834578037262,0,15.625
0.4741634726524353,0.50579392910003662,0.9100000262260437,0.30511483550071716,0.0051695955917239189,0,1.65494704246521,0.67861884832382202,0,15.625
0.65110039710998535,0.47840368747711182,0.9100000262260437,-0.0034624915570020676,-0.0973362997174263,0,-0.28717473149299622,0.0081215053796768188,5.3644284569998035e-09,15.625
0.9100000262260437,0.32434022426605225,0.9100000262260437,0,0.015466736629605293,0,0,-0.38180187344551086,0,15.625
-0.9100000262260437,0.59425550699234009,-0.9100000262260437,0,0.034263230860233307,0,0,-1.4087826013565063,0,15.625
-0.51897245645523071,0.76249092817306519,-0.9100000262260437,-0.0015183500945568085,0.0077456352300941944,0,-2.2273969650268555,0.87687599658966064,-1.3411071142499509e-09,15.625
-0.44322577118873596,0.75285935401916504,-0.9100000262260437,-0.099722549319267273,-0.057555094361305237,4.4703574175741778e-11,-3.5489637851715088,-0.61476922035217285,1.3411071142499509e-09,15.625
-0.011595307849347591,0.74687439203262329,-0.9100000262260437,0.055618349462747574,-0.0095649585127830505,0,-0.082486972212791443,0.027998823672533035,0,15.625
0.065015345811843872,0.74568599462509155,-0.9100000262260437,0.048548523336648941,0.034754805266857147,8.9407148351483556e-11,0.86869442462921143,0.86194443702697754,2.6822142284999018e-09,15.625
0.51456135511398315,0.76510632038116455,-0.9100000262260437,0.051895186305046082,0.034541375935077667,0,0.22249314188957214,0.037651505321264267,0,15.625
0.61671370267868042,0.75424253940582275,-0.9100000262260437,0.021099578589200974,0.010121461935341358,0,0.2101609855890274,0.42396217584609985,0,15.625
0.9100000262260437,0.52419644594192505,-0.9100000262260437,-3.5762859340593423e-10,-0.024229146540164948,0,-1.0728856913999607e-08,0.18750803172588348,-1.0728856913999607e-08,15.625
-0.9100000262260437,0.79255622625350952,-0.72701519727706909,0,-0.041887510567903519,0.012957047671079636,0,-1.7169396877288818,-1.5184056758880615,15.625
-0.9100000262260437,0.75828033685684204,-0.9100000262260437,0,0.053398273885250092,0,0,-2.2108767032623291,-1.3411071142499509e-09,15.625
-0.3456663191318512,0.70677942037582397,-0.62929922342300415,0.11906808614730835,0.075203157961368561,-0.058852016925811768,0.99365758895874023,1.4517645835876465,-0.91674536466598511,15.625
-0.04930168017745018,0.72692787647247314,-0.38988810777664185,-0.047905612736940384,0.084903433918952942,0.0035842917859554291,-5.00152587890625,1.2803831100463867,0.074495889246463776,15.625
0.069717086851596832,0.7204698920249939,-0.38986220955848694,0.27759632468223572,-0.094056472182273865,0.0038504078984260559,4.5224189758300781,-2.6908092498779297,0.076225355267524719,15.625
0.40887632966041565,0.7371862530708313,-0.62767922878265381,0.017726965248584747,0.043294269591569901,-0.01795303076505661,0.4181358814239502,0.63440400362014771,-0.80519521236419678,15.625
0.9100000262260437,0.7009543776512146,-0.9100000262260437,0,-0.0088635468855500221,0,0,0.014922440983355045,0,15.625
0.9100000262260437,0.77653896808624268,-0.75443375110626221,0,-0.0008177503477782011,-0.022142823785543442,0,0.26147517561912537,-0.23224592208862305,15.625
-0.9100000262260437,0.75739824771881104,-0.49149200320243835,0,0.00060309749096632004,-0.05271504819393158,0,0.19616466760635376,0.4943757951259613,15.625
-0.58950537443161011,0.63175845146179199,-0.57981729507446289,0.0064823450520634651,-0.0061082318425178528,-0.011634673923254013,-0.78166204690933228,0.7160184383392334,0.24257785081863403,15.625
-0.3894495964050293,0.36975011229515076,-0.24604488909244537,0.0052670235745608807,-0.10589943081140518,-0.10288044065237045,0.025093615055084229,1.0869930982589722,0.30560863018035889,15.625
-0.30622369050979614,0.69984006881713867,-0.39085516333580017,-0.089094966650009155,-0.058272212743759155,-0.039433076977729797,-2.5035953521728516,0.073929272592067719,-1.1904890537261963,15.625
0.29252073168754578,0.68741118907928467,-0.3898378312587738,0.10879231244325638,0.11921636760234833,0.0033060102723538876,2.4634764194488525,-0.055203210562467575,0.053599152714014053,15.625
0.39054253697395325,0.39720532298088074,-0.2764098048210144,0.0051631033420562744,-0.043872468173503876,0.052554991096258163,0.025318598374724388,-0.69344401359558105,1.4087353944778442,15.625
0.59494197368621826,0.56762421131134033,-0.56779533624649048,0.025173837319016457,-0.087610207498073578,0.019424425438046455,0.58086264133453369,-1.0043727159500122,-0.93685227632522583,15.625
0.9100000262260437,0.76292628049850464,-0.56230175495147705,-4.4703574175741778e-11,0.01684790663421154,0.023731885477900505,-1.3411071142499509e-09,0.3682924211025238,-0.14933237433433533,15.625
-0.9100000262260437,0.75481712818145752,-0.044231578707695007,0,0.018467236310243607,0.079846017062664032,0,-0.65558570623397827,0.81216180324554443,15.625
-0.63538986444473267,0.72904080152511597,-0.11628154665231705,-0.037852469831705093,0.035890288650989532,-0.024133212864398956,-2.0023226737976074,0.0077912579290568829,0.40834686160087585,15.625
-0.38965693116188049,0.68946844339370728,-0.18674807250499725,0.003319866955280304,0.094392016530036926,-0.10716325789690018,0.021254381164908409,2.1840403079986572,-1.9861465692520142,15.625
-0.1164657399058342,1.0191894769668579,-0.13432437181472778,0.0071762166917324066,-0.76453977823257446,0.035903185606002808,0.091223463416099548,-4.7366790771484375,0.73976916074752808,15.625
0.12622639536857605,1.0192948579788208,-0.13880851864814758,-0.0013426623772829771,-0.76325827836990356,0.022247610613703728,0.09276871383190155,-4.7367486953735352,0.55786412954330444,15.625
0.39034885168075562,0.67654138803482056,-0.17896217107772827,0.0033775679767131805,0.080978557467460632,-0.14285960793495178,0.021812504157423973,0.59281331300735474,-1.2731361389160156,15.625
0.63434231281280518,0.73142313957214355,-0.12835431098937988,0.075547836720943451,0.0015206938842311502,0.01076260581612587,1.6545807123184204,0.32054468989372253,0.49913504719734192,15.625
0.9100000262260437,0.7553563117980957,-0.051220282912254333,-4.4703574175741778e-11,0.0079018129035830498,0.0089221559464931488,-1.3411071142499509e-09,-0.12609843909740448,0.17399430274963379,15.625
-0.9100000262260437,0.75153112411499023,0.035835478454828262,0,-0.0029359229374676943,-0.0027390946634113789,0,-0.63787549734115601,-0.16646924614906311,15.625
-0.62937211990356445,0.74684655666351318,0.10961240530014038,-0.053239092230796814,0.0066304886713624001,0.054450813680887222,-1.6454842090606689,-0.059308584779500961,-0.011001638136804104,15.625
-0.38976436853408813,0.70439451932907104,0.17157746851444244,0.0018784571439027786,0.077841125428676605,0.099547073245048523,0.0046509010717272758,0.47571399807929993,4.1830458641052246,15.625
-0.12183822691440582,1.0187641382217407,0.13690407574176788,0.012196618132293224,-0.76760947704315186,-0.0056395763531327248,0.2136668860912323,-4.7513666152954102,-0.044125158339738846,15.625
0.12170562893152237,1.0189131498336792,0.13121750950813293,-0.0074812821112573147,-0.76631450653076172,-0.018045512959361076,-0.12787902355194092,-4.7518315315246582,-0.20509892702102661,15.625
0.39025342464447021,0.67995923757553101,0.16059556603431702,0.0021094717085361481,0.017334036529064178,-0.0053394194692373276,0.0066706533543765545,0.43982309103012085,2.0697786808013916,15.625
0.63421571254730225,0.71819895505905151,0.096031598746776581,0.040984220802783966,-0.022251054644584656,-0.079894915223121643,1.1065186262130737,-0.15900397300720215,-0.17352460324764252,15.625
0.9100000262260437,0.75872540473937988,0.0088368896394968033,-4.4703574175741778e-11,0.00078091624891385436,-0.042492542415857315,-1.3411071142499509e-09,-0.11466351896524429,-0.16907426714897156,15.625
-0.9100000262260437,0.7520596981048584,0.57689529657363892,8.9407148351483556e-11,0.022826936095952988,-0.022214135155081749,1.3411071142499509e-09,-0.38090014457702637,0.095655001699924469,15.625
-0.59103161096572876,0.60156095027923584,0.56111282110214233,-0.0098566794767975807,0.0095271049067378044,-0.020656317472457886,-0.15664653480052948,0.73721754550933838,-0.057101432234048843,15.625
-0.38963606953620911,0.45933592319488525,0.2374270111322403,0.0029592551290988922,0.0087489094585180283,-0.076162964105606079,0.0037082654889672995,0.11021070182323456,-0.67383468151092529,15.625
-0.21726998686790466,0.64051920175552368,0.38997584581375122,0.077879913151264191,-0.10998418927192688,0.001827404135838151,-0.57241600751876831,-1.3677473068237305,0.057764839380979538,15.625
0.30037057399749756,0.71577644348144531,0.39035329222679138,0.097282521426677704,0.0088896267116069794,0.012825989164412022,1.4368144273757935,0.65686130523681641,0.33184272050857544,15.625
0.39164409041404724,0.37943831086158752,0.28137907385826111,-0.025764144957065582,-0.002284524030983448,-0.014163965359330177,-1.2450987100601196,0.079347841441631317,-0.57222491502761841,15.625
0.56710624694824219,0.65380805730819702,0.56082874536514282,-0.068471550941467285,0.14743763208389282,0.0074880542233586311,0.12919485569000244,0.16148059070110321,0.36670419573783875,15.625
0.9100000262260437,0.77930057048797607,0.53180384635925293,0,-0.021420706063508987,-0.040076930075883865,0,0.038849391043186188,0.13019028306007385,15.625
-0.9100000262260437,0.76915264129638672,0.74172598123550415,0,0.013407591730356216,-0.018167994916439056,0,1.1916005611419678,-0.36370790004730225,15.625
-0.9100000262260437,0.70964586734771729,0.9100000262260437,0,-0.037245851010084152,0,0,-0.35674494504928589,0,15.625
-0.36787310242652893,0.6908993124961853,0.61294811964035034,-0.0012523001059889793,-0.00037363579031080008,0.024319916963577271,0.30013167858123779,0.66968941688537598,0.86667686700820923,15.625
0.0096499118953943253,0.71366864442825317,0.39011466503143311,0.018759863451123238,-0.068113178014755249,0.0035195685923099518,-0.50611799955368042,-0.55251502990722656,0.07289036363363266,15.625
0.05005042627453804,0.703582763671875,0.39011520147323608,-0.1120307445526123,-0.083352632820606232,0.0035023745149374008,-1.1194641590118408,-0.94853723049163818,0.072521001100540161,15.625
0.35227742791175842,0.70037037134170532,0.63152426481246948,0.064815312623977661,0.004658455029129982,0.0028439725283533335,0.069994926452636719,0.4544798731803894,0.80639165639877319,15.625
0.9100000262260437,0.75304675102233887,0.9100000262260437,-8.9407148351483556e-11,0.081066533923149109,0,-2.6822142284999018e-09,-0.10267249494791031,1.3411071142499509e-09,15.625
0.9100000262260437,0.77061611413955688,0.72690504789352417,0,0.017612479627132416,-0.048085115849971771,0,0.19314901530742645,-0.31664270162582397,15.625
-0.9100000262260437,0.53465467691421509,0.9100000262260437,0,-0.035039696842432022,0,0,-0.1484370082616806,0,15.625
-0.59376668930053711,0.75206148624420166,0.9100000262260437,-0.0077029378153383732,0.031097980216145515,0,-0.13071990013122559,0.49068513512611389,1.3411071142499509e-09,15.625
-0.4890458881855011,0.75562077760696411,0.9100000262260437,-0.052748847752809525,0.023388279601931572,0,-0.38113003969192505,0.19687715172767639,0,15.625
-0.066872589290142059,0.73608660697937012,0.9100000262260437,-0.056164190173149109,0.0063590547069907188,0,-0.47589123249053955,0.069466330111026764,0,15.625
0.043944045901298523,0.72941100597381592,0.9100000262260437,0.012110607698559761,-0.0010265628807246685,0,0.024176368489861488,0.23307201266288757,0,15.625
0.48354384303092957,0.69785773754119873,0.9100000262260437,0.16465145349502563,-0.15525358915328979,-1.7881429670296711e-10,0.67998373508453369,-0.28396055102348328,-5.3644284569998035e-09,15.625
0.6238245964050293,0.73673391342163086,0.9100000262260437,0.14162580668926239,-0.03414250910282135,0,0.80957359075546265,0.42222794890403748,0,15.625
0.9100000262260437,0.5624883770942688,0.9100000262260437,-3.5762859340593423e-10,0.018940804526209831,0,-1.0728856913999607e-08,-0.019469818100333214,0,15.625
-0.9100000262260437,0.51633304357528687,-0.9100000262260437,0,-0.15855944156646729,0,0,-2.2903461456298828,-5.3644284569998035e-09,15.625
-0.74808222055435181,0.7785952091217041,-0.9100000262260437,0.012970802374184132,0.041926722973585129,4.4703574175741778e-11,-3.1619017124176025,-0.28012463450431824,1.3411071142499509e-09,15.625
-0.28430384397506714,0.75822389125823975,-0.9100000262260437,0.14383284747600555,-0.00091440638061612844,8.9407148351483556e-11,3.3731811046600342,0.01365218497812748,2.6822142284999018e-09,15.625
-0.14541086554527283,0.75178885459899902,-0.9100000262260437,0.076705701649188995,-0.0087294327095150948,0,1.2456998825073242,-0.40829372406005859,0,15.625
0.16723667085170746,0.75687664747238159,-0.9100000262260437,0.12997472286224365,0.044982310384511948,0,1.7018036842346191,0.58778202533721924,0,15.625
0.30215179920196533,0.75177007913589478,-0.9100000262260437,0.034971274435520172,-0.00092762475833296776,0,0.88247591257095337,-0.0071244146674871445,-1.3411071142499509e-09,15.625
0.77961647510528564,0.76533842086791992,-0.9100000262260437,0.0087232198566198349,0.0062724598683416843,0,0.37881210446357727,0.30454084277153015,0,15.625
0.9100000262260437,0.42226982116699219,-0.9100000262260437,0,-0.045148570090532303,0,0,0.065528489649295807,0,15.625
-0.9100000262260437,0.75828039646148682,-0.9100000262260437,0,0.053397413343191147,0,0,-2.2108612060546875,-1.3411071142499509e-09,15.625
-0.65592741966247559,0.76648950576782227,-0.69980823993682861,-0.054322056472301483,0.084682896733283997,-0.10564594715833664,-1.7806007862091064,2.0115015506744385,-1.0850269794464111,15.625
-0.39450779557228088,0.75200062990188599,-0.9100000262260437,0.010813786648213863,-0.03866128996014595,0,1.4080072641372681,0.052109617739915848,0,15.625
-0.10106103867292404,0.73507410287857056,-0.65331566333770752,0.015883415937423706,-0.043405055999755859,-0.10467790812253952,0.15980120003223419,-0.87258279323577881,-1.5965057611465454,15.625
0.13976986706256866,0.75387346744537354,-0.64011728763580322,0.044320505112409592,0.034577988088130951,-0.06078709289431572,-0.069599747657775879,-0.47156998515129089,-2.1795566082000732,15.625
0.39004909992218018,0.78324824571609497,-0.77518314123153687,0.021287024021148682,0.045525029301643372,0.038203909993171692,0.1799236536026001,0.71596765518188477,-0.085243500769138336,15.625
0.65728747844696045,0.77009642124176025,-0.66290849447250366,-0.021799130365252495,0.022900238633155823,0.0076510356739163399,0.27220624685287476,0.73235523700714111,-0.059182211756706238,15.625
0.9100000262260437,0.70095443725585938,-0.9100000262260437,0,-0.0088635459542274475,0,0,0.014922440983355045,0,15.625
-0.9100000262260437,0.75916528701782227,-0.40882176160812378,0,0.0052496222779154778,0.014606243930757046,0,-0.73583751916885376,-1.5965454578399658,15.625
-0.9100000262260437,0.76536679267883301,-0.5548742413520813,0,0.025238202884793282,-0.021307747811079025,0,-0.032288096845149994,-0.23584882915019989,15.625
-0.47423005104064941,0.67553889751434326,-0.38386693596839905,-0.0313720703125,0.021743053570389748,0.047992564737796783,-1.6656316518783569,1.3374557495117188,-0.57072776556015015,15.625
-0.18064048886299133,0.71554940938949585,-0.38993605971336365,-0.22042794525623322,-0.065935224294662476,0.0027708825655281544,-4.0073709487915039,-2.5760324001312256,0.061764579266309738,15.625
0.12236049771308899,0.74124115705490112,-0.38982602953910828,0.16365502774715424,-0.13433937728404999,0.0042058881372213364,5.5185976028442383,0.42224940657615662,0.079747602343559265,15.625
0.49851295351982117,0.69527482986450195,-0.32383406162261963,0.074816375970840454,-0.034098245203495026,-0.043931856751441956,2.1403205394744873,0.58747214078903198,-0.87446480989456177,15.625
0.9100000262260437,0.76275694370269775,-0.50081944465637207,-4.4703574175741778e-11,0.020685123279690742,-0.01387535035610199,-1.3411071142499509e-09,0.2305791825056076,-0.17641550302505493,15.625
0.9100000262260437,0.76210784912109375,-0.44738683104515076,0,0.015475170686841011,-0.052747134119272232,0,0.19751274585723877,-0.2546670138835907,15.625
-0.9100000262260437,0.76207911968231201,-0.28646743297576904,0,0.015053554438054562,0.061782959848642349,-2.6822142284999018e-09,0.31628680229187012,-1.6812316179275513,15.625
-0.9100000262260437,0.75531494617462158,-0.15712690353393555,8.9407148351483556e-11,0.017727745696902275,0.059114068746566772,2.6822142284999018e-09,0.34483495354652405,-0.31284725666046143,15.625
-0.38968273997306824,0.6766362190246582,-0.065021418035030365,0.0029765944927930832,-0.041826453059911728,0.039142701774835587,0.018014887347817421,-2.7661905288696289,0.32604360580444336,15.625
-0.11941081285476685,1.0191984176635742,-0.13713438808917999,0.0072499224916100502,-0.76452440023422241,0.036618370562791824,0.089384190738201141,-4.7363715171813965,0.74936771392822266,15.625
0.12940967082977295,1.0193063020706177,-0.14179755747318268,-0.0016131500015035272,-0.76321053504943848,0.022592393681406975,0.094580702483654022,-4.7365965843200684,0.56328630447387695,15.625
0.39032348990440369,0.66088175773620605,-0.052681542932987213,0.0029849149286746979,-0.033216487616300583,0.12527130544185638,0.016101405024528503,-0.74026131629943848,0.21160861849784851,15.625
0.9100000262260437,0.76181894540786743,-0.15923701226711273,0,0.0099766179919242859,0.037185337394475937,0,0.19489215314388275,0.2689099907875061,15.625
0.9100000262260437,0.76808822154998779,-0.30993440747261047,0,0.021341612562537193,-0.012005975469946861,0,0.54854804277420044,0.20054763555526733,15.625
-0.9100000262260437,0.75911217927932739,0.29497528076171875,0,0.041312027722597122,0.011843499727547169,0,0.88716816902160645,-0.70791000127792358,15.625
-0.9100000262260437,0.7610287070274353,0.15248112380504608,0,0.03080490417778492,-0.008964204229414463,0,-0.14692072570323944,-0.78342372179031372,15.625
-0.38971906900405884,0.68521219491958618,0.048519011586904526,0.0024999154265969992,0.022441165521740913,-0.037663105875253677,0.011896266601979733,0.5996544361114502,0.56741815805435181,15.625
-0.12504333257675171,1.0187637805938721,0.13995377719402313,0.012651178985834122,-0.76766252517700195,-0.0059352871030569077,0.22053197026252747,-4.7515168190002441,-0.047155231237411499,15.625
0.12468332052230835,1.0189160108566284,0.13397425413131714,-0.0077159907668828964,-0.76633000373840332,-0.018713455647230148,-0.13062292337417603,-4.7518191337585449,-0.21252723038196564,15.625
0.39029610157012939,0.65922218561172485,0.050455417484045029,0.0026487524155527353,-0.047799929976463318,0.030800916254520416,0.012330568395555019,-0.69191241264343262,1.6589580774307251,15.625
0.9100000262260437,0.76633262634277344,0.1426454484462738,0,-0.013869762420654297,-0.035102978348731995,0,0.37200689315795898,-0.2150026261806488,15.625
0.9100000262260437,0.76744699478149414,0.28162583708763123,0,-0.021542530506849289,0.0013487469404935837,0,0.056149918586015701,0.037506848573684692,15.625
-0.9100000262260437,0.75427144765853882,0.41167387366294861,4.4703574175741778e-11,0.013891451060771942,0.081011414527893066,1.3411071142499509e-09,-0.72981101274490356,1.7748446464538574,15.625
-0.9100000262260437,0.75400590896606445,0.46361291408538818,4.4703574175741778e-11,0.046768829226493835,0.045853912830352783,1.3411071142499509e-09,-0.6407819390296936,1.1668949127197266,15.625
-0.50645297765731812,0.69538247585296631,0.32053881883621216,-0.055582571774721146,-0.022907482460141182,-0.020421599969267845,-1.5033152103424072,0.74562448263168335,0.5378570556640625,15.625
-0.26699799299240112,0.79224848747253418,0.3903643786907196,-0.078412726521492004,0.051923640072345734,0.014387890696525574,-0.89471435546875,2.2705154418945312,0.39595866203308105,15.625
0.16072735190391541,0.72148275375366211,0.39016431570053101,0.054870586842298508,0.05777992308139801,0.0043042004108428955,0.77686858177185059,1.3109068870544434,0.083933018147945404,15.625
0.45494526624679565,0.67720961570739746,0.36211001873016357,0.10217443853616714,-0.015838801860809326,0.097596257925033569,0.97187936305999756,0.16397449374198914,0.92815715074539185,15.625
0.9100000262260437,0.76840460300445557,0.44207578897476196,0,-0.022173896431922913,-0.0006530864629894495,0,-0.14261561632156372,0.35824212431907654,15.625
0.9100000262260437,0.76576524972915649,0.3908599317073822,-8.9407148351483556e-11,-0.021803809329867363,0.030689241364598274,-2.6822142284999018e-09,-0.26509463787078857,0.47799420356750488,15.625
-0.9100000262260437,0.70964592695236206,0.9100000262260437,0,-0.037245798856019974,0,0,-0.35674569010734558,0,15.625
-0.68177002668380737,0.76699322462081909,0.68570733070373535,-0.0070989793166518211,0.026175560429692268,-0.020800372585654259,-0.15469543635845184,1.0743770599365234,0.19443622231483459,15.625
-0.39010852575302124,0.77780377864837646,0.80439895391464233,-0.02139504998922348,0.025061804801225662,-0.0615081787109375,-0.14501781761646271,0.49970948696136475,-0.59698885679244995,15.625
-0.12797465920448303,0.72666853666305542,0.63828027248382568,-0.0034768050536513329,-0.017347553744912148,0.061173345893621445,0.10152958333492279,0.030486321076750755,0.99136024713516235,15.625
0.10915455967187881,0.73818594217300415,0.64892578125,-0.024056725203990936,-0.025658968836069107,0.040603563189506531,-0.2254876047372818,-0.0086243636906147003,0.36599445343017578,15.625
0.37348070740699768,0.71161127090454102,0.9100000262260437,-0.16097700595855713,-0.12614911794662476,-8.9407148351483556e-11,-0.79891109466552734,-0.34218457341194153,-2.6822142284999018e-09,15.625
0.66981595754623413,0.7560422420501709,0.66928750276565552,-0.024684464558959007,-0.011589090339839458,-0.12362629920244217,-0.19458335638046265,0.23082578182220459,-0.57400631904602051,15.625
0.9100000262260437,0.75304704904556274,0.9100000262260437,-8.9407148351483556e-11,0.08106657862663269,0,-2.6822142284999018e-09,-0.1026722714304924,1.3411071142499509e-09,15.625
-0.9100000262260437,0.42973756790161133,0.9100000262260437,1.7881429670296711e-10,-0.047817975282669067,0,0,0.15977716445922852,0,15.625
-0.7713741660118103,0.76768147945404053,0.9100000262260437,-0.014952925965189934,-0.008217277005314827,0,-0.083036378026008606,0.31189170479774475,0,15.625
-0.28866910934448242,0.74614405632019043,0.9100000262260437,-0.042016591876745224,0.014959761872887611,0,-0.52840232849121094,0.41655531525611877,0,15.625
-0.17488063871860504,0.74516779184341431,0.9100000262260437,-0.058463241904973984,-0.0049292081966996193,0,-0.13501289486885071,0.10231710225343704,0,15.625
0.16421490907669067,0.72429972887039185,0.9100000262260437,-0.0068813161924481392,-0.079612240195274353,0,0.23692074418067932,-0.115982286632061,1.3411071142499509e-09,15.625
0.26893505454063416,0.71952342987060547,0.9100000262260437,-0.11304035782814026,-0.12021645903587341,0,-0.16627168655395508,-0.28595900535583496,0,15.625
0.78434467315673828,0.76975232362747192,0.9100000262260437,0.092875301837921143,0.00070910085923969746,0,0.92939668893814087,0.1419917494058609,0,15.625
0.9100000262260437,0.46215474605560303,0.9100000262260437,0,-0.0010676698293536901,0,2.6822142284999018e-09,0.12655557692050934,0,15.625
