step,y,vy,immersion,bfx,bfy,bfz,fluid_mass,fluid_ke,body_ke,fluid_step_ms,total_coupling_ms,executed
0,0.69861489534378052,-0.083105437457561493,1,2.0344128608703613,2024.348876953125,-5.604856014251709,6016,4.2616190910339355,1.4918147709816552,20.869098000000001,24.979417000000002,1
1,0.69588625431060791,-0.16371846199035645,1,2.0321004390716553,2024.51416015625,-5.5911593437194824,6016,4.2616190910339355,5.7896394376588489,0,3.9974949999999998,0
2,0.69184929132461548,-0.24221682548522949,1,2.3980932235717773,2017.6710205078125,-0.046975672245025635,6016,11.504136085510254,12.672533349794492,20.506394,24.59844,1
3,0.68654298782348633,-0.31837788224220276,1,2.3698086738586426,2018.0765380859375,-0.073461219668388367,6016,11.504136085510254,21.894761527236255,0,4.0483909999999996,0
4,0.67997962236404419,-0.3938010036945343,1,-3.5316879749298096,1982.4888916015625,-11.729528427124023,6016,29.324317932128906,33.497260187897155,21.197512,25.089123000000001,1
5,0.67219483852386475,-0.46708863973617554,1,-3.4911696910858154,1982.534912109375,-11.67778491973877,6016,29.324317932128906,47.125497325647302,0,4.0491799999999998,0
6,0.66323006153106689,-0.53788626194000244,1,1.4277005195617676,1992.29541015625,-3.873708963394165,6016,62.111900329589844,62.493916180456381,21.098703,24.941248999999999,1
7,0.65311884880065918,-0.60667169094085693,1,1.525984525680542,1992.38720703125,-3.7277483940124512,6016,62.111900329589844,79.499444198123456,0,3.8081339999999999,0
8,0.64193558692932129,-0.67099630832672119,1,7.6456174850463867,2051.063232421875,3.2239875793457031,6016,107.57872009277344,97.251433404806448,21.657702,25.389524000000002,1
9,0.62971210479736328,-0.73340946435928345,1,7.5981612205505371,2050.330078125,3.2219021320343018,6016,107.57872009277344,116.18452944967885,0,3.8783880000000002,0
10,0.61646854877471924,-0.79461318254470825,1,-6.9027004241943359,2033.3431396484375,-7.9001026153564453,6016,164.42161560058594,136.38514241360554,20.711286000000001,24.513303000000001,1
11,0.60223400592803955,-0.85407203435897827,1,-7.2274742126464844,2032.3470458984375,-7.917945384979248,6016,164.42161560058594,157.55962539104894,0,4.1538930000000001,0
12,0.58701807260513306,-0.91295647621154785,1,-42.365516662597656,2003.416015625,-20.792037963867188,6016,222.64022827148438,180.03648913623783,20.924434999999999,24.957878000000001,1
13,0.57084804773330688,-0.97020107507705688,1,-43.975872039794922,2003.7491455078125,-21.645870208740234,6016,222.64022827148438,203.32592660322462,0,4.078411,0
14,0.55368298292160034,-1.0299046039581299,1,-45.025260925292969,1906.3790283203125,-20.687719345092773,6016,275.8175048828125,229.1271092195293,20.726859000000001,25.105149999999998,1
15,0.53554803133010864,-1.0880986452102661,1,-47.854328155517578,1908.90966796875,-22.08428955078125,6016,275.8175048828125,255.76223487366042,0,4.0672940000000004,0
16,0.51650595664978027,-1.1425231695175171,0.99003642797470093,-14.83144474029541,1969.3414306640625,52.821792602539062,6016,288.840087890625,281.98185795918471,21.263939000000001,25.100956,1
17,0.49659165740013123,-1.194858193397522,0.99125242233276367,-16.375522613525391,1983.815185546875,57.566761016845703,6016,288.840087890625,308.40474680375701,0,4.069159,0
18,0.47576797008514404,-1.249421238899231,0.9996412992477417,102.16614532470703,1890.7091064453125,44.319332122802734,6016,344.91262817382812,337.19617669760555,22.494304,26.602367999999998,1
19,0.45406359434127808,-1.3022617101669312,0.9994276762008667,111.90404510498047,1901.7257080078125,48.825675964355469,6016,344.91262817382812,366.3217924587243,0,4.2913180000000004,0
20,0.48960697650909424,4.7939596176147461,0.99919569492340088,-1411526.875,1802.44677734375,366553.46875,6016,299336064,486396.04484581575,24.206351999999999,28.545400999999998,1
21,0.56520563364028931,4.5359196662902832,0.99299800395965576,-169530.453125,1612.865966796875,43959.00390625,6016,299336064,22716.121824614704,0,2.6559550000000001,0
22,0.6503218412399292,5.1069741249084473,0.65377712249755859,629828.8125,18911.408203125,-179724.84375,6016,238614.046875,258178.47294887155,25.142482000000001,28.893615,1
23,0.74703103303909302,5.8025507926940918,0.92282289266586304,38834.99609375,22894,-11429.080078125,6016,238614.046875,271036.75397427566,0,3.6623830000000002,0
24,0.84737610816955566,6.0207014083862305,0.73393028974533081,-5534.265625,12169.3642578125,1204.66064453125,6016,923407.25,88730.109904980287,29.280035000000002,32.53369,1
25,0.97645670175552368,7.744835376739502,0.92075353860855103,-6771.16259765625,45607.1171875,-11446.6455078125,6016,923407.25,25971.063447459601,0,3.1150790000000002,0
26,1.1045035123825073,7.6828112602233887,0.74812507629394531,-4820.03564453125,5675.029296875,-6141.6767578125,6016,578384.125,26094.335056970129,18.955680000000001,22.099696000000002,1
27,1.2344377040863037,7.7960538864135742,0.6312137246131897,-4451.64501953125,8705.9482421875,-6271.56640625,6016,578384.125,27086.848908742424,0,2.711052,0
28,1.36094069480896,7.5901823043823242,0.68145173788070679,1290.21533203125,1146.6002197265625,1588.6824951171875,6016,552400.125,25666.317070055753,19.610492000000001,22.723980000000001,1
29,1.4853018522262573,7.461669921875,0.68089902400970459,1431.9920654296875,1894.1441650390625,2855.379638671875,6016,552400.125,24416.891933599487,0,3.114897,0
30,1.6063929796218872,7.2654681205749512,0.64389020204544067,428.81594848632812,296.61837768554688,-279.6727294921875,6016,532221.75,23381.000565421651,16.945452,19.499798999999999,1
31,1.7247291803359985,7.1001672744750977,0.40208742022514343,201.64825439453125,224.67436218261719,-137.09748840332031,6016,532221.75,14935.020138876629,0,1.887802,0
32,1.8406233787536621,6.9536547660827637,0.31088438630104065,35.931930541992188,838.55194091796875,488.32562255859375,6016,755798.0625,12124.365605990461,17.334351000000002,19.020365999999999,1
33,1.955816388130188,6.9165244102478027,0.38564589619636536,-276.4117431640625,2704.21044921875,563.49676513671875,6016,755798.0625,11043.32187511964,0,1.4910669999999999,0
34,2.0676171779632568,6.7080483436584473,0.33566361665725708,60.528957366943359,-663.435791015625,42.528148651123047,6016,725320,10434.126488681883,15.547319999999999,16.962554999999998,1
35,2.1761386394500732,6.511289119720459,0.32675671577453613,38.724933624267578,-572.479736328125,33.736068725585938,6016,725320,9876.7222741458099,0,1.290527,0
36,2.2816545963287354,6.3309636116027832,0.22206757962703705,7.6786332130432129,-25.274774551391602,16.855575561523438,6016,707719.6875,9373.3725987992366,18.470488,20.595133000000001,1
37,2.3841397762298584,6.1491141319274902,0.43667551875114441,12.523446083068848,-57.5250244140625,27.658636093139648,6016,707719.6875,8882.5001579462551,0,1.721336,0
38,2.4835574626922607,5.9650659561157227,0.32903844118118286,4.8078880310058594,-9.7004680633544922,9.9238796234130859,6016,687654.0625,8397.0017410867731,14.807850999999999,15.956893000000001,1
39,2.5799660682678223,5.7845158576965332,0.27744743227958679,-4.9697871208190918,-14.437851905822754,8.7769136428833008,6016,687654.0625,7935.1959833696601,0,0.96030599999999999,0
40,2.673358678817749,5.6035575866699219,0.24404886364936829,-28.604623794555664,-14.721632957458496,12.770753860473633,6016,671614.375,7484.6707442625775,13.609005,15.086983,1
41,2.7638235092163086,5.4278850555419922,0.17364582419395447,-22.657228469848633,-10.868710517883301,10.279911041259766,6016,671614.375,7061.9310295287869,0,0.87320699999999996,0
42,2.8513386249542236,5.2509121894836426,0.1919388622045517,-28.442602157592773,-6.4292445182800293,10.914341926574707,6016,659023.5625,6649.1016396085906,13.885066999999999,14.897501,1
43,2.9359340667724609,5.0757284164428711,0.17678169906139374,-29.157611846923828,-6.448847770690918,12.060502052307129,6016,659023.5625,6254.2329900499026,0,0.78156999999999999,0
44,3.0174956321716309,4.8936948776245117,0.26525500416755676,-36.586582183837891,-5.940833568572998,15.259944915771484,6016,645711.5,5856.0795655093971,16.186111,17.478472,1
45,3.0960075855255127,4.7107205390930176,0.30720809102058411,-42.225677490234375,-7.3056893348693848,18.448205947875977,6016,645711.5,5469.7070256266452,0,0.78343200000000002,0
46,3.1714446544647217,4.5262298583984375,0.33726927638053894,-32.570854187011719,-6.8770871162414551,16.055490493774414,6016,633505.75,5094.7875657224504,13.576302999999999,14.811648,1
47,3.243896484375,4.3471035957336426,0.2853710949420929,-26.344108581542969,-6.0285801887512207,14.39317798614502,6016,633505.75,4746.166279603669,0,0.90530999999999995,0
48,3.3133807182312012,4.1690511703491211,0.27800953388214111,-461.24038696289062,46.631595611572266,231.61737060546875,6016,621585.5,4419.1756408130459,14.766301,15.52708,1
49,3.379925012588501,3.9926531314849854,0.28683176636695862,-503.47183227539062,52.049022674560547,253.81121826171875,6016,621585.5,4109.1951502705633,0,0.62211399999999994,0
50,3.4436678886413574,3.8245782852172852,0.091355785727500916,-84.349884033203125,10.286684989929199,44.059555053710938,6016,611726.8125,3824.4546975031262,16.001335000000001,17.262008999999999,1
51,3.504662036895752,3.6596443653106689,0.07389213889837265,-256.19854736328125,36.663433074951172,133.12255859375,6016,611726.8125,3557.6792119009478,0,0.77717499999999995,0
52,3.5629503726959229,3.4972939491271973,0.064068332314491272,-273.66213989257812,72.310508728027344,151.92098999023438,6016,598747.625,3307.2758664152207,15.515777,16.454488999999999,1
53,3.618525505065918,3.334500789642334,0.032684322446584702,-150.64694213867188,39.722396850585938,83.570297241210938,6016,598747.625,3067.2893764758192,0,0.85509900000000005,0
54,3.6712980270385742,3.1663577556610107,0.10394993424415588,-8.4671354293823242,0.1705893874168396,5.2700304985046387,6016,589226,2829.4141995657556,13.542273,14.311296,1
55,3.7212967872619629,2.9999237060546875,0.074549250304698944,-7.8662738800048828,0.71898484230041504,4.791450023651123,6016,589226,2606.6105111066427,0,0.67786500000000005,0
56,3.7685246467590332,2.8336765766143799,0.068531669676303864,-0.039585340768098831,-1.4407111406326294,0.4233759343624115,6016,577922.75,2396.0748517637549,14.07493,14.937360999999999,1
57,3.8130064010620117,2.6688990592956543,0.032054871320724487,0.023069685325026512,-0.7545311450958252,0.19384859502315521,6016,577922.75,2199.5739071404096,0,0.711731,0
58,3.8547377586364746,2.5038774013519287,0.044569816440343857,-7.1231656074523926,2.9492549896240234,3.8696074485778809,6016,568996.125,2014.5195308678012,13.252227,14.291608,1
59,3.8937435150146484,2.3403410911560059,0.0081962719559669495,-1.8792747259140015,0.85622447729110718,0.97858160734176636,6016,568996.125,1843.3400677917016,0,0.69045999999999996,0
60,3.9300229549407959,2.1767687797546387,0.0096888924017548561,-1.3893516063690186,0.77022403478622437,0.61666244268417358,6016,558922.625,1683.6547652278241,15.726666,16.701929,1
61,3.9635677337646484,2.0126898288726807,0.022380469366908073,-2.7794296741485596,1.4626803398132324,1.2849880456924438,6016,558922.625,1534.8284073899849,0,0.61727799999999999,0
62,3.9943742752075195,1.8483967781066895,0.022198986262083054,-2.6049935817718506,1.5749169588088989,0.95727443695068359,6016,547983.1875,1397.3756827939251,14.828408,15.932156000000001,1
63,4.0224447250366211,1.6842362880706787,0.026012228801846504,-3.6994073390960693,2.1615509986877441,1.3878180980682373,6016,547983.1875,1271.7063872200524,0,0.88635600000000003,0
64,4.0477800369262695,1.5201326608657837,0.033586408942937851,-9.4245071411132812,6.2149505615234375,2.5601949691772461,6016,538572.5,1157.671533852892,14.458358,15.273825,1
65,4.0703878402709961,1.3564541339874268,0.039110507816076279,-14.218799591064453,9.5154638290405273,3.7304048538208008,6016,538572.5,1055.5785434375684,0,0.62598500000000001,0
66,4.0902714729309082,1.1930036544799805,0.016529479995369911,-3.7673814296722412,2.5075585842132568,0.62455469369888306,6016,529679.75,965.426570034424,15.482715000000001,16.388065000000001,1
67,4.1074323654174805,1.0296401977539062,0.016943810507655144,-4.383122444152832,2.9239475727081299,0.72465723752975464,6016,529679.75,886.86809091118812,0,0.58701199999999998,0
68,4.1218724250793457,0.86640101671218872,0.021438110619783401,-10.23182487487793,6.8213682174682617,0.86470949649810791,6016,521325.21875,819.86580214835703,15.615205,16.746348999999999,1
69,4.1335973739624023,0.70349013805389404,0.02604268491268158,-15.444924354553223,10.337433815002441,1.3764985799789429,6016,521325.21875,764.46552398337735,0,0.90942999999999996,0
70,4.142613410949707,0.5409662127494812,0.034826301038265228,-9.2860355377197266,5.8717894554138184,0.36803799867630005,6016,512549.5625,720.34591774843102,14.8233,15.592123000000001,1
71,4.1489114761352539,0.37789645791053772,0.024236634373664856,-5.2921075820922852,3.3153173923492432,0.089282438158988953,6016,512549.5625,687.81316629186585,0,0.58753599999999995,0
72,4.1524920463562012,0.21483246982097626,0.015708627179265022,-6.6734766960144043,3.9681754112243652,-0.2633415162563324,6016,504064.75,666.76855575338959,15.941637999999999,16.610968,1
73,4.1533551216125488,0.051777452230453491,0.016870018094778061,-6.9336929321289062,4.1170310974121094,-0.28389924764633179,6016,504064.75,657.21084659494181,0,0.63857299999999995,0
74,4.1514968872070312,-0.11149362474679947,0.013666643761098385,-0.046763420104980469,-0.0038327465299516916,0.02879873663187027,6016,495602.96875,659.16113146363386,16.075194,17.033874000000001,1
75,4.1469244956970215,-0.27434304356575012,0.033366180956363678,-0.15742996335029602,0.034853845834732056,0.12445139139890671,6016,495602.96875,672.2712837140989,0,0.53504399999999996,0
76,4.1396365165710449,-0.43727138638496399,0.03139134868979454,-0.10420732945203781,-0.0074179060757160187,0.042569037526845932,6016,488645.625,696.91762585381002,15.250366,16.330991000000001,1
77,4.1296329498291016,-0.60021626949310303,0.030681755393743515,-0.087091013789176941,-0.023969339206814766,0.021273575723171234,6016,488645.625,733.08158126112721,0,0.73798299999999994,0
78,4.1169500350952148,-0.76096343994140625,0.030424166470766068,23.392341613769531,53.627208709716797,-19.921466827392578,6016,481075.53125,778.72675860488198,17.526166,18.497166,1
79,4.1015753746032715,-0.92248165607452393,0.022116253152489662,16.438322067260742,37.67864990234375,-14.012509346008301,6016,481075.53125,836.3553037305137,0,0.718414,0
80,4.0834946632385254,-1.084833025932312,0.037553776055574417,2.2091457843780518,5.432063102722168,-1.9891186952590942,6016,473391.21875,905.99297444652802,20.089683000000001,21.061983999999999,1
81,4.062713623046875,-1.2468732595443726,0.042082589119672775,2.8645193576812744,7.0163187980651855,-2.5430984497070312,6016,473391.21875,986.69376584293423,0,0.72743000000000002,0
82,4.0392189025878906,-1.4096906185150146,0.025884594768285751,1.0644609928131104,2.6880078315734863,-1.0151342153549194,6016,466412.21875,1079.7221175470258,20.138991999999998,21.081123999999999,1
83,4.0130114555358887,-1.5724332332611084,0.027600541710853577,1.1655833721160889,2.9365222454071045,-1.1061168909072876,6016,466412.21875,1184.1429547212683,0,0.78016700000000005,0
84,3.9840939044952393,-1.7350485324859619,0.032188739627599716,1.1038600206375122,2.8352737426757812,-1.0800548791885376,6016,458785.125,1299.81196354848,20.017001,20.902878999999999,1
85,3.9524664878845215,-1.8976386785507202,0.03358667716383934,1.1201106309890747,2.8745033740997314,-1.0974589586257935,6016,458785.125,1426.9164323178629,0,0.67273300000000003,0
86,3.9181351661682129,-2.0598814487457275,0.044975664466619492,1.1018171310424805,2.9015507698059082,-1.1321922540664673,6016,450192.875,1564.953807067126,19.651755000000001,20.594246999999999,1
87,3.8811039924621582,-2.2218670845031738,0.051315810531377792,1.2441209554672241,3.2612636089324951,-1.2684388160705566,6016,450192.875,1714.1222746736603,0,0.69552700000000001,0
88,3.8413856029510498,-2.3831081390380859,0.071697622537612915,1.3941024541854858,3.7252109050750732,-1.4710979461669922,6016,443987.40625,1873.3533116870531,20.214117999999999,21.048738,1
89,3.7989766597747803,-2.5445375442504883,0.070440500974655151,1.2614815235137939,3.4449255466461182,-1.3965374231338501,6016,443987.40625,2044.3337124547033,0,0.55158399999999996,0
90,3.7538740634918213,-2.7061607837677002,0.068184800446033478,0.72809767723083496,2.1755011081695557,-0.96102041006088257,6016,436303,2226.7594265319058,16.925744999999999,17.496676999999998,1
91,3.706078052520752,-2.8677618503570557,0.073907971382141113,0.62987285852432251,2.0227580070495605,-0.95030468702316284,6016,436303,2420.5297649681452,0,0.43070700000000001,0
92,3.6556060314178467,-3.0283236503601074,0.11264778673648834,0.68673181533813477,2.4536130428314209,-1.227025032043457,6016,428948.21875,2623.9308490316471,21.605924000000002,22.542102,1
93,3.6025145053863525,-3.185490608215332,0.18916070461273193,1.8431069850921631,11.711573600769043,-2.4627106189727783,6016,428948.21875,2832.9197478691931,0,0.64322299999999999,0
94,3.5468165874481201,-3.3418738842010498,0.19112634658813477,1.1585804224014282,20.20155143737793,-1.8776489496231079,6016,422852.625,3050.6131380368315,20.738395000000001,21.688607000000001,1
95,3.4884874820709229,-3.4997522830963135,0.17815768718719482,0.97892558574676514,6.4190163612365723,-1.7214232683181763,6016,422852.625,3281.6937819201557,0,0.69833199999999995,0
96,3.4275455474853516,-3.6565091609954834,0.22088241577148438,0.29173043370246887,19.62968635559082,-1.5696859359741211,6016,416588.1875,3522.1586427332659,17.201625,18.165078999999999,1
97,3.3639683723449707,-3.8146343231201172,0.21651700139045715,0.11318471282720566,2.1437182426452637,-1.4195924997329712,6016,416588.1875,3775.3052747763722,0,0.74390000000000001,0
98,3.2977590560913086,-3.9725556373596191,0.18499180674552917,-0.036845814436674118,1.0880131721496582,-0.96235567331314087,6016,410000.28125,4037.7409395494615,16.923310000000001,17.902463999999998,1
99,3.2289419174194336,-4.1290311813354492,0.18245449662208557,-0.08917555958032608,21.634542465209961,-0.81327724456787109,6016,410000.28125,4307.7729717817856,0,0.85023499999999996,0
100,3.1574656963348389,-4.2885704040527344,0.17974725365638733,-0.30123370885848999,0.66067081689834595,-0.75479990243911743,6016,403982.90625,4596.1232119494816,16.032572999999999,16.708297999999999,1
101,3.0833723545074463,-4.4456048011779785,0.16242538392543793,-0.32303473353385925,30.486671447753906,-0.57754015922546387,6016,403982.90625,4889.4452543152729,0,0.51354100000000003,0
102,3.0065665245056152,-4.6083540916442871,0.057899061590433121,-0.16940924525260925,0.2594166100025177,-0.17669884860515594,6016,398535.46875,5207.303186938283,16.700908999999999,17.335709000000001,1
103,2.9270453453063965,-4.7712650299072266,0.062104329466819763,-0.16590544581413269,0.051092565059661865,-0.19427220523357391,6016,398535.46875,5537.0613431726524,0,0.56800799999999996,0
104,2.8448195457458496,-4.9335474967956543,0.052525170147418976,-0.33504647016525269,1.7270915508270264,-0.56141668558120728,6016,394056.71875,5876.4826470927219,14.676735000000001,15.347709999999999,1
105,2.7598884105682373,-5.0958662033081055,0.05155646800994873,-0.4092203676700592,2.2159185409545898,-0.72036010026931763,6016,394056.71875,6227.5336515293748,0,0.54767500000000002,0
106,2.6722900867462158,-5.2558984756469727,0.046274963766336441,-0.18704536557197571,8.1961288452148438,-1.6430965662002563,6016,387683.84375,6584.1174322748557,15.716768999999999,16.390332999999998,1
107,2.5820310115814209,-5.4155468940734863,0.05024225264787674,-0.25941890478134155,9.5672979354858398,-1.8304998874664307,6016,387683.84375,6950.7566031494935,0,0.61511300000000002,0
108,2.4892582893371582,-5.5663638114929199,0.070572942495346069,-0.87293553352355957,36.810657501220703,-3.5883097648620605,6016,383707.78125,7305.3198302633537,17.604275000000001,18.322092000000001,1
109,2.3939862251281738,-5.7163257598876953,0.078674972057342529,-1.117706298828125,42.605720520019531,-4.0434131622314453,6016,383707.78125,7666.5795453537721,0,0.549041,0
110,2.2959744930267334,-5.8807024955749512,0.17307187616825104,26.568168640136719,-815.9432373046875,573.08929443359375,6016,378147.96875,8080.9759060736396,17.988693999999999,18.744318,1
111,2.2049601078033447,-4.2097649574279785,0.25235947966575623,40.333789825439453,-1302.38916015625,901.4678955078125,6016,378147.96875,6014.5333519298292,0,0.55125999999999997,0
112,2.1361069679260254,-4.131190299987793,0.36527484655380249,-3.4022262096405029,297.77334594726562,1.681361198425293,6016,373483.5,6159.7654002814088,15.039902,15.898679,1
113,2.0715856552124023,-3.878617525100708,0.41412389278411865,-5.8737692832946777,315.65420532226562,-7.6575345993041992,6016,373483.5,6208.6888336318661,0,0.64251100000000005,0
114,2.0103275775909424,-3.7826089859008789,0.39056703448295593,-2450.356689453125,2292.54296875,611.294189453125,6016,368372.78125,6242.1764759094222,15.810644999999999,16.946027000000001,1
115,1.9458287954330444,-3.8699278831481934,0.20822592079639435,-1169.4305419921875,1228.82763671875,330.03125,6016,368372.78125,6387.2206767339958,0,0.64799600000000002,0
116,1.8792581558227539,-3.9942386150360107,0.23586884140968323,-656.0185546875,242.25970458984375,68.09033203125,6016,364894.59375,6594.8615299104131,15.207993999999999,16.135929999999998,1
117,1.810494065284729,-4.1258444786071777,0.21054545044898987,-563.96343994140625,192.64253234863281,59.404624938964844,6016,364894.59375,6831.1928451966378,0,1.143669,0
118,1.7392936944961548,-4.2720193862915039,0.11551752686500549,-11.11933708190918,101.98474884033203,-10.091022491455078,6016,360568.4375,7087.9691543851222,16.492557000000001,17.584589999999999,1
119,1.665579080581665,-4.4228744506835938,0.093154370784759521,-8.2119932174682617,62.127620697021484,-7.6202530860900879,6016,360568.4375,7365.9006163936574,0,1.1305069999999999,0
120,1.5892652273178101,-4.5788302421569824,0.057261891663074493,-0.52181512117385864,31.35944938659668,-2.159822940826416,6016,356792.21875,7665.9365873310016,19.807075999999999,22.035319999999999,1
121,1.5104292631149292,-4.7301568984985352,0.093637272715568542,-4.7714629173278809,35.985260009765625,-2.8687624931335449,6016,356792.21875,7966.5559933934128,0,1.5904229999999999,0
122,1.4291132688522339,-4.8789587020874023,0.10051115602254868,-14.405548095703125,56.888877868652344,-5.8511404991149902,6016,354962.375,8268.5540617291117,15.066663999999999,17.306470000000001,1
123,1.3455427885055542,-5.0142312049865723,0.18701741099357605,-29.57343864440918,120.89268493652344,-7.4444117546081543,6016,354962.375,8542.6463665784104,0,2.1179939999999999,0
124,1.2594300508499146,-5.1667661666870117,0.095359086990356445,-200.41087341308594,-56.283576965332031,-89.688079833984375,6016,352490.375,8865.5755581362755,15.764173,19.315750000000001,1
125,1.1708134412765503,-5.3169951438903809,0.084188267588615417,-123.10302734375,27.532489776611328,-49.659954071044922,6016,352490.375,9194.2543533146963,0,3.1464089999999998,0
126,1.0795855522155762,-5.473670482635498,0.06846955418586731,-118.98245239257812,-78.988174438476562,-105.26441192626953,6016,348630.65625,9547.5594317492214,16.596235,19.354212,1
127,0.98579466342926025,-5.6274547576904297,0.061616808176040649,-62.064178466796875,19.868442535400391,-51.888889312744141,6016,348630.65625,9905.4512110453798,0,2.69638,0
128,0.88944989442825317,-5.7806863784790039,0.10192500799894333,-102.22069549560547,-143.1138916015625,127.41249084472656,6016,348213.28125,10275.068058371078,16.234995999999999,18.790248999999999,1
129,0.79071879386901855,-5.9238638877868652,0.16425302624702454,-152.06529235839844,-141.77146911621094,209.77659606933594,6016,348213.28125,10625.982176040474,0,2.5441889999999998,0
130,0.68996536731719971,-6.0452041625976562,0.390796959400177,1201.212646484375,-631.1458740234375,1159.918701171875,6016,347756.625,10959.458607726963,16.416159,18.977385000000002,1
131,0.5873374342918396,-6.1576757431030273,0.48301056027412415,1420.8062744140625,-732.360595703125,1455.570068359375,6016,347756.625,10603.539574008377,0,3.4296609999999998,0
132,0.48661297559738159,-6.0434665679931641,0.67243796586990356,4383.1806640625,3730.654296875,-6754.34423828125,6016,373556.90625,9886.7639958636137,22.061904999999999,24.497282999999999,1
133,0.38693127036094666,-5.9809017181396484,0.57953530550003052,4659.0634765625,2884.769775390625,-6505.20751953125,6016,373556.90625,9405.981872024131,0,2.5733069999999998,0
134,0.32662510871887207,-2.6578826904296875,0.83752226829528809,3238.531982421875,6694.6396484375,-3488.70361328125,6016,393744.59375,4840.5442668122705,20.046942000000001,22.892185999999999,1
135,0.32663235068321228,0.00043348665349185467,0.74950152635574341,3303.9072265625,5484.55908203125,-3541.253173828125,6016,393744.59375,762.51388683172627,0,1.959044,0
136,0.32782071828842163,0.07130160927772522,0.66463768482208252,-479.92083740234375,5336.34521484375,-1969.0665283203125,6016,355783.15625,273.12212101317527,19.513527,21.284269999999999,1
137,0.33023568987846375,0.14489878714084625,0.65776509046554565,-788.45489501953125,5200.580078125,-1754.061767578125,6016,355783.15625,252.59101187035594,0,2.0151520000000001,0
138,0.33243522047996521,0.131972536444664,0.62997108697891235,1961.6744384765625,3180.60595703125,3920.0517578125,6016,351392.875,288.30595768336934,18.807054000000001,21.340515,1
139,0.33445867896080017,0.121408611536026,0.62050712108612061,1908.703857421875,3113.355712890625,3854.5166015625,6016,351392.875,336.74813014384381,0,2.4373279999999999,0
140,0.33473843336105347,0.016786094754934311,0.69648820161819458,1582.5189208984375,862.53057861328125,-1976.105224609375,6016,344296.125,346.67207269810024,17.515319000000002,19.843035,1
141,0.33321687579154968,-0.091292783617973328,0.65221959352493286,1575.9049072265625,799.2474365234375,-1687.6456298828125,6016,344296.125,367.29608059130987,0,1.745609,0
142,0.33010977506637573,-0.18642540276050568,0.78760296106338501,939.67584228515625,1068.479248046875,-2706.5703125,6016,340403.8125,383.00152003064431,16.462437999999999,18.626104000000002,1
143,0.32531151175498962,-0.28789585828781128,0.70070153474807739,943.5194091796875,974.57208251953125,-2491.02783203125,6016,340403.8125,410.3154550242707,0,1.807801,0
144,0.31879359483718872,-0.39107581973075867,0.71423244476318359,643.27923583984375,984.331298828125,-2971.84765625,6016,336529.875,434.31873657594042,15.548772,18.060988999999999,1
145,0.31221580505371094,-0.28705525398254395,0.73821759223937988,581.3046875,1020.7264404296875,-2967.326171875,6016,336529.875,433.45439492662626,0,1.8675759999999999,0
146,0.30593094229698181,-0.37688720226287842,0.54517126083374023,-44.692981719970703,721.888916015625,-371.99371337890625,6016,334532.96875,443.09549522845919,13.849481000000001,15.990544999999999,1
147,0.30239522457122803,-0.32155892252922058,0.56597530841827393,-58.794445037841797,754.44134521484375,-388.910888671875,6016,334532.96875,431.75446969351833,0,2.2173319999999999,0
148,0.30314236879348755,-0.00022381239978130907,0.81439495086669922,848.4400634765625,1132.3072509765625,-402.77435302734375,6016,333017.6875,401.29725445666554,13.671621999999999,15.899872,1
149,0.30202743411064148,-0.085311926901340485,0.71915870904922485,740.2822265625,1012.0001831054688,-339.92169189453125,6016,333017.6875,412.84070941329082,0,1.9643870000000001,0
150,0.30010369420051575,-0.1228049024939537,0.66955006122589111,657.64031982421875,992.52911376953125,-305.3289794921875,6016,331369.0625,421.54924822824796,13.503299,15.474315000000001,1
151,0.29999193549156189,-0.0067063188180327415,0.72138595581054688,703.732421875,1061.9344482421875,-270.9022216796875,6016,331369.0625,425.73875526044321,0,2.2373989999999999,0
152,0.29999139904975891,-3.2652136724209413e-05,0.73456877470016479,258.00494384765625,1127.0360107421875,842.46478271484375,6016,331551.96875,418.88129183103229,13.750394999999999,15.680236000000001,1
153,0.29998737573623657,-0.00024160326574929059,0.84320801496505737,325.987060546875,1314.0235595703125,961.8995361328125,6016,331551.96875,413.27764982729059,0,1.842422,0
154,0.29997828602790833,-0.00054615293629467487,0.59113532304763794,-306.83721923828125,1119.122802734375,-309.30267333984375,6016,331960.90625,402.32751856275354,13.71547,15.831337,1
155,0.29997679591178894,-8.8517859694547951e-05,0.58144718408584595,-306.82855224609375,1103.40234375,-303.53759765625,6016,331960.90625,391.98160674965766,0,1.956083,0
156,0.29997625946998596,-3.2736650609876961e-05,0.56923061609268188,-435.60504150390625,1252.494873046875,20.336444854736328,6016,331915.28125,377.12248143539728,13.92562,16.174603000000001,1
157,0.29997605085372925,-1.2382694876578171e-05,0.54892367124557495,-431.68814086914062,1197.5745849609375,-3.7586674690246582,6016,331915.28125,363.0760631062567,0,2.05802,0
158,0.29997596144676208,-4.5701326598646119e-06,0.60323870182037354,-2241.493896484375,1525.9024658203125,617.32757568359375,6016,333005.78125,302.90973725662843,13.757341,16.641874000000001,1
159,0.2999759316444397,-1.4565307537850458e-06,0.5899348258972168,-2169.00634765625,1493.75830078125,585.49920654296875,6016,333005.78125,248.6976506919691,0,2.3500559999999999,0
160,0.2999759316444397,-4.4126500142738223e-07,0.72931444644927979,-1115.702880859375,1383.2813720703125,1046.8096923828125,6016,335030.8125,211.31634914302049,13.435549,16.038322000000001,1
161,0.2999759316444397,-2.9797109846185776e-07,0.75023889541625977,-1150.3314208984375,1424.44140625,1087.9349365234375,6016,335030.8125,176.14783060283298,0,2.3868529999999999,0
162,0.2999759316444397,-1.9927172445477481e-07,0.70946109294891357,-404.81524658203125,1401.7445068359375,549.7861328125,6016,336544.125,158.02113894728336,13.39667,15.663862999999999,1
163,0.2999759316444397,-1.3536688925341878e-07,0.67122679948806763,-410.38357543945312,1322.2628173828125,512.08880615234375,6016,336544.125,141.68485890246029,0,2.5443180000000001,0
164,0.2999759316444397,-9.0765723825825262e-08,0.74844831228256226,1053.1861572265625,1771.9346923828125,-1311.813232421875,6016,335705.4375,149.58365792824407,14.332043000000001,17.545466999999999,1
165,0.2999759316444397,-6.6035717338763789e-08,0.72817379236221313,1010.6653442382812,1732.793212890625,-1243.1651611328125,6016,335705.4375,158.97838200579372,0,3.4399169999999999,0
166,0.2999759316444397,-4.3233029600742157e-08,0.61246740818023682,1037.935791015625,1193.389404296875,-473.37942504882812,6016,336283.3125,169.16788211678067,18.385000000000002,20.840215000000001,1
167,0.2999759316444397,-3.1559682867055017e-08,0.70264208316802979,1175.863037109375,1367.97802734375,-535.80047607421875,6016,336283.3125,182.18495046639418,0,2.3231570000000001,0
168,0.2999759316444397,-2.180805047657941e-08,0.74803876876831055,1474.2874755859375,1789.0145263671875,-31.643421173095703,6016,339433.21875,200.89327607690484,17.79017,20.129967000000001,1
169,0.2999759316444397,-1.7788083894743068e-08,0.73048382997512817,1392.5648193359375,1746.60205078125,-33.767532348632812,6016,339433.21875,220.29787362904881,0,2.1183139999999998,0
170,0.2999759316444397,-1.1218903139820213e-08,0.7828984260559082,-50.380863189697266,2138.85009765625,644.17535400390625,6016,340270.125,211.40872810441124,14.694677,17.470573999999999,1
171,0.2999759316444397,-1.0464151323219539e-08,0.73724573850631714,-14.734427452087402,2019.7711181640625,573.78240966796875,6016,340270.125,204.2480320381128,0,2.5275379999999998,0
172,0.2999759316444397,-2.9334783491208327e-09,0.73628807067871094,-775.47039794921875,1897.720458984375,-480.30340576171875,6016,342195.6875,188.82371353227063,14.819563,17.469137,1
173,0.2999759316444397,8.5672496874522608e-11,0.76545435190200806,-806.35491943359375,1975.8333740234375,-505.24057006835938,6016,342195.6875,173.34272866104948,0,2.2906780000000002,0
174,0.2999759316444397,2.202297788578278e-10,0.75337892770767212,-806.90228271484375,1711.8712158203125,424.76181030273438,6016,345240.53125,153.69938676934089,15.039289999999999,17.547260000000001,1
175,0.2999759316444397,-8.6667961696207385e-10,0.7607879638671875,-806.53857421875,1730.65087890625,444.56011962890625,6016,345240.53125,135.03836000233241,0,2.5298639999999999,0
176,0.2999759316444397,1.7302511645667096e-09,0.71465355157852173,-529.72894287109375,1373.9453125,-177.96755981445312,6016,347820,123.99196891457495,15.208294,17.717699,1
177,0.2999759316444397,1.5601331337933289e-10,0.76618361473083496,-559.07952880859375,1470.78173828125,-188.43524169921875,6016,347820,112.81457992080095,0,2.2863000000000002,0
178,0.2999759316444397,-2.1217416712460135e-11,0.69891107082366943,-206.9268798828125,1670.600830078125,-227.26123046875,6016,351056.28125,107.06237267349707,15.158462,17.648814999999999,1
179,0.2999759316444397,8.6777862673415029e-11,0.80003631114959717,-239.22920227050781,1906.01904296875,-257.77908325195312,6016,351056.28125,100.94306086020833,0,2.4064399999999999,0
180,0.29997596144676208,9.8500527201395016e-07,0.83804738521575928,484.635986328125,2419.10302734375,-458.26821899414062,6016,354179.8125,103.46779070141702,16.127741,18.581258999999999,1
181,0.29997596144676208,-8.5563385709974682e-07,0.81270617246627808,448.84487915039062,2324.784423828125,-453.353759765625,6016,354179.8125,106.27186130070868,0,2.6857820000000001,0
182,0.29997596144676208,-5.8538051916912082e-07,0.86683964729309082,-643.90399169921875,2088.621826171875,-192.25277709960938,6016,357403.875,96.009702182630917,14.805361,17.258984999999999,1
183,0.29997596144676208,-4.008696805612999e-07,0.84438121318817139,-604.70086669921875,2039.4390869140625,-193.61651611328125,6016,357403.875,87.220943989737862,0,2.8291460000000002,0
184,0.29997596144676208,-2.7609593189481529e-07,0.84970581531524658,-943.39166259765625,2089.808349609375,182.83575439453125,6016,361282.53125,74.170503642433914,14.612031,17.060613,1
185,0.29997596144676208,-1.8732009721134091e-07,0.77791768312454224,-855.27557373046875,1921.568603515625,172.69918823242188,6016,361282.53125,63.656368881975595,0,2.8459699999999999,0
186,0.29997596144676208,-1.297490399565504e-07,0.81175106763839722,-321.99905395507812,1931.951904296875,637.3780517578125,6016,365191.625,55.073256967246152,14.632735,16.929825999999998,1
187,0.29997596144676208,-8.8185259983220021e-08,0.81890803575515747,-326.388427734375,1943.46533203125,686.17718505859375,6016,365191.625,46.985584982533737,0,2.7694529999999999,0
188,0.29997596144676208,-6.0375541011126188e-08,0.83815234899520874,276.77178955078125,1884.7493896484375,-976.94036865234375,6016,369290.53125,51.380612615255359,14.32409,16.685981000000002,1
189,0.29997596144676208,-4.3830915785747493e-08,0.83095461130142212,260.62686157226562,1849.6329345703125,-1002.973388671875,6016,369290.53125,57.024515690887938,0,2.6966169999999998,0
190,0.29997596144676208,-3.190111286244246e-08,0.76549774408340454,9.6130867004394531,1452.1087646484375,-102.68099975585938,6016,373740,55.11723954743411,14.767257000000001,17.194680000000002,1
191,0.29997596144676208,-2.2635742169541118e-08,0.77780115604400635,13.739741325378418,1472.4527587890625,-94.278083801269531,6016,373740,53.318405718684289,0,2.8154750000000002,0
192,0.29997596144676208,-1.6255080836913294e-08,0.82305091619491577,160.69375610351562,1653.9915771484375,1307.6190185546875,6016,380132.65625,43.680107660262365,14.639173,17.159085000000001,1
193,0.29997596144676208,-8.5428304430479329e-09,0.81933337450027466,166.40364074707031,1650.09228515625,1344.7412109375,6016,380132.65625,35.671791516078088,0,2.8878680000000001,0
194,0.29997596144676208,-1.5905174954866652e-09,0.74894797801971436,523.10626220703125,1695.9442138671875,-549.8739013671875,6016,383625.65625,38.499417357613993,14.280123,16.855267999999999,1
195,0.29997596144676208,2.6058877278245518e-11,0.82500541210174561,568.8668212890625,1867.44970703125,-621.1893310546875,6016,383625.65625,42.214448103016366,0,3.428693,0
196,0.29997596144676208,-1.2421526029982033e-09,0.8399156928062439,-216.04496765136719,1746.43115234375,-252.74533081054688,6016,386806.96875,40.880954318456475,15.27088,18.271837000000001,1
197,0.29997596144676208,-7.9456512480646779e-09,0.87314587831497192,-226.48835754394531,1814.3577880859375,-269.7757568359375,6016,386806.96875,39.774085631882826,0,3.2485819999999999,0
198,0.29997596144676208,5.7077970128105449e-10,0.83081096410751343,-248.94633483886719,1769.8267822265625,-114.23527526855469,6016,391690.34375,37.65490398031784,15.261810000000001,17.818961000000002,1
199,0.29997596144676208,1.4433754191855996e-10,0.84804439544677734,-252.54713439941406,1806.858642578125,-117.00191497802734,6016,391690.34375,35.70632001322042,0,2.508413,0
200,0.29997596144676208,-2.0920004617508425e-10,0.80961751937866211,298.24298095703125,1817.826904296875,174.6495361328125,6016,396421.875,34.522396507549502,14.83262,17.610567,1
201,0.29997596144676208,-3.9572806143084449e-10,0.86153030395507812,314.02005004882812,1932.897216796875,189.83992004394531,6016,396421.875,33.354101104361007,0,2.260176,0
202,0.29997596144676208,1.803499016794774e-11,0.89093261957168579,-9.1187047958374023,2287.8193359375,-318.94113159179688,6016,401630.6875,32.876597500495677,15.259501,18.236532,1
203,0.29997596144676208,-2.3695273521084914e-10,0.76902008056640625,-9.4967288970947266,1976.67041015625,-278.45870971679688,6016,401630.6875,32.568330684241346,0,2.401427,0
204,0.29997596144676208,-3.3420519129911952e-10,0.87845849990844727,23.75712776184082,2064.52978515625,327.4036865234375,6016,407293.8125,30.414533781887712,18.459775,20.942454000000001,1
205,0.29997596144676208,-3.8682587688576575e-10,0.87656122446060181,26.988157272338867,2060.21484375,324.14703369140625,6016,407293.8125,28.424444264422618,0,2.3529529999999999,0
206,0.29997596144676208,8.3264711792097046e-10,0.76576006412506104,128.5137939453125,1878.2327880859375,239.96345520019531,6016,413361.6875,28.063498428555192,15.321832000000001,17.736008000000002,1
207,0.29997596144676208,-1.6763514187889683e-10,0.87719762325286865,147.31828308105469,2150.3173828125,279.98367309570312,6016,413361.6875,27.615457447559606,0,2.5996009999999998,0
208,0.29997599124908447,2.5444701350352261e-06,0.88974165916442871,21.652278900146484,2341.14453125,248.57032775878906,6016,419452.9375,27.446286881168248,16.351793000000001,20.20861,1
209,0.29997596144676208,-1.3646720162796555e-06,0.86392706632614136,15.906599044799805,2270.216796875,261.97232055664062,6016,419452.9375,27.384064546683192,0,4.0689799999999998,0
210,0.29997596144676208,-3.7944070641060534e-07,0.89092665910720825,-111.16828918457031,2185.642333984375,409.97354125976562,6016,426213.0625,25.777108562963292,15.188005,17.998856,1
211,0.29997596144676208,-2.5940269665625237e-07,0.86152160167694092,-105.09429931640625,2115.74072265625,393.02938842773438,6016,426213.0625,24.450768776768228,0,2.5111720000000002,0
212,0.29997596144676208,-1.7653403006079316e-07,0.86410129070281982,-100.19219207763672,1727.460205078125,-402.29049682617188,6016,431449.09375,24.839872121680173,15.634501,18.134813999999999,1
213,0.29997596144676208,-1.2145160610543826e-07,0.89691197872161865,-111.09772491455078,1798.896240234375,-432.62960815429688,6016,431449.09375,25.439608857551889,0,3.795725,0
214,0.29997596144676208,-8.8481343141211255e-08,0.88244330883026123,-16.452602386474609,1633.70068359375,-380.9420166015625,6016,438448.25,26.40605133206725,16.571003000000001,19.057447,1
215,0.29997596144676208,-5.9737814694926783e-08,0.87005871534347534,-13.653910636901855,1609.92138671875,-377.87277221679688,6016,438448.25,27.52813707090155,0,2.911403,0
216,0.29997596144676208,-4.4454605330201957e-08,0.79661870002746582,205.58038330078125,1409.5528564453125,388.28717041015625,6016,446887.125,25.818276832038066,16.315546000000001,18.914681000000002,1
217,0.29997596144676208,-2.7803469748732823e-08,0.85366249084472656,218.24893188476562,1506.78076171875,426.34646606445312,6016,446887.125,24.129712387501797,0,2.5847030000000002,0
218,0.29997596144676208,-1.6692920823402346e-08,0.93411850929260254,268.31732177734375,1918.575927734375,-140.73419189453125,6016,453670.375,24.168489117587058,17.399829,20.059920999999999,1
219,0.29997596144676208,-1.1015851342222049e-08,0.91950559616088867,265.2779541015625,1890.8726806640625,-138.49810791015625,6016,453670.375,24.280594883138235,0,2.3063660000000001,0
220,0.29997596144676208,-6.3781708803389847e-09,0.89792513847351074,-73.290786743164062,1995.182373046875,-415.79879760742188,6016,460673.125,24.047879162182824,14.34328,17.070568999999999,1
221,0.29997596144676208,-5.3444457748241803e-09,0.88984835147857666,-58.359783172607422,1972.955810546875,-411.67974853515625,6016,460673.125,24.025761235846517,0,2.2566060000000001,0
222,0.29997596144676208,2.0780566156730629e-10,0.8677404522895813,-246.49899291992188,1500.6002197265625,-40.634349822998047,6016,466854.71875,22.745513718533431,16.821832000000001,19.834289999999999,1
223,0.29997596144676208,-1.1186794823814239e-09,0.85147649049758911,-237.76608276367188,1474.1051025390625,-42.784671783447266,6016,466854.71875,21.622785832211065,0,2.307569,0
224,0.29997596144676208,2.5314172980017702e-10,0.84322613477706909,-36.092216491699219,1654.332763671875,380.6116943359375,6016,476820.875,19.630895175757075,14.523766,16.924416999999998,1
225,0.29997596144676208,2.7519886369731239e-10,0.83254283666610718,-37.072860717773438,1632.9398193359375,379.847900390625,6016,476820.875,17.808700837716302,0,2.3093750000000002,0
226,0.29997596144676208,2.3403648463649063e-10,0.8881303071975708,378.33541870117188,2111.8349609375,142.59223937988281,6016,484588.625,18.984332042478499,14.939050999999999,17.477215999999999,1
227,0.29997596144676208,3.8279862613066484e-10,0.86979663372039795,362.56686401367188,2068.94873046875,141.77906799316406,6016,484588.625,20.279675600155912,0,3.6859999999999999,0
228,0.29997596144676208,6.6612493299089692e-10,0.90077000856399536,-774.6177978515625,1727.056396484375,-413.35684204101562,6016,493239,20.111466028797281,16.272175000000001,18.602278999999999,1
229,0.29997596144676208,-1.0525764704283347e-09,0.9183240532875061,-792.377685546875,1761.9267578125,-428.97576904296875,6016,493239,20.633540515409635,0,3.3097979999999998,0
230,0.29997596144676208,-2.1772120217811164e-10,0.954578697681427,541.06842041015625,2139.295654296875,-553.1171875,6016,502940.65625,22.723956612781393,14.680259,17.254338000000001,1
231,0.29997596144676208,-5.5332738391200564e-11,0.84355056285858154,482.30599975585938,1887.2889404296875,-488.1881103515625,6016,502940.65625,24.962196460911287,0,3.0070860000000001,0
232,0.29997596144676208,-8.6529888809749878e-10,0.90100580453872681,-428.58349609375,1993.193603515625,641.3182373046875,6016,510941.34375,20.895986762019476,17.332014999999998,20.022497999999999,1
233,0.29997596144676208,-2.0055040961253212e-11,0.9096299409866333,-441.0675048828125,2012.087158203125,659.62506103515625,6016,510941.34375,17.330705931367362,0,2.2674340000000002,0
234,0.29997596144676208,2.5217633536911421e-10,0.83779793977737427,632.0672607421875,2017.16259765625,-504.00039672851562,6016,520345.875,19.133052136588091,14.461501,17.014274,1
235,0.29997596144676208,4.090605632001143e-11,0.88691335916519165,666.500732421875,2138.3544921875,-532.495849609375,6016,520345.875,21.478016551522188,0,2.2633540000000001,0
236,0.29997596144676208,-1.162765994600079e-10,0.88714426755905151,-412.42520141601562,1827.79345703125,411.654296875,6016,528700.5,19.316907711042347,16.819700000000001,20.451421,1
237,0.29997596144676208,-6.0668253754059265e-10,0.92326128482818604,-437.87551879882812,1901.9195556640625,431.33148193359375,6016,528700.5,17.281858851453819,0,2.277612,0
238,0.29997596144676208,4.3904141433515065e-10,0.94336676597595215,-418.27523803710938,1807.1517333984375,311.64633178710938,6016,538837.1875,16.493548157998987,14.637848999999999,17.244554999999998,1
239,0.29997596144676208,-2.5236923661964283e-10,0.93096703290939331,-411.2933349609375,1788.858642578125,305.68081665039062,6016,538837.1875,16.025766046164296,0,2.2048920000000001,0
