step,fluid_executed,fluid_dt,particles,particle_ms,hybrid_ms,whole_fixed_step_ms
0,1,0.01666666753590107,125,3.970558,4.355213,8.6530330000000006
1,0,0,125,0,0.22011900000000001,0.71131800000000001
2,1,0.033333335071802139,125,4.7742490000000002,5.2705060000000001,6.2328609999999998
3,0,0,125,0,0.29652099999999998,1.1153500000000001
4,1,0.033333335071802139,125,6.6024159999999998,6.9530659999999997,7.3963409999999996
5,0,0,125,0,0.11068,1.2977399999999999
6,1,0.033333335071802139,125,3.9198629999999999,4.0210119999999998,4.4429619999999996
7,0,0,125,0,0.10781,0.99138599999999999
8,1,0.033333335071802139,125,4.6347500000000004,4.7139530000000001,5.2666380000000004
9,0,0,125,0,0.044732000000000001,0.48289399999999999
10,1,0.033333335071802139,125,3.9165580000000002,3.9774180000000001,4.5378210000000001
11,0,0,125,0,0.042648999999999999,0.50899300000000003
12,1,0.033333335071802139,125,5.5657839999999998,5.645861,6.1974030000000004
13,0,0,125,0,0.055317999999999999,0.55513199999999996
14,1,0.033333335071802139,125,3.9887959999999998,4.0933679999999999,4.7396079999999996
15,0,0,125,0,0.059179000000000002,0.71987100000000004
16,1,0.033333335071802139,125,4.2082249999999997,4.2882949999999997,4.7592100000000004
17,0,0,125,0,0.044555999999999998,0.50536499999999995
18,1,0.033333335071802139,125,4.5350640000000002,4.6065009999999997,5.1326239999999999
19,0,0,125,0,0.047093000000000003,0.74601300000000004
20,1,0.033333335071802139,125,4.1215820000000001,4.1886450000000002,4.6673559999999998
21,0,0,125,0,0.052685000000000003,0.50242200000000004
22,1,0.033333335071802139,125,4.4076779999999998,4.476451,5.0224039999999999
23,0,0,125,0,0.055891999999999997,0.58224699999999996
24,1,0.033333335071802139,125,3.9883000000000002,4.0556330000000003,4.509277
25,0,0,125,0,0.044791999999999998,0.800458
26,1,0.033333335071802139,125,4.751995,4.8193000000000001,5.8475869999999999
27,0,0,125,0,0.13175899999999999,0.63940399999999997
28,1,0.033333335071802139,125,4.121842,4.2277579999999997,5.0537340000000004
29,0,0,125,0,0.047966000000000002,0.91207700000000003
30,1,0.033333335071802139,125,4.3832300000000002,4.4862390000000003,5.2557359999999997
31,0,0,125,0,0.043563999999999999,0.81717399999999996
32,1,0.033333335071802139,125,4.9027320000000003,4.9751079999999996,5.7947730000000002
33,0,0,125,0,0.044713999999999997,0.62152799999999997
34,1,0.033333335071802139,125,4.3211919999999999,4.3853359999999997,4.8763909999999999
35,0,0,125,0,0.043726000000000001,0.47658800000000001
36,1,0.033333335071802139,125,5.3643260000000001,5.4620179999999996,6.0309720000000002
37,0,0,125,0,0.045328,0.51250399999999996
38,1,0.033333335071802139,125,3.8241930000000002,3.91201,4.7487310000000003
39,0,0,125,0,0.082279000000000005,0.656254
40,1,0.033333335071802139,125,4.2790540000000004,4.36747,4.822622
41,0,0,125,0,0.044158999999999997,0.50497800000000004
42,1,0.033333335071802139,125,4.426132,4.4989999999999997,5.0233860000000004
43,0,0,125,0,0.046224000000000001,0.59974799999999995
44,1,0.033333335071802139,125,4.3058199999999998,4.3805120000000004,4.9502389999999998
45,0,0,125,0,0.048827000000000002,0.55133900000000002
46,1,0.033333335071802139,125,5.0171419999999998,5.0909769999999996,5.7087750000000002
47,0,0,125,0,0.057813999999999997,1.0008429999999999
48,1,0.033333335071802139,125,4.3410250000000001,4.4252469999999997,4.9190269999999998
49,0,0,125,0,0.063745999999999997,0.948855
50,1,0.033333335071802139,125,4.4993480000000003,4.5702350000000003,5.0127629999999996
51,0,0,125,0,0.045533999999999998,0.50046599999999997
52,1,0.033333335071802139,125,4.124638,4.2232500000000002,4.9010819999999997
53,0,0,125,0,0.047301999999999997,0.50449999999999995
54,1,0.033333335071802139,125,4.7338909999999998,4.8117029999999996,5.2413080000000001
55,0,0,125,0,0.045962999999999997,0.42555900000000002
56,1,0.033333335071802139,125,4.4265400000000001,4.513833,5.0671020000000002
57,0,0,125,0,0.046493,0.445687
58,1,0.033333335071802139,125,4.3499850000000002,4.4210820000000002,4.8496899999999998
59,0,0,125,0,0.045842000000000001,0.38108799999999998
60,1,0.033333335071802139,125,4.7296760000000004,4.8034980000000003,5.2127829999999999
61,0,0,125,0,0.047994000000000002,0.37312800000000002
62,1,0.033333335071802139,125,3.8875099999999998,3.951584,4.2965419999999996
63,0,0,125,0,0.043853000000000003,0.33737400000000001
64,1,0.033333335071802139,125,4.7686149999999996,4.840147,5.1885329999999996
65,0,0,125,0,0.046718999999999997,0.57704699999999998
66,1,0.033333335071802139,125,3.9046569999999998,3.9722979999999999,4.2898759999999996
67,0,0,125,0,0.045558000000000001,0.33277099999999998
68,1,0.033333335071802139,125,4.6041629999999998,4.6766019999999999,5.0752499999999996
69,0,0,125,0,0.046051000000000002,0.39500600000000002
70,1,0.033333335071802139,125,4.0126850000000003,4.0813730000000001,4.3980610000000002
71,0,0,125,0,0.046540999999999999,0.35258299999999998
72,1,0.033333335071802139,125,4.5084239999999998,4.5773760000000001,4.9240180000000002
73,0,0,125,0,0.046661000000000001,0.376971
74,1,0.033333335071802139,125,3.9280569999999999,3.9922740000000001,4.2991169999999999
75,0,0,125,0,0.044622000000000002,0.40303800000000001
76,1,0.033333335071802139,125,4.6233820000000003,4.6946820000000002,5.0381729999999996
77,0,0,125,0,0.046647000000000001,0.39829100000000001
78,1,0.033333335071802139,125,4.1085120000000002,4.1782260000000004,4.5202600000000004
79,0,0,125,0,0.045546000000000003,0.35456100000000002
80,1,0.033333335071802139,125,4.675751,4.7424939999999998,5.0464200000000003
81,0,0,125,0,0.044851000000000002,0.32599499999999998
82,1,0.033333335071802139,125,3.9994800000000001,4.0809240000000004,4.4423110000000001
83,0,0,125,0,0.065868999999999997,0.38824700000000001
84,1,0.033333335071802139,125,4.6557149999999998,4.7227620000000003,5.032953
85,0,0,125,0,0.046292,0.439606
86,1,0.033333335071802139,125,3.993563,4.0578500000000002,4.3780279999999996
87,0,0,125,0,0.046288000000000003,0.54734899999999997
88,1,0.033333335071802139,125,4.626131,4.6987459999999999,5.1153930000000001
89,0,0,125,0,0.045567000000000003,0.33643099999999998
90,1,0.033333335071802139,125,3.8185359999999999,3.8832179999999998,4.3044560000000001
91,0,0,125,0,0.061830000000000003,0.59529299999999996
92,1,0.033333335071802139,125,5.6882020000000004,5.7865180000000001,6.2883149999999999
93,0,0,125,0,0.090051999999999993,0.54232999999999998
94,1,0.033333335071802139,125,4.1426160000000003,4.2172299999999998,4.5963320000000003
95,0,0,125,0,0.076597999999999999,0.51093299999999997
96,1,0.033333335071802139,125,3.9526080000000001,4.0190720000000004,4.5420480000000003
97,0,0,125,0,0.046157999999999998,0.543207
98,1,0.033333335071802139,125,4.9130909999999997,5.0011359999999998,5.5449339999999996
99,0,0,125,0,0.044691000000000002,0.53296500000000002
100,1,0.033333335071802139,125,3.9243749999999999,3.9830329999999998,4.4923310000000001
101,0,0,125,0,0.042588000000000001,0.50710200000000005
102,1,0.033333335071802139,125,3.9152619999999998,3.97722,4.5164489999999997
103,0,0,125,0,0.043679000000000003,0.66355500000000001
104,1,0.033333335071802139,125,3.8041689999999999,3.8654570000000001,4.3729760000000004
105,0,0,125,0,0.043742000000000003,0.55176700000000001
106,1,0.033333335071802139,125,4.1412380000000004,4.2060529999999998,4.6447279999999997
107,0,0,125,0,0.064065999999999998,0.70559700000000003
108,1,0.033333335071802139,125,4.0254019999999997,4.0909259999999996,4.4795509999999998
109,0,0,125,0,0.046378999999999997,0.41776600000000003
110,1,0.033333335071802139,125,5.0593250000000003,5.1286990000000001,5.8382009999999998
111,0,0,125,0,0.045081000000000003,0.432917
112,1,0.033333335071802139,125,3.8661210000000001,3.930139,4.3098429999999999
113,0,0,125,0,0.059879000000000002,0.64343600000000001
114,1,0.033333335071802139,125,4.3687389999999997,4.435956,4.7924360000000004
115,0,0,125,0,0.043781,0.347219
116,1,0.033333335071802139,125,3.9146719999999999,3.976626,4.5359239999999996
117,0,0,125,0,0.060378000000000001,0.59099500000000005
118,1,0.033333335071802139,125,4.026173,4.092041,4.4401970000000004
119,0,0,125,0,0.043895999999999998,0.372832
120,1,0.033333335071802139,125,3.935292,3.9966710000000001,4.2799240000000003
121,0,0,125,0,0.042243000000000003,0.351439
122,1,0.033333335071802139,125,4.5832740000000003,4.6455570000000002,5.0096290000000003
123,0,0,125,0,0.042566,0.314135
124,1,0.033333335071802139,125,3.679125,3.7363499999999998,4.0101500000000003
125,0,0,125,0,0.042193000000000001,0.30902000000000002
126,1,0.033333335071802139,125,5.5869780000000002,5.6511779999999998,5.9428770000000002
127,0,0,125,0,0.043422000000000002,0.34060099999999999
128,1,0.033333335071802139,125,3.6367630000000002,3.6945039999999998,3.993115
129,0,0,125,0,0.071510000000000004,0.35538700000000001
130,1,0.033333335071802139,125,4.1468949999999998,4.2086290000000002,4.5342180000000001
131,0,0,125,0,0.052380999999999997,0.36017199999999999
132,1,0.033333335071802139,125,3.6261359999999998,3.6835939999999998,3.994402
133,0,0,125,0,0.042189999999999998,0.40503
134,1,0.033333335071802139,125,4.5275879999999997,4.587567,5.9408810000000001
135,0,0,125,0,0.042542000000000003,0.72075900000000004
136,1,0.033333335071802139,125,3.8403969999999998,3.9301240000000002,4.6600270000000004
137,0,0,125,0,0.044371000000000001,0.488311
138,1,0.033333335071802139,125,4.0221220000000004,4.0820670000000003,4.5393080000000001
139,0,0,125,0,0.042467999999999999,0.41316000000000003
140,1,0.033333335071802139,125,4.0983619999999998,4.1784520000000001,5.0766340000000003
141,0,0,125,0,0.044054000000000003,1.4057219999999999
142,1,0.033333335071802139,125,3.867245,3.9304250000000001,4.417719
143,0,0,125,0,0.042513000000000002,0.50103500000000001
144,1,0.033333335071802139,125,4.333221,4.3953139999999999,4.8891429999999998
145,0,0,125,0,0.052311000000000003,0.50406399999999996
146,1,0.033333335071802139,125,4.0155880000000002,4.0747489999999997,4.5873520000000001
147,0,0,125,0,0.042525,1.103855
148,1,0.033333335071802139,125,4.2342959999999996,4.3072840000000001,4.980353
149,0,0,125,0,0.04274,0.42661900000000003
150,1,0.033333335071802139,125,3.6949559999999999,3.7525219999999999,4.1810460000000003
151,0,0,125,0,0.042315999999999999,0.50028700000000004
152,1,0.033333335071802139,125,4.3118650000000001,4.372452,5.7655979999999998
153,0,0,125,0,0.051831000000000002,1.0013609999999999
154,1,0.033333335071802139,125,3.6490109999999998,3.7062140000000001,5.1244290000000001
155,0,0,125,0,0.045168,0.478209
156,1,0.033333335071802139,125,3.901567,3.964645,4.3437359999999998
157,0,0,125,0,0.042384999999999999,0.39763300000000001
158,1,0.033333335071802139,125,4.511139,4.5865989999999996,5.3798849999999998
159,0,0,125,0,0.042700000000000002,0.52295000000000003
160,1,0.033333335071802139,125,3.9738410000000002,4.0351540000000004,4.3814780000000004
161,0,0,125,0,0.042354999999999997,0.38687100000000002
162,1,0.033333335071802139,125,3.6790509999999998,3.7470319999999999,4.1534040000000001
163,0,0,125,0,0.044801000000000001,0.83811899999999995
164,1,0.033333335071802139,125,4.012626,4.0745009999999997,4.4079810000000004
165,0,0,125,0,0.042338000000000001,0.39985300000000001
166,1,0.033333335071802139,125,3.8346580000000001,3.9588209999999999,5.2158340000000001
167,0,0,125,0,0.056938999999999997,0.40484900000000001
168,1,0.033333335071802139,125,3.9911479999999999,4.0519429999999996,4.3582010000000002
169,0,0,125,0,0.042395000000000002,0.31540699999999999
170,1,0.033333335071802139,125,4.1789059999999996,4.2445089999999999,4.5462480000000003
171,0,0,125,0,0.043672999999999997,0.403694
172,1,0.033333335071802139,125,3.9631910000000001,4.0234750000000004,4.3080759999999998
173,0,0,125,0,0.042282,0.31030600000000003
174,1,0.033333335071802139,125,3.8077519999999998,3.8957030000000001,4.7238860000000003
175,0,0,125,0,0.044476000000000002,0.56070200000000003
176,1,0.033333335071802139,125,3.9952719999999999,4.0664160000000003,4.358276
177,0,0,125,0,0.0424,0.31367200000000001
178,1,0.033333335071802139,125,3.7841320000000001,3.8719420000000002,4.8419319999999999
179,0,0,125,0,0.045428000000000003,0.55696299999999999
180,1,0.033333335071802139,125,3.9459,4.0074709999999998,4.4320839999999997
181,0,0,125,0,0.042258999999999998,0.47815999999999997
182,1,0.033333335071802139,125,4.2594070000000004,4.3269120000000001,4.970707
183,0,0,125,0,0.044554000000000003,1.447422
184,1,0.033333335071802139,125,3.9743789999999999,4.0403760000000002,5.0418099999999999
185,0,0,125,0,0.044086,0.93832700000000002
186,1,0.033333335071802139,125,4.9330020000000001,5.0038419999999997,5.8844659999999998
187,0,0,125,0,0.057285999999999997,1.0032799999999999
188,1,0.033333335071802139,125,4.3507009999999999,4.4405970000000003,5.984432
189,0,0,125,0,0.049678,1.0528010000000001
190,1,0.033333335071802139,125,4.3832550000000001,4.4838149999999999,6.241714
191,0,0,125,0,0.049868000000000003,1.596066
192,1,0.033333335071802139,125,4.8541030000000003,4.9613040000000002,6.3369429999999998
193,0,0,125,0,0.056971000000000001,1.3367830000000001
194,1,0.033333335071802139,125,5.3779339999999998,5.4538349999999998,6.6080750000000004
195,0,0,125,0,0.047951000000000001,0.61488399999999999
196,1,0.033333335071802139,125,4.4001669999999997,4.5049010000000003,5.1206829999999997
197,0,0,125,0,0.049384999999999998,0.47496899999999997
198,1,0.033333335071802139,125,4.2719579999999997,4.3400119999999998,4.7493150000000002
199,0,0,125,0,0.044919000000000001,0.50627900000000003
200,1,0.033333335071802139,125,4.4226749999999999,4.5193690000000002,5.5770650000000002
201,0,0,125,0,0.060616000000000003,0.66304600000000002
202,1,0.033333335071802139,125,4.2467949999999997,4.3155760000000001,5.0291899999999998
203,0,0,125,0,0.071006,0.70594699999999999
204,1,0.033333335071802139,125,4.6088529999999999,4.70031,5.1474979999999997
205,0,0,125,0,0.045626,0.48444799999999999
206,1,0.033333335071802139,125,3.7345600000000001,3.7998949999999998,4.2344590000000002
207,0,0,125,0,0.045608000000000003,0.483348
208,1,0.033333335071802139,125,4.5286749999999998,4.5949920000000004,5.0359119999999997
209,0,0,125,0,0.044684000000000001,0.49210100000000001
210,1,0.033333335071802139,125,3.6548750000000001,3.7476370000000001,4.2096150000000003
211,0,0,125,0,0.046163999999999997,0.53187899999999999
212,1,0.033333335071802139,125,5.0813819999999996,5.1766220000000001,5.7417379999999998
213,0,0,125,0,0.048092000000000003,0.63721799999999995
214,1,0.033333335071802139,125,3.775757,3.8539500000000002,5.3475339999999996
215,0,0,125,0,0.048797,1.0752870000000001
216,1,0.033333335071802139,125,4.0520209999999999,4.1369420000000003,5.0143050000000002
217,0,0,125,0,0.044389999999999999,1.075744
218,1,0.033333335071802139,125,5.1125470000000002,5.2151050000000003,6.7483959999999996
219,0,0,125,0,0.063862000000000002,1.3850979999999999
220,1,0.033333335071802139,125,5.3045489999999997,5.3969709999999997,6.1695099999999998
221,0,0,125,0,0.061101999999999997,1.6973050000000001
222,1,0.033333335071802139,125,5.1747370000000004,5.2670729999999999,5.9620480000000002
223,0,0,125,0,0.064925999999999998,0.528061
224,1,0.033333335071802139,125,4.1429220000000004,4.2160070000000003,4.67807
225,0,0,125,0,0.046156999999999997,0.45792899999999997
226,1,0.033333335071802139,125,3.8187280000000001,3.8900800000000002,4.3714060000000003
227,0,0,125,0,0.048515000000000003,0.49526199999999998
228,1,0.033333335071802139,125,5.1390130000000003,5.2399360000000001,5.80159
229,0,0,125,0,0.045969999999999997,0.48522100000000001
230,1,0.033333335071802139,125,4.3940380000000001,4.4648880000000002,5.0139659999999999
231,0,0,125,0,0.046452,0.53608299999999998
232,1,0.033333335071802139,125,4.0282859999999996,4.0939870000000003,4.5073040000000004
233,0,0,125,0,0.062812000000000007,0.46048499999999998
234,1,0.033333335071802139,125,4.4601550000000003,4.5440849999999999,5.0379909999999999
235,0,0,125,0,0.043221999999999997,0.773698
236,1,0.033333335071802139,125,3.66323,3.7839719999999999,4.6790250000000002
237,0,0,125,0,0.053827,0.50167099999999998
238,1,0.033333335071802139,125,4.8182919999999996,4.8871570000000002,5.3371180000000003
239,0,0,125,0,0.045252000000000001,0.47637400000000002
240,1,0.033333335071802139,125,3.7392660000000002,3.8037459999999998,4.2154639999999999
241,0,0,125,0,0.044257999999999999,0.499054
242,1,0.033333335071802139,125,5.024559,5.1252709999999997,5.5753199999999996
243,0,0,125,0,0.047105000000000001,0.47185700000000003
244,1,0.033333335071802139,125,4.0231510000000004,4.137677,4.7765639999999996
245,0,0,125,0,0.072524000000000005,0.77900800000000003
246,1,0.033333335071802139,125,4.3450369999999996,4.4141339999999998,4.7962819999999997
247,0,0,125,0,0.043492999999999997,0.49887900000000002
248,1,0.033333335071802139,125,3.789396,3.8576679999999999,4.3363779999999998
249,0,0,125,0,0.043892,0.46447699999999997
250,1,0.033333335071802139,125,3.9750209999999999,4.0371899999999998,5.1509429999999998
251,0,0,125,0,0.071582000000000007,0.636633
252,1,0.033333335071802139,125,4.1409950000000002,4.2369469999999998,4.8018359999999998
253,0,0,125,0,0.045489000000000002,1.0293399999999999
254,1,0.033333335071802139,125,4.142398,4.2097049999999996,4.8463010000000004
255,0,0,125,0,0.044912000000000001,0.53704700000000005
256,1,0.033333335071802139,125,4.6253760000000002,4.72384,5.4113899999999999
257,0,0,125,0,0.045921999999999998,0.49980599999999997
258,1,0.033333335071802139,125,3.9434239999999998,4.0117000000000003,4.4987199999999996
259,0,0,125,0,0.047079000000000003,0.53817400000000004
260,1,0.033333335071802139,125,4.9353319999999998,5.0043540000000002,5.5269329999999997
261,0,0,125,0,0.043664000000000001,0.50952900000000001
262,1,0.033333335071802139,125,3.8334869999999999,3.8974169999999999,4.3972790000000002
263,0,0,125,0,0.057327999999999997,0.88671800000000001
264,1,0.033333335071802139,125,4.1323689999999997,4.1962000000000002,4.627529
265,0,0,125,0,0.042379,0.46387
266,1,0.033333335071802139,125,3.7733530000000002,3.8438340000000002,4.3356599999999998
267,0,0,125,0,0.043805999999999998,0.51095900000000005
268,1,0.033333335071802139,125,4.0958370000000004,4.1597989999999996,4.9703429999999997
269,0,0,125,0,0.042620999999999999,0.50339999999999996
270,1,0.033333335071802139,125,3.8348279999999999,3.8973810000000002,5.1712800000000003
271,0,0,125,0,0.087527999999999995,0.51515999999999995
272,1,0.033333335071802139,125,3.9933830000000001,4.0564030000000004,4.4317739999999999
273,0,0,125,0,0.042544999999999999,0.42872500000000002
274,1,0.033333335071802139,125,4.2794699999999999,4.3444799999999999,4.8548429999999998
275,0,0,125,0,0.042772999999999999,0.46180599999999999
276,1,0.033333335071802139,125,3.876182,3.9378160000000002,4.3109830000000002
277,0,0,125,0,0.042202999999999997,0.42922100000000002
278,1,0.033333335071802139,125,3.995689,4.0820970000000001,4.8564150000000001
279,0,0,125,0,0.044257999999999999,0.43703799999999998
280,1,0.033333335071802139,125,3.9988779999999999,4.06142,4.4549940000000001
281,0,0,125,0,0.043611999999999998,0.43876199999999999
282,1,0.033333335071802139,125,3.9170470000000002,4.0074370000000004,4.7019469999999997
283,0,0,125,0,0.043948000000000001,0.421628
284,1,0.033333335071802139,125,4.0208250000000003,4.0828860000000002,4.4858469999999997
285,0,0,125,0,0.042534000000000002,0.40584599999999998
286,1,0.033333335071802139,125,4.0458270000000001,4.1365239999999996,4.7498189999999996
287,0,0,125,0,0.043888999999999997,0.42137999999999998
288,1,0.033333335071802139,125,4.0332800000000004,4.0958230000000002,4.5112860000000001
289,0,0,125,0,0.042407,0.39967200000000003
290,1,0.033333335071802139,125,4.1461350000000001,4.243341,4.7031409999999996
291,0,0,125,0,0.043618999999999998,0.43741600000000003
292,1,0.033333335071802139,125,3.9062679999999999,3.9661149999999998,4.3550740000000001
293,0,0,125,0,0.042243000000000003,0.39599499999999999
294,1,0.033333335071802139,125,4.2486249999999997,4.3371339999999998,4.7451600000000003
295,0,0,125,0,0.043535999999999998,0.432807
296,1,0.033333335071802139,125,3.8559070000000002,3.9159649999999999,4.284008
297,0,0,125,0,0.042284000000000002,0.39531699999999997
298,1,0.033333335071802139,125,4.189902,4.2866059999999999,4.712377
299,0,0,125,0,0.043645999999999997,0.44244099999999997
300,1,0.033333335071802139,125,3.8789720000000001,3.9385080000000001,4.3086849999999997
301,0,0,125,0,0.046191000000000003,0.40769499999999997
302,1,0.033333335071802139,125,4.1183759999999996,4.2194960000000004,4.7057500000000001
303,0,0,125,0,0.043723999999999999,0.48658499999999999
304,1,0.033333335071802139,125,3.9216519999999999,3.9829020000000002,4.3540239999999999
305,0,0,125,0,0.042273999999999999,0.40602300000000002
306,1,0.033333335071802139,125,3.9769839999999999,4.0670500000000001,4.6362310000000004
307,0,0,125,0,0.053561999999999999,0.488875
308,1,0.033333335071802139,125,3.9025699999999999,3.9637319999999998,4.3599670000000001
309,0,0,125,0,0.042528999999999997,0.42571300000000001
310,1,0.033333335071802139,125,3.945694,4.03782,4.6685569999999998
311,0,0,125,0,0.070904999999999996,0.45876099999999997
312,1,0.033333335071802139,125,3.903289,3.9732289999999999,4.3446340000000001
313,0,0,125,0,0.042382999999999997,0.42762699999999998
314,1,0.033333335071802139,125,3.6868590000000001,3.7574540000000001,4.1561589999999997
315,0,0,125,0,0.043407000000000001,0.45838200000000001
316,1,0.033333335071802139,125,3.9414199999999999,4.0014969999999996,4.3822749999999999
317,0,0,125,0,0.042277000000000002,0.40362599999999998
318,1,0.033333335071802139,125,3.6048469999999999,3.6611539999999998,4.0598910000000004
319,0,0,125,0,0.044801000000000001,0.43569799999999997
320,1,0.033333335071802139,125,4.0379500000000004,4.0993029999999999,4.4893510000000001
321,0,0,125,0,0.042349999999999999,0.42607899999999999
322,1,0.033333335071802139,125,3.6768209999999999,3.7347419999999998,4.1248860000000001
323,0,0,125,0,0.042404999999999998,0.497083
324,1,0.033333335071802139,125,4.0747210000000003,4.1480779999999999,4.5417240000000003
325,0,0,125,0,0.042409000000000002,0.39815200000000001
326,1,0.033333335071802139,125,3.6594950000000002,3.7173929999999999,4.075323
327,0,0,125,0,0.042298000000000002,0.41923500000000002
328,1,0.033333335071802139,125,4.1294240000000002,4.1904300000000001,4.5647250000000001
329,0,0,125,0,0.042497,0.42666900000000002
330,1,0.033333335071802139,125,3.6739299999999999,3.7319930000000001,4.1152499999999996
331,0,0,125,0,0.042056000000000003,0.39878799999999998
332,1,0.033333335071802139,125,4.9430310000000004,5.0040589999999998,5.4078600000000003
333,0,0,125,0,0.042439999999999999,0.400978
334,1,0.033333335071802139,125,3.7268759999999999,3.7852250000000001,4.1482099999999997
335,0,0,125,0,0.052691000000000002,0.44135200000000002
336,1,0.033333335071802139,125,4.7232989999999999,4.7867860000000002,5.1788280000000002
337,0,0,125,0,0.042394000000000001,0.40009400000000001
338,1,0.033333335071802139,125,3.670531,3.7279089999999999,4.0897969999999999
339,0,0,125,0,0.042162999999999999,0.42035099999999997
340,1,0.033333335071802139,125,4.8478880000000002,4.9182090000000001,5.2960779999999996
341,0,0,125,0,0.042465000000000003,0.39766000000000001
342,1,0.033333335071802139,125,3.677829,3.7354310000000002,4.0988769999999999
343,0,0,125,0,0.042133999999999998,0.39705499999999999
344,1,0.033333335071802139,125,4.767849,4.8307099999999998,5.217136
345,0,0,125,0,0.043511000000000001,0.42583199999999999
346,1,0.033333335071802139,125,3.7533919999999998,3.8546969999999998,4.2458099999999996
347,0,0,125,0,0.042340999999999997,0.42329600000000001
348,1,0.033333335071802139,125,4.7508410000000003,4.8122100000000003,5.1886330000000003
349,0,0,125,0,0.056614999999999999,0.42437999999999998
350,1,0.033333335071802139,125,3.7020970000000002,3.759941,4.1189739999999997
351,0,0,125,0,0.047677999999999998,0.43123
352,1,0.033333335071802139,125,4.7261259999999998,4.7868360000000001,5.1839199999999996
353,0,0,125,0,0.042590999999999997,0.41515200000000002
354,1,0.033333335071802139,125,3.645413,3.7034210000000001,4.077
355,0,0,125,0,0.051757999999999998,0.48334500000000002
356,1,0.033333335071802139,125,4.5494700000000003,4.6126889999999996,5.0087190000000001
357,0,0,125,0,0.042540000000000001,0.416377
358,1,0.033333335071802139,125,3.742988,3.8009189999999999,4.1877839999999997
359,0,0,125,0,0.042214000000000002,0.509849
