step,fixed_ms,particle_executed,particle_ms,coupling_ms,rigid_ms,broadphase_ms,narrowphase_ms,solver_ms,contacts,contained_mass,density_ms,boundary_ms,velocity_ms,hydrostatic_ms,player_ms
0,30.024019,1,29.480176,29.722839,0.024544,0.006389,0.013894,0.002528,0,0,10.277228,13.031729,4.820385,0.049725,0.008021
1,0.5404,0,0,0.251278,0.024253,0.006048,0.013742,0.002601,0,0,10.277228,13.031729,4.820385,0.215207,0.00711
2,32.820601,1,32.132299,32.538789,0.012537,0.002125,0.009035,0.000895,0,0,10.066951,15.486955,5.253348,0.205665,0.008099
3,0.514443,0,0,0.246748,0.021869,0.004642,0.013658,0.001993,0,0,10.066951,15.486955,5.253348,0.211311,0.0071
4,33.930354,1,32.752388,33.220229,0.272073,0.008097,0.030738,0.230736,0,0,9.827169,15.710819,5.668794,0.276606,0.00853
5,0.688457,0,0,0.247634,0.064509,0.008548,0.045009,0.009392,4,0,9.827169,15.710819,5.668794,0.212257,0.007157
6,35.299286,1,34.326753,34.748021,0.053191,0.004139,0.043811,0.004736,4,0,10.838924,16.520188,5.627377,0.221558,0.008915
7,0.849772,0,0,0.28323,0.081315,0.00889,0.061853,0.008718,4,0,10.838924,16.520188,5.627377,0.244928,0.009129
8,39.029037,1,38.008675,38.484965,0.060241,0.00624,0.04498,0.007082,4,0,10.769953,19.870858,5.974042,0.276572,0.00811
9,0.690656,0,0,0.252182,0.058804,0.007438,0.04349,0.006299,4,0,10.769953,19.870858,5.974042,0.216783,0.007185
10,41.392611,1,40.346069,40.904735,0.072648,0.00673,0.058124,0.00703,4,0,10.860063,21.566749,6.31838,0.342005,0.00864
11,0.938519,0,0,0.262376,0.291737,0.008484,0.053185,0.228658,4,0,10.860063,21.566749,6.31838,0.226562,0.007235
12,44.495584,1,43.575872,44.01065,0.072293,0.005494,0.05273,0.013575,12,0,11.129624,24.250013,6.691037,0.218691,0.008461
13,0.761821,0,0,0.294115,0.089919,0.009974,0.062851,0.015062,12,0,11.129624,24.250013,6.691037,0.251554,0.013349
14,45.217611,1,44.30927,44.745971,0.066963,0.005374,0.051511,0.00963,12,0,11.035388,24.665536,7.076292,0.223081,0.008178
15,0.725147,0,0,0.273423,0.082408,0.009248,0.059493,0.012157,12,0,11.035388,24.665536,7.076292,0.232881,0.007113
16,45.650567,1,44.756273,45.187491,0.064772,0.005084,0.050154,0.00903,12,0,11.192099,25.149369,6.931521,0.22232,0.008055
17,0.718166,0,0,0.266587,0.081267,0.008621,0.059299,0.011642,12,0,11.192099,25.149369,6.931521,0.230498,0.007139
18,47.595856,1,46.677197,47.125929,0.06826,0.004928,0.053415,0.009438,12,0,11.329345,26.820109,7.028654,0.23336,0.008364
19,0.726628,0,0,0.267576,0.081822,0.009142,0.059494,0.011352,12,0,11.329345,26.820109,7.028654,0.231418,0.007158
20,49.226778,1,48.324705,48.76269,0.065675,0.005039,0.051879,0.008292,12,0,11.528913,27.696376,7.519408,0.222359,0.008178
21,0.742193,0,0,0.279742,0.084808,0.009824,0.0616,0.01134,12,0,11.528913,27.696376,7.519408,0.24332,0.007219
22,52.068789,1,51.163033,51.605968,0.064376,0.005111,0.051012,0.007686,12,0,12.425224,28.979626,8.136147,0.227675,0.008483
23,0.723075,0,0,0.273053,0.080734,0.009158,0.059361,0.0106,12,0,12.425224,28.979626,8.136147,0.236791,0.00712
24,53.701514,1,52.759289,53.211276,0.062788,0.005033,0.049719,0.007572,12,0,12.679077,29.97551,8.305168,0.22258,0.009064
25,0.857739,0,0,0.35754,0.081316,0.009499,0.059771,0.010381,12,0,12.679077,29.97551,8.305168,0.301368,0.007139
26,54.553836,1,53.595945,54.051302,0.065929,0.005385,0.051859,0.008176,12,0,13.412361,30.263649,8.232716,0.236102,0.008555
27,0.725665,0,0,0.275809,0.082356,0.009248,0.061148,0.010552,12,0,13.412361,30.263649,8.232716,0.239641,0.007217
28,56.073967,1,55.124232,55.590501,0.064353,0.005049,0.051366,0.007477,12,0,13.572,31.17363,8.433656,0.223619,0.014294
29,0.769896,0,0,0.28133,0.117814,0.009948,0.09398,0.01185,12,0,13.572,31.17363,8.433656,0.244442,0.007205
30,57.048007,1,56.013022,56.500903,0.063852,0.005099,0.050149,0.008115,12,0,13.424119,31.896539,8.837187,0.220776,0.017563
31,0.798951,0,0,0.272434,0.087629,0.010462,0.06392,0.011255,12,0,13.424119,31.896539,8.837187,0.235741,0.007193
32,61.081123,1,60.060897,60.575424,0.070003,0.005692,0.055162,0.008439,12,0,14.617808,33.96337,9.515734,0.243793,0.009613
33,0.769703,0,0,0.282118,0.091362,0.010981,0.066668,0.011737,12,0,14.617808,33.96337,9.515734,0.244438,0.007449
34,62.474221,1,61.199608,61.799219,0.077508,0.005833,0.06298,0.007963,12,0,14.845734,33.907566,9.737299,0.235936,0.01626
35,1.174447,0,0,0.439663,0.153791,0.016305,0.114604,0.020366,12,0,14.845734,33.907566,9.737299,0.385873,0.013281
36,74.933951,1,73.673228,74.302889,0.120668,0.00883,0.097572,0.013439,12,0,18.779003,42.762871,9.911567,0.364701,0.009508
37,1.237089,0,0,0.4742,0.1609,0.01876,0.11487,0.023291,12,0,18.779003,42.762871,9.911567,0.423492,0.011775
38,64.024498,1,62.961529,63.505764,0.083137,0.009032,0.060876,0.011671,12,0,15.277581,35.906383,9.952704,0.293672,0.00882
39,0.845407,0,0,0.293764,0.088995,0.010476,0.064866,0.011453,12,0,15.277581,35.906383,9.952704,0.255916,0.007476
40,64.768111,1,63.692829,64.199748,0.079205,0.005989,0.063245,0.009282,12,0,16.184696,36.282728,9.122652,0.251721,0.009392
41,0.891709,0,0,0.301022,0.086935,0.010372,0.06304,0.011525,12,0,16.184696,36.282728,9.122652,0.262936,0.007433
42,63.431981,1,62.377862,62.889085,0.1014,0.006734,0.074498,0.019191,12,0,14.712574,35.164141,10.479011,0.261568,0.008892
43,0.757795,0,0,0.269827,0.083764,0.009871,0.061734,0.01053,12,0,14.712574,35.164141,10.479011,0.233349,0.007182
44,73.660653,1,72.647048,73.101205,0.065451,0.005265,0.051711,0.007904,12,0,17.541165,43.862525,9.288552,0.222214,0.008794
45,0.830154,0,0,0.292725,0.086108,0.010311,0.06242,0.011536,12,0,17.541165,43.862525,9.288552,0.255949,0.007148
46,62.523265,1,61.609001,62.055684,0.065344,0.005031,0.052208,0.007527,12,0,15.493744,34.586973,9.633082,0.225131,0.008523
47,0.724724,0,0,0.273073,0.082113,0.009219,0.060514,0.010631,12,0,15.493744,34.586973,9.633082,0.236505,0.007124
48,61.337551,1,60.432466,60.873059,0.063966,0.004987,0.050357,0.008106,12,0,14.503099,34.515587,9.625737,0.222905,0.008541
49,0.727002,0,0,0.270927,0.081466,0.009212,0.060746,0.010036,12,0,14.503099,34.515587,9.625737,0.234442,0.00712
50,59.536385,1,58.532499,59.017043,0.063657,0.004851,0.050728,0.007549,12,0,14.223036,32.723538,9.487306,0.228044,0.008851
51,0.825768,0,0,0.274594,0.085319,0.009403,0.062425,0.011236,12,0,14.223036,32.723538,9.487306,0.237746,0.007219
52,61.638535,1,60.696436,61.146017,0.065553,0.005049,0.052578,0.007395,12,0,14.692478,34.303141,9.926058,0.227653,0.008688
53,0.76853,0,0,0.305287,0.085395,0.009545,0.061815,0.012034,12,0,14.692478,34.303141,9.926058,0.268572,0.007157
54,60.254706,1,59.345157,59.791546,0.063551,0.005058,0.05051,0.007461,12,0,14.361997,33.914893,9.304871,0.223735,0.008579
55,0.724056,0,0,0.269114,0.079825,0.009312,0.058911,0.010014,12,0,14.361997,33.914893,9.304871,0.232643,0.007211
56,59.812269,1,58.901758,59.343866,0.062973,0.00509,0.049854,0.007576,12,0,14.299352,33.271018,9.563878,0.224981,0.008563
57,0.719843,0,0,0.269847,0.08047,0.009024,0.059412,0.010404,12,0,14.299352,33.271018,9.563878,0.233027,0.007149
58,59.984487,1,59.052653,59.51668,0.06475,0.004947,0.051734,0.00754,12,0,14.529664,33.596449,9.167098,0.247114,0.008623
59,0.744943,0,0,0.292713,0.08228,0.009196,0.061269,0.010191,12,0,14.529664,33.596449,9.167098,0.255929,0.007148
60,59.381971,1,58.451254,58.885166,0.069263,0.004948,0.055383,0.008427,12,0,14.643814,33.180317,8.86701,0.22221,0.008106
61,0.76796,0,0,0.299907,0.08361,0.009857,0.059848,0.011822,12,0,14.643814,33.180317,8.86701,0.262971,0.007208
62,60.403242,1,59.492587,59.92858,0.068981,0.00501,0.056118,0.007378,12,0,14.380713,34.219487,9.127874,0.221146,0.008711
63,0.715589,0,0,0.266128,0.07958,0.009253,0.05894,0.009833,12,0,14.380713,34.219487,9.127874,0.2295,0.007188
64,60.498523,1,59.592209,60.035355,0.063081,0.004969,0.05012,0.007466,12,0,15.080738,33.432254,9.323266,0.226341,0.008678
65,0.738616,0,0,0.271034,0.080736,0.009611,0.05948,0.01016,12,0,15.080738,33.432254,9.323266,0.234507,0.007185
66,59.444295,1,58.536491,58.974092,0.063101,0.005129,0.049495,0.007935,12,0,14.746448,33.185335,8.856544,0.22677,0.008419
67,0.737167,0,0,0.262242,0.085418,0.00941,0.063318,0.011131,12,0,14.746448,33.185335,8.856544,0.225838,0.0072
68,60.793116,1,59.89689,60.326197,0.062868,0.005,0.049789,0.007509,12,0,14.29533,34.765857,9.057748,0.218305,0.008296
69,0.752873,0,0,0.295594,0.084799,0.009757,0.060984,0.012068,12,0,14.29533,34.765857,9.057748,0.258801,0.007201
70,61.584022,1,60.598327,61.04968,0.063851,0.005184,0.050283,0.007879,12,0,14.529434,35.226954,9.030051,0.219661,0.008685
71,0.762703,0,0,0.268818,0.110804,0.010488,0.078637,0.019996,12,0,14.529434,35.226954,9.030051,0.231813,0.007212
72,65.737277,1,64.775788,65.220553,0.06502,0.005003,0.051431,0.008007,12,0,15.998009,36.47617,10.398179,0.22038,0.008921
73,0.72153,0,0,0.265004,0.085229,0.01011,0.061936,0.011343,12,0,15.998009,36.47617,10.398179,0.228413,0.007217
74,65.200715,1,64.192016,64.644193,0.064072,0.005167,0.050853,0.007495,12,0,15.551697,37.141461,9.519986,0.229137,0.008921
75,0.722198,0,0,0.265926,0.085234,0.009716,0.062,0.011503,12,0,15.551697,37.141461,9.519986,0.229164,0.007216
76,67.474612,1,66.466308,66.93864,0.064159,0.005169,0.051018,0.007453,12,0,16.408142,38.72902,9.491161,0.228814,0.023741
77,0.926852,0,0,0.310802,0.099065,0.010866,0.072944,0.012596,12,0,16.408142,38.72902,9.491161,0.271496,0.007216
78,66.123529,1,64.837216,65.462362,0.111015,0.00708,0.085219,0.01731,12,0,15.224784,37.459086,10.311249,0.391526,0.009019
79,0.818169,0,0,0.33507,0.08702,0.010578,0.062236,0.011587,12,0,15.224784,37.459086,10.311249,0.297242,0.007385
80,63.41259,1,62.44726,62.942629,0.06565,0.005344,0.051559,0.007929,12,0,15.390731,35.710893,9.504897,0.224287,0.008286
81,0.716244,0,0,0.265805,0.081397,0.009832,0.060214,0.009795,12,0,15.390731,35.710893,9.504897,0.229212,0.007114
82,60.470901,1,59.534267,60.001853,0.066038,0.005118,0.052143,0.008287,12,0,14.440444,34.305179,8.987271,0.253493,0.008411
83,0.72071,0,0,0.264376,0.081809,0.009441,0.06069,0.010057,12,0,14.440444,34.305179,8.987271,0.227867,0.007161
84,61.267903,1,60.347321,60.783016,0.063127,0.004946,0.050007,0.007651,12,0,14.538231,34.645875,9.356269,0.219577,0.011412
85,1.023358,0,0,0.374346,0.122922,0.01368,0.089351,0.017712,12,0,14.538231,34.645875,9.356269,0.327515,0.011306
86,60.779117,1,59.870062,60.305673,0.067981,0.005902,0.053239,0.008245,12,0,14.539174,34.330316,9.239083,0.224613,0.008288
87,0.716724,0,0,0.264067,0.080671,0.009766,0.059147,0.01022,12,0,14.539174,34.330316,9.239083,0.227453,0.007144
88,61.467525,1,60.550309,61.000584,0.064333,0.005028,0.050673,0.008137,12,0,14.760822,34.56793,9.453807,0.220517,0.008138
89,0.717774,0,0,0.26231,0.079537,0.009226,0.058963,0.00989,12,0,14.760822,34.56793,9.453807,0.225591,0.007211
90,61.300413,1,60.404914,60.83673,0.062495,0.004886,0.04964,0.007474,12,0,15.225204,34.393211,9.015468,0.218438,0.008586
91,0.717638,0,0,0.263101,0.079873,0.008954,0.059077,0.010325,12,0,15.225204,34.393211,9.015468,0.226435,0.007153
92,61.46763,1,60.570794,61.004005,0.063338,0.005059,0.050437,0.007391,12,0,15.053174,34.72485,9.028416,0.219578,0.008342
93,0.760654,0,0,0.275693,0.084797,0.010138,0.062006,0.01089,12,0,15.053174,34.72485,9.028416,0.238519,0.0072
94,61.148071,1,60.245356,60.679428,0.064625,0.005114,0.051141,0.00788,12,0,14.684017,34.767833,9.030354,0.220551,0.008444
95,0.765743,0,0,0.264838,0.080656,0.009047,0.060084,0.010055,12,0,14.684017,34.767833,9.030354,0.228163,0.00711
96,61.71994,1,60.63477,61.208324,0.068579,0.005721,0.053758,0.008412,12,0,14.447089,35.276634,9.134617,0.358173,0.00849
97,0.71956,0,0,0.266791,0.080195,0.009271,0.059848,0.009635,12,0,14.447089,35.276634,9.134617,0.230236,0.007185
98,63.480684,1,62.520184,62.979943,0.0634,0.0049,0.050778,0.007281,12,0,14.471373,35.947494,10.089935,0.219335,0.00927
99,0.770171,0,0,0.287533,0.088218,0.010022,0.065346,0.011155,12,0,14.471373,35.947494,10.089935,0.248461,0.007548
100,63.374625,1,62.411831,62.863832,0.069237,0.005411,0.054525,0.008741,12,0,15.278381,36.10282,9.26731,0.236994,0.008545
101,0.775577,0,0,0.314855,0.085395,0.009733,0.062049,0.011904,12,0,15.278381,36.10282,9.26731,0.277733,0.00721
102,65.96061,1,64.913322,65.439875,0.070294,0.005096,0.051672,0.013062,12,0,15.90442,37.546927,9.492784,0.221333,0.009487
103,0.77691,0,0,0.273361,0.124646,0.009461,0.102561,0.011054,12,0,15.90442,37.546927,9.492784,0.236061,0.007234
104,65.260625,1,64.238453,64.716011,0.063487,0.005064,0.050268,0.00766,12,0,15.547481,37.028332,9.665796,0.219129,0.009624
105,0.832502,0,0,0.322737,0.093114,0.01112,0.067251,0.012658,12,0,15.547481,37.028332,9.665796,0.283532,0.007433
106,65.921666,1,64.925587,65.436972,0.070798,0.005674,0.055778,0.008413,12,0,15.23021,38.048451,9.818842,0.232562,0.008548
107,0.75161,0,0,0.263235,0.082065,0.009968,0.060608,0.010013,12,0,15.23021,38.048451,9.818842,0.226544,0.007188
108,62.282962,1,61.194612,61.73626,0.066269,0.005131,0.052961,0.007656,12,0,14.868306,35.368684,9.122616,0.221777,0.012614
109,0.753374,0,0,0.296397,0.08416,0.010148,0.060913,0.011409,12,0,14.868306,35.368684,9.122616,0.259284,0.007158
110,62.256877,1,61.272043,61.774421,0.065414,0.00525,0.051567,0.008109,12,0,14.771004,35.412041,9.148883,0.21937,0.008704
111,0.717598,0,0,0.265954,0.081623,0.009091,0.061355,0.009803,12,0,14.771004,35.412041,9.148883,0.229554,0.007184
112,62.447609,1,61.535551,61.974756,0.064047,0.004996,0.051123,0.007419,12,0,14.583925,35.679475,9.501223,0.221299,0.008752
113,0.721299,0,0,0.265775,0.080732,0.009478,0.059263,0.010505,12,0,14.583925,35.679475,9.501223,0.229456,0.007154
114,61.830604,1,60.90297,61.360084,0.063382,0.005091,0.04999,0.007837,12,0,14.773125,35.014184,9.31928,0.241271,0.008518
115,0.713873,0,0,0.264558,0.079953,0.009353,0.058879,0.010276,12,0,14.773125,35.014184,9.31928,0.228156,0.007157
116,61.562932,1,60.660951,61.099738,0.064491,0.005111,0.05144,0.007488,12,0,14.73081,35.021948,9.143146,0.225911,0.008233
117,0.759357,0,0,0.301283,0.086101,0.00982,0.062442,0.01217,12,0,14.73081,35.021948,9.143146,0.264511,0.007222
118,62.190759,1,61.276444,61.719929,0.064226,0.005027,0.050963,0.007738,12,0,14.880577,35.423117,9.200389,0.231066,0.008501
119,0.724068,0,0,0.264911,0.080578,0.009243,0.060183,0.009684,12,0,14.880577,35.423117,9.200389,0.228707,0.007192
120,62.129399,1,61.139548,61.587975,0.067449,0.005603,0.053162,0.008091,12,0,14.864282,35.215627,9.157573,0.233771,0.008427
121,0.714817,0,0,0.264815,0.081563,0.009371,0.06076,0.009972,12,0,14.864282,35.215627,9.157573,0.228634,0.007154
122,62.486508,1,61.5541,62.015219,0.064618,0.005046,0.050651,0.008463,12,0,14.543549,35.072837,10.114337,0.245988,0.008732
123,0.715101,0,0,0.263528,0.081167,0.009439,0.060638,0.009659,12,0,14.543549,35.072837,10.114337,0.22724,0.007147
124,62.127119,1,61.227279,61.660845,0.06387,0.004911,0.05061,0.007886,12,0,14.787865,35.448666,9.211077,0.219578,0.008548
125,0.796998,0,0,0.305542,0.093941,0.010377,0.071066,0.010665,12,0,14.787865,35.448666,9.211077,0.268942,0.007219
126,63.017689,1,61.944726,62.38395,0.064623,0.004977,0.05088,0.008245,12,0,14.902018,35.839174,9.391794,0.222592,0.008847
127,0.809655,0,0,0.284646,0.083049,0.009299,0.061162,0.010606,12,0,14.902018,35.839174,9.391794,0.247772,0.007483
128,63.961597,1,62.914847,63.461875,0.088719,0.005766,0.073398,0.008941,12,0,15.057827,36.389736,9.668482,0.331033,0.008638
129,0.716835,0,0,0.264045,0.081825,0.00965,0.060415,0.010056,12,0,15.057827,36.389736,9.668482,0.227499,0.007148
130,61.642393,1,60.73479,61.176943,0.064285,0.0051,0.051135,0.00754,12,0,14.581391,35.047554,9.332949,0.224812,0.008633
131,0.718922,0,0,0.263166,0.080481,0.009466,0.059129,0.010304,12,0,14.581391,35.047554,9.332949,0.226738,0.007167
132,61.688952,1,60.789839,61.22813,0.062416,0.005005,0.049261,0.007647,12,0,14.795222,35.017694,9.207682,0.221169,0.00849
133,0.764797,0,0,0.304127,0.08342,0.010322,0.060304,0.011055,12,0,14.795222,35.017694,9.207682,0.267353,0.007183
134,62.763885,1,61.855833,62.292901,0.063504,0.004986,0.050105,0.007918,12,0,15.112458,35.724274,9.231284,0.220929,0.008595
135,0.751013,0,0,0.268226,0.080098,0.009461,0.058427,0.010637,12,0,15.112458,35.724274,9.231284,0.231554,0.007217
136,62.182985,1,61.284907,61.720791,0.06237,0.004829,0.049381,0.007697,12,0,14.886661,35.337326,9.243492,0.220173,0.008297
137,0.719615,0,0,0.268617,0.081015,0.009807,0.05912,0.010576,12,0,14.886661,35.337326,9.243492,0.232072,0.007179
138,62.118971,1,61.217781,61.655936,0.062312,0.004914,0.049248,0.007672,12,0,14.585592,35.098161,9.738088,0.221275,0.008774
139,0.798356,0,0,0.317593,0.08941,0.018112,0.059463,0.010005,12,0,14.585592,35.098161,9.738088,0.280807,0.007237
140,62.567043,1,61.450273,62.024494,0.110188,0.008317,0.087668,0.013143,12,0,14.593854,35.370415,9.51245,0.30689,0.008935
141,0.757524,0,0,0.286191,0.084061,0.009866,0.060398,0.011873,12,0,14.593854,35.370415,9.51245,0.249023,0.007189
142,63.633195,1,62.676993,63.130739,0.065155,0.005065,0.051889,0.007671,12,0,15.4704,35.843654,9.433001,0.222406,0.00948
143,0.913343,0,0,0.345011,0.136846,0.014545,0.10239,0.016891,12,0,15.4704,35.843654,9.433001,0.292464,0.012178
144,63.711837,1,62.742694,63.231523,0.067763,0.005635,0.053436,0.007988,12,0,14.850941,35.580008,10.487412,0.26153,0.008763
145,0.724613,0,0,0.264229,0.082732,0.009429,0.061012,0.010421,12,0,14.850941,35.580008,10.487412,0.227568,0.007179
146,64.086115,1,63.061349,63.544797,0.063751,0.005329,0.050045,0.007883,12,0,15.615161,36.347119,9.305844,0.220646,0.0087
147,0.717826,0,0,0.264454,0.08159,0.009354,0.060068,0.01057,12,0,15.615161,36.347119,9.305844,0.227723,0.007181
148,63.274824,1,62.342527,62.789183,0.064337,0.005021,0.051246,0.007565,12,0,15.021175,35.659481,9.794692,0.221735,0.008729
149,0.915446,0,0,0.329856,0.132549,0.016014,0.093021,0.020304,12,0,15.021175,35.659481,9.794692,0.282895,0.011499
150,63.14629,1,62.128196,62.630217,0.093687,0.005917,0.078702,0.008481,12,0,14.653951,35.695504,9.979082,0.251613,0.008651
151,0.725472,0,0,0.271293,0.080939,0.009585,0.059545,0.010256,12,0,14.653951,35.695504,9.979082,0.234815,0.007184
152,64.696775,1,63.727131,64.187346,0.062264,0.004812,0.049418,0.007577,12,0,15.381082,36.542988,9.713696,0.221465,0.008777
153,0.828464,0,0,0.285178,0.084553,0.009992,0.061813,0.010795,12,0,15.381082,36.542988,9.713696,0.247981,0.007194
154,64.237977,1,63.184233,63.726048,0.087221,0.006343,0.071048,0.008814,12,0,14.745368,37.300255,9.349239,0.318417,0.008695
155,0.723095,0,0,0.264243,0.080188,0.009575,0.05934,0.009744,12,0,14.745368,37.300255,9.349239,0.227373,0.007229
156,63.652052,1,62.691644,63.158387,0.063901,0.00502,0.050984,0.007417,12,0,15.380117,36.259559,9.238922,0.220594,0.008672
157,0.790404,0,0,0.307689,0.086052,0.010242,0.061258,0.012247,12,0,15.380117,36.259559,9.238922,0.27064,0.00717
158,62.740997,1,61.799256,62.25184,0.078646,0.005242,0.065413,0.007479,12,0,15.44383,35.176094,9.339999,0.222714,0.008836
159,0.742157,0,0,0.285139,0.079824,0.009576,0.058736,0.010043,12,0,15.44383,35.176094,9.339999,0.248481,0.007173
160,63.328481,1,62.409901,62.857378,0.063491,0.005103,0.050264,0.007626,12,0,14.721548,36.296528,9.6065,0.222373,0.008737
161,0.72577,0,0,0.264848,0.082055,0.009482,0.060153,0.010895,12,0,14.721548,36.296528,9.6065,0.228197,0.00718
162,63.087737,1,62.128121,62.591267,0.063067,0.005082,0.050015,0.007445,12,0,15.708483,35.330368,9.309175,0.221812,0.017881
163,0.724833,0,0,0.26654,0.081759,0.009381,0.060763,0.01005,12,0,15.708483,35.330368,9.309175,0.229857,0.007178
164,64.365334,1,63.447346,63.893142,0.063288,0.005086,0.049526,0.008167,12,0,15.356101,36.428372,9.871865,0.221016,0.008619
165,0.76844,0,0,0.282481,0.085253,0.009714,0.062151,0.011552,12,0,15.356101,36.428372,9.871865,0.245125,0.007211
166,63.148218,1,62.241561,62.677575,0.063384,0.005009,0.050136,0.007696,12,0,15.005127,36.049663,9.40728,0.221868,0.008361
167,0.72239,0,0,0.265594,0.080401,0.009148,0.059767,0.010033,12,0,15.005127,36.049663,9.40728,0.229067,0.00713
168,65.619785,1,64.693762,65.14081,0.063607,0.005017,0.05011,0.008036,12,0,15.845233,36.941504,9.937035,0.221864,0.00903
169,0.759495,0,0,0.304971,0.081794,0.009668,0.05971,0.010528,12,0,15.845233,36.941504,9.937035,0.268427,0.007147
170,65.128975,1,64.216164,64.659046,0.063682,0.005006,0.050624,0.007547,12,0,15.921351,36.242931,10.254077,0.221753,0.008544
171,0.737423,0,0,0.269644,0.081251,0.008991,0.059954,0.010676,12,0,15.921351,36.242931,10.254077,0.232962,0.00718
172,67.090489,1,65.990631,66.536496,0.067642,0.005769,0.053082,0.008181,12,0,15.165758,38.538397,10.348323,0.26509,0.008958
173,0.802024,0,0,0.305016,0.087329,0.010728,0.061992,0.012508,12,0,15.165758,38.538397,10.348323,0.267461,0.007249
174,67.179403,1,66.118889,66.588059,0.067233,0.005649,0.053118,0.007947,12,0,16.368045,37.79876,9.977968,0.228339,0.009255
175,0.857512,0,0,0.316885,0.097741,0.010168,0.073862,0.011839,12,0,16.368045,37.79876,9.977968,0.263826,0.011912
176,64.960176,1,63.979251,64.455222,0.081892,0.005576,0.067324,0.008421,12,0,15.592478,37.062623,9.524964,0.247019,0.008544
177,0.920455,0,0,0.293193,0.123828,0.010326,0.092193,0.019491,12,0,15.592478,37.062623,9.524964,0.24743,0.010604
178,62.837164,1,61.907351,62.355904,0.066209,0.005653,0.051771,0.008192,12,0,14.789425,35.460416,9.549149,0.222392,0.008485
179,0.756122,0,0,0.267848,0.082374,0.009773,0.05997,0.011107,12,0,14.789425,35.460416,9.549149,0.231142,0.007236
180,63.231337,1,62.306891,62.757706,0.064324,0.00518,0.050642,0.008004,12,0,15.161123,35.914113,9.403124,0.227313,0.008807
181,0.756491,0,0,0.289406,0.086965,0.010157,0.063329,0.011745,12,0,15.161123,35.914113,9.403124,0.252057,0.007201
182,62.625384,1,61.717218,62.157086,0.064151,0.005249,0.050896,0.007513,12,0,15.148392,35.401076,9.384759,0.221791,0.008554
183,0.722716,0,0,0.270822,0.082211,0.009267,0.061183,0.009842,12,0,15.148392,35.401076,9.384759,0.234072,0.007187
184,62.707474,1,61.771703,62.213462,0.064365,0.005015,0.050774,0.00806,12,0,15.53128,35.088618,9.283799,0.222158,0.008545
185,0.723639,0,0,0.26472,0.082895,0.009307,0.061388,0.010302,12,0,15.53128,35.088618,9.283799,0.227899,0.007246
186,63.74734,1,62.839925,63.27871,0.064914,0.005051,0.052045,0.007317,12,0,14.842662,36.616919,9.601859,0.220186,0.008475
187,0.722803,0,0,0.269026,0.081599,0.009387,0.06038,0.010283,12,0,14.842662,36.616919,9.601859,0.232062,0.007242
188,63.089653,1,62.117865,62.556776,0.064187,0.005047,0.05079,0.007878,12,0,15.101676,35.955339,9.268918,0.220853,0.008738
189,0.772267,0,0,0.311927,0.085729,0.010109,0.062039,0.011801,12,0,15.101676,35.955339,9.268918,0.274822,0.007189
190,62.98326,1,62.064702,62.512739,0.064581,0.005164,0.051377,0.007558,12,0,15.250402,35.738518,9.195386,0.227761,0.008515
191,0.749596,0,0,0.29458,0.081637,0.009458,0.060334,0.010305,12,0,15.250402,35.738518,9.195386,0.257612,0.007184
192,63.548088,1,62.63111,63.071705,0.064496,0.005049,0.051647,0.007343,12,0,15.005853,36.37879,9.449678,0.221107,0.008596
193,0.721188,0,0,0.264859,0.08271,0.009574,0.061007,0.010568,12,0,15.005853,36.37879,9.449678,0.228186,0.007136
194,63.119169,1,62.2038,62.648053,0.06443,0.005239,0.051266,0.007406,12,0,15.112945,36.043368,9.259351,0.225991,0.008571
195,0.723303,0,0,0.264864,0.082116,0.009596,0.061476,0.009484,12,0,15.112945,36.043368,9.259351,0.227865,0.007199
196,62.401323,1,61.407102,61.878624,0.068794,0.005583,0.054205,0.008439,12,0,15.387245,34.986274,9.163353,0.255481,0.008722
197,0.935177,0,0,0.298786,0.129096,0.014519,0.094449,0.017967,12,0,15.387245,34.986274,9.163353,0.250101,0.011795
198,62.318037,1,61.380986,61.834426,0.068005,0.005878,0.052927,0.00853,12,0,15.000646,35.296126,9.304931,0.240676,0.008129
199,0.718435,0,0,0.266493,0.08009,0.009338,0.058617,0.010543,12,0,15.000646,35.296126,9.304931,0.229667,0.007175
200,62.462154,1,61.558205,61.994284,0.063422,0.004997,0.050506,0.007444,12,0,14.754616,35.284131,9.741963,0.220823,0.008247
201,0.747171,0,0,0.287998,0.08238,0.009561,0.060074,0.010801,12,0,14.754616,35.284131,9.741963,0.250832,0.007203
202,62.303839,1,61.38879,61.836851,0.063461,0.004987,0.050759,0.007204,12,0,15.31888,35.119941,9.170436,0.228463,0.00864
203,0.71781,0,0,0.26473,0.08106,0.0095,0.059993,0.009998,12,0,15.31888,35.119941,9.170436,0.227946,0.007147
204,62.456741,1,61.541571,61.981101,0.064424,0.004983,0.050528,0.008436,12,0,15.11909,35.375751,9.183212,0.225675,0.008391
205,0.750689,0,0,0.288785,0.083916,0.010412,0.060453,0.011402,12,0,15.11909,35.375751,9.183212,0.251747,0.007243
206,62.586713,1,61.565235,62.027462,0.07374,0.013928,0.051457,0.007787,12,0,15.123215,35.319391,9.183344,0.233254,0.008748
207,0.860073,0,0,0.337197,0.114445,0.009353,0.073604,0.020906,12,0,15.123215,35.319391,9.183344,0.289328,0.007377
208,62.200788,1,61.267408,61.708062,0.070064,0.005345,0.056659,0.007516,12,0,14.721689,35.29741,9.446476,0.222578,0.008252
209,0.839173,0,0,0.313587,0.103407,0.00945,0.072488,0.01996,12,0,14.721689,35.29741,9.446476,0.265525,0.007388
210,63.027653,1,62.057471,62.542777,0.066443,0.005454,0.052441,0.007952,12,0,15.032962,35.96303,9.279101,0.270983,0.00837
211,0.720184,0,0,0.267747,0.080207,0.009104,0.059278,0.010418,12,0,15.032962,35.96303,9.279101,0.231064,0.007182
212,62.262452,1,61.307627,61.755948,0.099391,0.00519,0.061622,0.032079,12,0,15.040982,35.214429,9.183765,0.220342,0.008271
213,0.873868,0,0,0.342629,0.085843,0.010093,0.062104,0.011649,12,0,15.040982,35.214429,9.183765,0.305443,0.007168
214,62.512188,1,61.588604,62.037084,0.062867,0.005076,0.049359,0.007945,12,0,15.023458,35.01665,9.570003,0.220893,0.008548
215,0.722626,0,0,0.268076,0.082472,0.009435,0.059998,0.011175,12,0,15.023458,35.01665,9.570003,0.231097,0.007222
216,62.444967,1,61.541574,61.971528,0.063686,0.005106,0.050515,0.007577,12,0,14.877684,35.698289,9.175235,0.219034,0.008137
217,0.719068,0,0,0.265033,0.082946,0.009241,0.06173,0.010488,12,0,14.877684,35.698289,9.175235,0.228211,0.007196
218,62.319009,1,61.401359,61.843976,0.064281,0.00502,0.050995,0.007726,12,0,15.143036,35.235262,9.245513,0.227215,0.008604
219,0.756201,0,0,0.283714,0.079863,0.009434,0.058581,0.010345,12,0,15.143036,35.235262,9.245513,0.227225,0.007172
220,62.514959,1,61.545815,62.009758,0.085975,0.005352,0.072385,0.007687,12,0,14.897253,35.559019,9.307805,0.243816,0.008378
221,0.797707,0,0,0.316403,0.08524,0.009967,0.061928,0.011452,12,0,14.897253,35.559019,9.307805,0.279177,0.007178
222,62.720553,1,61.789716,62.234504,0.064838,0.005158,0.051243,0.007911,12,0,15.020923,35.357986,9.454014,0.221138,0.008594
223,0.727037,0,0,0.263976,0.090447,0.009841,0.062313,0.010472,12,0,15.020923,35.357986,9.454014,0.226763,0.007279
224,62.62328,1,61.66734,62.143023,0.066912,0.005364,0.052734,0.008215,12,0,15.024125,35.419564,9.404334,0.252961,0.008645
225,0.717149,0,0,0.263734,0.081912,0.009243,0.060356,0.010703,12,0,15.024125,35.419564,9.404334,0.226926,0.007219
226,62.338738,1,61.427959,61.867806,0.063045,0.004988,0.049752,0.007759,12,0,14.952778,35.481693,9.195802,0.224212,0.008149
227,0.769995,0,0,0.28303,0.082435,0.009391,0.060331,0.01084,12,0,14.952778,35.481693,9.195802,0.246189,0.007208
228,63.095783,1,62.146925,62.607082,0.065914,0.005088,0.052129,0.008109,12,0,15.075411,35.649206,9.613128,0.24215,0.008361
229,0.7843,0,0,0.284599,0.083453,0.009299,0.061101,0.011202,12,0,15.075411,35.649206,9.613128,0.247114,0.007266
230,62.974466,1,62.050911,62.502356,0.064863,0.005106,0.051176,0.00803,12,0,14.799214,35.907769,9.558381,0.231923,0.008673
231,0.722057,0,0,0.268702,0.081388,0.00939,0.060025,0.010222,12,0,14.799214,35.907769,9.558381,0.232121,0.007182
232,62.360658,1,61.449535,61.888126,0.062247,0.004954,0.049068,0.007753,12,0,15.027896,35.412314,9.229671,0.219022,0.008476
233,0.760281,0,0,0.28432,0.090902,0.00954,0.059519,0.020349,12,0,15.027896,35.412314,9.229671,0.226461,0.007352
234,62.39943,1,61.396184,61.882502,0.064923,0.005352,0.050935,0.00804,12,0,14.97193,35.311808,9.237104,0.253739,0.008305
235,0.890541,0,0,0.297334,0.082657,0.009923,0.05996,0.010849,12,0,14.97193,35.311808,9.237104,0.254483,0.011323
236,62.757412,1,61.80766,62.251852,0.067616,0.005777,0.05221,0.008944,12,0,14.910707,35.41666,9.611352,0.221385,0.008713
237,0.782307,0,0,0.32375,0.084307,0.010215,0.060359,0.011867,12,0,14.910707,35.41666,9.611352,0.286622,0.007149
238,63.492125,1,62.483464,62.941756,0.063024,0.005139,0.049887,0.007487,12,0,14.988686,35.915615,9.680948,0.225463,0.008896
239,0.800642,0,0,0.276394,0.116368,0.010649,0.092498,0.011231,12,0,14.988686,35.915615,9.680948,0.239218,0.007227
240,65.715162,1,64.780864,65.228081,0.062876,0.004847,0.049837,0.0077,12,0,16.025831,37.254326,9.714209,0.2186,0.008756
241,0.740635,0,0,0.269365,0.081662,0.009744,0.059436,0.010396,12,0,16.025831,37.254326,9.714209,0.232394,0.007192
242,63.890367,1,62.913001,63.382551,0.063479,0.004994,0.050434,0.007439,12,0,15.106005,36.35523,9.633983,0.226105,0.008929
243,0.789794,0,0,0.280132,0.08618,0.010307,0.062089,0.011439,12,0,15.106005,36.35523,9.633983,0.242396,0.007284
244,70.353816,1,69.380956,69.844223,0.065277,0.005152,0.051147,0.008094,12,0,16.822968,40.263237,10.359802,0.224206,0.009129
245,0.823978,0,0,0.295836,0.089002,0.011099,0.062301,0.013107,12,0,16.822968,40.263237,10.359802,0.256848,0.007283
246,66.630982,1,65.696207,66.146176,0.066636,0.005509,0.051746,0.008658,12,0,15.787067,37.571363,10.471509,0.224511,0.008635
247,0.751443,0,0,0.265888,0.08147,0.009643,0.059739,0.010461,12,0,15.787067,37.571363,10.471509,0.228785,0.007234
248,63.173255,1,62.21328,62.680781,0.064046,0.005238,0.050157,0.008023,12,0,15.509465,35.599987,9.294031,0.254325,0.008045
249,0.823224,0,0,0.315651,0.081543,0.00955,0.059433,0.010895,12,0,15.509465,35.599987,9.294031,0.26803,0.007353
250,63.339201,1,62.270456,62.770153,0.063772,0.005254,0.050114,0.007766,12,0,15.107608,35.771127,9.501227,0.259133,0.009181
251,0.897522,0,0,0.334191,0.095243,0.009998,0.071347,0.011912,12,0,15.107608,35.771127,9.501227,0.296853,0.007315
252,63.091562,1,62.124855,62.583402,0.068136,0.005708,0.052937,0.008674,12,0,15.131682,35.707645,9.496661,0.240702,0.008269
253,0.76691,0,0,0.308762,0.083445,0.009743,0.060028,0.011863,12,0,15.131682,35.707645,9.496661,0.271271,0.007258
254,63.207161,1,62.300531,62.738972,0.06271,0.004961,0.049699,0.007544,12,0,15.347868,35.892721,9.252162,0.219367,0.008583
255,0.815967,0,0,0.31928,0.123713,0.009755,0.101923,0.010341,12,0,15.347868,35.892721,9.252162,0.282282,0.007199
256,63.681494,1,62.688048,63.13638,0.068862,0.005024,0.049221,0.014144,12,0,14.829684,36.247852,9.641183,0.218507,0.008699
257,0.985737,0,0,0.272626,0.115053,0.01409,0.082511,0.016818,12,0,14.829684,36.247852,9.641183,0.227392,0.010706
258,64.590115,1,63.671357,64.115012,0.067226,0.005864,0.052609,0.008139,12,0,15.200024,37.035871,9.578752,0.221127,0.008557
259,0.777182,0,0,0.287775,0.083165,0.009987,0.061007,0.010422,12,0,15.200024,37.035871,9.578752,0.241327,0.016009
260,64.136947,1,63.213238,63.662507,0.066127,0.005449,0.052528,0.007566,12,0,15.614299,36.151934,9.651881,0.229251,0.008573
261,0.778693,0,0,0.291552,0.085043,0.010317,0.060681,0.011774,12,0,15.614299,36.151934,9.651881,0.25434,0.007185
262,64.531703,1,63.595123,64.035297,0.062805,0.005002,0.049168,0.008144,12,0,15.161481,37.10961,9.535363,0.219054,0.008699
263,0.713572,0,0,0.263415,0.079091,0.008932,0.058485,0.010083,12,0,15.161481,37.10961,9.535363,0.226631,0.007181
264,64.275381,1,63.354851,63.800933,0.063863,0.005056,0.050888,0.007356,12,0,15.496938,36.635113,9.436423,0.225621,0.008552
265,0.754235,0,0,0.264375,0.079233,0.00927,0.058567,0.009766,12,0,15.496938,36.635113,9.436423,0.227542,0.007207
266,64.123519,1,63.182315,63.620018,0.062188,0.004918,0.049194,0.007611,12,0,15.042832,36.823758,9.535795,0.218241,0.00858
267,0.713509,0,0,0.262378,0.079491,0.009207,0.058583,0.01024,12,0,15.042832,36.823758,9.535795,0.225603,0.007158
268,65.994787,1,65.054462,65.510644,0.06308,0.005079,0.049818,0.007673,12,0,15.904871,37.349001,9.622373,0.224385,0.008819
269,0.84549,0,0,0.304124,0.085872,0.010213,0.061853,0.011896,12,0,15.904871,37.349001,9.622373,0.266555,0.007259
270,65.371291,1,64.455262,64.898824,0.064836,0.00517,0.051324,0.007797,12,0,15.151576,37.385773,10.081467,0.221365,0.008624
271,0.724146,0,0,0.269303,0.081023,0.009156,0.060373,0.009793,12,0,15.151576,37.385773,10.081467,0.23226,0.007185
272,64.692949,1,63.758278,64.205803,0.064584,0.004983,0.051168,0.007937,12,0,14.883847,37.042825,9.823988,0.22036,0.008819
273,0.720115,0,0,0.26542,0.082392,0.009552,0.060112,0.010998,12,0,14.883847,37.042825,9.823988,0.228479,0.00722
274,65.81389,1,64.854056,65.337216,0.06299,0.005,0.050103,0.007389,12,0,15.603123,37.75378,9.63346,0.219748,0.008507
275,0.726917,0,0,0.272218,0.08186,0.009534,0.060214,0.01038,12,0,15.603123,37.75378,9.63346,0.235459,0.007169
276,65.257992,1,64.29609,64.739908,0.06401,0.005073,0.050725,0.007703,12,0,14.875246,37.706956,9.920701,0.221109,0.008602
277,0.782874,0,0,0.296065,0.085664,0.009847,0.061866,0.011156,12,0,14.875246,37.706956,9.920701,0.258871,0.007179
278,65.262687,1,64.265592,64.785915,0.066143,0.005451,0.05174,0.008332,12,0,16.388872,36.63305,9.368271,0.260828,0.008704
279,0.729328,0,0,0.271488,0.084346,0.009528,0.062196,0.010882,12,0,16.388872,36.63305,9.368271,0.234903,0.007201
280,66.201176,1,65.283053,65.727514,0.064358,0.005006,0.051317,0.00755,12,0,15.107486,38.110599,10.221264,0.220399,0.00865
281,0.726623,0,0,0.270837,0.082812,0.009716,0.061629,0.009856,12,0,15.107486,38.110599,10.221264,0.234066,0.007208
282,63.998918,1,63.087213,63.527422,0.063725,0.005034,0.050701,0.00748,12,0,15.280957,36.593857,9.423713,0.220902,0.008496
283,0.722948,0,0,0.263798,0.086557,0.009269,0.065397,0.010393,12,0,15.280957,36.593857,9.423713,0.226748,0.00723
284,63.327166,1,62.396033,62.839544,0.065434,0.005182,0.052229,0.007518,12,0,15.024749,36.126685,9.391917,0.221426,0.0085
285,0.891066,0,0,0.316399,0.089651,0.010839,0.064827,0.011949,12,0,15.024749,36.126685,9.391917,0.277957,0.007437
286,62.86784,1,61.942651,62.384205,0.066408,0.005586,0.051615,0.008388,12,0,15.322771,35.554315,9.254898,0.226706,0.008119
287,0.714786,0,0,0.264296,0.078746,0.008939,0.05847,0.009822,12,0,15.322771,35.554315,9.254898,0.227478,0.007165
288,62.775207,1,61.811533,62.269279,0.063998,0.005114,0.050395,0.007949,12,0,15.203766,35.422092,9.309514,0.221662,0.009017
289,0.812188,0,0,0.298959,0.114533,0.018995,0.08297,0.010959,12,0,15.203766,35.422092,9.309514,0.251118,0.007363
290,62.550144,1,61.52767,62.037934,0.068019,0.005505,0.053269,0.00851,12,0,14.806738,35.367269,9.556185,0.262562,0.018609
291,0.717871,0,0,0.263856,0.080673,0.009266,0.059725,0.010187,12,0,14.806738,35.367269,9.556185,0.227117,0.00714
292,62.767239,1,61.836001,62.270597,0.085337,0.005487,0.067718,0.011653,12,0,15.266018,35.41962,9.359974,0.220155,0.0083
293,0.76856,0,0,0.279771,0.085447,0.010231,0.061431,0.011796,12,0,15.266018,35.41962,9.359974,0.242476,0.007202
294,62.69232,1,61.774939,62.219234,0.064735,0.005106,0.051231,0.007798,12,0,14.982157,35.617416,9.379869,0.222345,0.008691
295,0.719996,0,0,0.267872,0.081944,0.009094,0.061236,0.010064,12,0,14.982157,35.617416,9.379869,0.230976,0.007166
296,63.718714,1,62.671123,63.186963,0.076973,0.005225,0.063173,0.008054,12,0,15.133758,36.149467,9.418819,0.285681,0.008829
297,0.726447,0,0,0.264842,0.083034,0.009383,0.061346,0.010566,12,0,15.133758,36.149467,9.418819,0.227445,0.007225
298,62.426155,1,61.523325,61.957038,0.064241,0.005012,0.050649,0.008068,12,0,15.046093,35.44611,9.231872,0.220919,0.008227
299,0.718508,0,0,0.26314,0.079504,0.009076,0.05928,0.00971,12,0,15.046093,35.44611,9.231872,0.226375,0.007206
300,62.601331,1,61.694215,62.128953,0.064151,0.005068,0.05101,0.007612,12,0,15.076044,35.551845,9.286128,0.219919,0.008166
