impact,0,1,0.00099998712539672852,0,0,1,0
impact,0,2,0.00099998712539672852,0,0,1,0
impact,0,3,0.00099998712539672852,0,0,1,0
impact,0,4,0.00099998712539672852,0,0,1,0
impact,0.5,1,0.00099998712539672852,0.0078333616256713867,0.5,1,0.0078333402052521706
impact,0.5,2,0.00099998712539672852,0.01616668701171875,0.5,0,0.0078333402052521706
impact,0.5,3,0.00099998712539672852,0.024500012397766113,0.5,0,0.0078333402052521706
impact,0.5,4,0.00099998712539672852,0.032833337783813477,0.5,0,0.0078333402052521706
gap,0,2.384185791015625e-07,-3.5762784591497621e-06,-3.5762784591497621e-06,0
gap,137,3.0517578125e-05,-0.00045776364277116954,-0.00045776364277116954,0
gap,1024,0.000244140625,-0.0036621091421693563,-0.0036621091421693563,0
chain,0.79999995231628418,0
chain,2.5999999046325684,0
chain,4,10
