id	scene	origin_group	sign	placement	magnitude	w	x	y	z	expected_x	expected_y	expected_z	scale_x	scale_y	scale_z	intended_x	intended_y	intended_z
identity_default_q_near	identity_default_q_near.judas	identity_default	1	near	9.81000042	1	0	0	0	0E-20	-9.81000041961669921875	-0E-20	0E-20	9.81000041961669921875	0E-20	0.00	-9.81	-0.00
identity_default_q_far	identity_default_q_far.judas	identity_default	1	far	9.81000042	1	0	0	0	0E-20	-9.81000041961669921875	-0E-20	0E-20	9.81000041961669921875	0E-20	0.00	-9.81	-0.00
identity_default_minus_q_near	identity_default_minus_q_near.judas	identity_default	-1	near	9.81000042	-1	-0	-0	-0	0E-20	-9.81000041961669921875	-0E-20	0E-20	9.81000041961669921875	0E-20	0.00	-9.81	-0.00
identity_default_minus_q_far	identity_default_minus_q_far.judas	identity_default	-1	far	9.81000042	-1	-0	-0	-0	0E-20	-9.81000041961669921875	-0E-20	0E-20	9.81000041961669921875	0E-20	0.00	-9.81	-0.00
identity_previous_q_near	identity_previous_q_near.judas	identity_previous	1	near	9.80999947	1	0	0	0	0E-19	-9.8099994659423828125	-0E-19	0E-19	9.8099994659423828125	0E-19	0E-19	-9.8099994659423828125	-0E-19
identity_previous_q_far	identity_previous_q_far.judas	identity_previous	1	far	9.80999947	1	0	0	0	0E-19	-9.8099994659423828125	-0E-19	0E-19	9.8099994659423828125	0E-19	0E-19	-9.8099994659423828125	-0E-19
identity_previous_minus_q_near	identity_previous_minus_q_near.judas	identity_previous	-1	near	9.80999947	-1	-0	-0	-0	0E-19	-9.8099994659423828125	-0E-19	0E-19	9.8099994659423828125	0E-19	0E-19	-9.8099994659423828125	-0E-19
identity_previous_minus_q_far	identity_previous_minus_q_far.judas	identity_previous	-1	far	9.80999947	-1	-0	-0	-0	0E-19	-9.8099994659423828125	-0E-19	0E-19	9.8099994659423828125	0E-19	0E-19	-9.8099994659423828125	-0E-19
identity_next_q_near	identity_next_q_near.judas	identity_next	1	near	9.81000137	1	0	0	0	0E-18	-9.810001373291015625	-0E-18	0E-18	9.810001373291015625	0E-18	0E-18	-9.810001373291015625	-0E-18
identity_next_q_far	identity_next_q_far.judas	identity_next	1	far	9.81000137	1	0	0	0	0E-18	-9.810001373291015625	-0E-18	0E-18	9.810001373291015625	0E-18	0E-18	-9.810001373291015625	-0E-18
identity_next_minus_q_near	identity_next_minus_q_near.judas	identity_next	-1	near	9.81000137	-1	-0	-0	-0	0E-18	-9.810001373291015625	-0E-18	0E-18	9.810001373291015625	0E-18	0E-18	-9.810001373291015625	-0E-18
identity_next_minus_q_far	identity_next_minus_q_far.judas	identity_next	-1	far	9.81000137	-1	-0	-0	-0	0E-18	-9.810001373291015625	-0E-18	0E-18	9.810001373291015625	0E-18	0E-18	-9.810001373291015625	-0E-18
identity_zero_q_near	identity_zero_q_near.judas	identity_zero	1	near	0	1	0	0	0	0	-0	0	0	0	0	0	-0	0
identity_zero_q_far	identity_zero_q_far.judas	identity_zero	1	far	0	1	0	0	0	0	-0	0	0	0	0	0	-0	0
identity_zero_minus_q_near	identity_zero_minus_q_near.judas	identity_zero	-1	near	0	-1	-0	-0	-0	0	-0	0	0	0	0	0	-0	0
identity_zero_minus_q_far	identity_zero_minus_q_far.judas	identity_zero	-1	far	0	-1	-0	-0	-0	0	-0	0	0	0	0	0	-0	0
identity_quarter_q_near	identity_quarter_q_near.judas	identity_quarter	1	near	0.25	1	0	0	0	0.00	-0.25	-0.00	0.00	0.25	0.00	0.00	-0.25	-0.00
identity_quarter_q_far	identity_quarter_q_far.judas	identity_quarter	1	far	0.25	1	0	0	0	0.00	-0.25	-0.00	0.00	0.25	0.00	0.00	-0.25	-0.00
identity_quarter_minus_q_near	identity_quarter_minus_q_near.judas	identity_quarter	-1	near	0.25	-1	-0	-0	-0	0.00	-0.25	-0.00	0.00	0.25	0.00	0.00	-0.25	-0.00
identity_quarter_minus_q_far	identity_quarter_minus_q_far.judas	identity_quarter	-1	far	0.25	-1	-0	-0	-0	0.00	-0.25	-0.00	0.00	0.25	0.00	0.00	-0.25	-0.00
identity_3_7_q_near	identity_3_7_q_near.judas	identity_3_7	1	near	3.70000005	1	0	0	0	0E-22	-3.7000000476837158203125	-0E-22	0E-22	3.7000000476837158203125	0E-22	0.0	-3.7	-0.0
identity_3_7_q_far	identity_3_7_q_far.judas	identity_3_7	1	far	3.70000005	1	0	0	0	0E-22	-3.7000000476837158203125	-0E-22	0E-22	3.7000000476837158203125	0E-22	0.0	-3.7	-0.0
identity_3_7_minus_q_near	identity_3_7_minus_q_near.judas	identity_3_7	-1	near	3.70000005	-1	-0	-0	-0	0E-22	-3.7000000476837158203125	-0E-22	0E-22	3.7000000476837158203125	0E-22	0.0	-3.7	-0.0
identity_3_7_minus_q_far	identity_3_7_minus_q_far.judas	identity_3_7	-1	far	3.70000005	-1	-0	-0	-0	0E-22	-3.7000000476837158203125	-0E-22	0E-22	3.7000000476837158203125	0E-22	0.0	-3.7	-0.0
identity_17_25_q_near	identity_17_25_q_near.judas	identity_17_25	1	near	17.25	1	0	0	0	0.00	-17.25	-0.00	0.00	17.25	0.00	0.00	-17.25	-0.00
identity_17_25_q_far	identity_17_25_q_far.judas	identity_17_25	1	far	17.25	1	0	0	0	0.00	-17.25	-0.00	0.00	17.25	0.00	0.00	-17.25	-0.00
identity_17_25_minus_q_near	identity_17_25_minus_q_near.judas	identity_17_25	-1	near	17.25	-1	-0	-0	-0	0.00	-17.25	-0.00	0.00	17.25	0.00	0.00	-17.25	-0.00
identity_17_25_minus_q_far	identity_17_25_minus_q_far.judas	identity_17_25	-1	far	17.25	-1	-0	-0	-0	0.00	-17.25	-0.00	0.00	17.25	0.00	0.00	-17.25	-0.00
z_positive_half_default_q_near	z_positive_half_default_q_near.judas	z_positive_half_default	1	near	9.81000042	1	0	0	2.49999999e-07	0.0000049050001974241079992923610534895257204339466695303304381202024273678607884360501	-9.8100004196154729687037399567542530706414233963311395144938208814876805932462398	-0E+14	0.0000049050001974241079992923610534895257204339466695303304381202024273678607884360501	9.8100004196179254687962600432457469293585766036688604855061791185123194067537596	0E+14	0.0000049049999999997953431006571481389277267710777896794396668470306135279226582125398	-9.8099999999987737500000000256878246714270067310172487055301896148256851377763474	-0E+5
z_positive_half_default_q_far	z_positive_half_default_q_far.judas	z_positive_half_default	1	far	9.81000042	1	0	0	2.49999999e-07	0.0000049050001974241079992923610534895257204339466695303304381202024273678607884360501	-9.8100004196154729687037399567542530706414233963311395144938208814876805932462398	-0E+14	0.0000049050001974241079992923610534895257204339466695303304381202024273678607884360501	9.8100004196179254687962600432457469293585766036688604855061791185123194067537596	0E+14	0.0000049049999999997953431006571481389277267710777896794396668470306135279226582125398	-9.8099999999987737500000000256878246714270067310172487055301896148256851377763474	-0E+5
z_positive_half_default_minus_q_near	z_positive_half_default_minus_q_near.judas	z_positive_half_default	-1	near	9.81000042	-1	-0	-0	-2.49999999e-07	0.0000049050001974241079992923610534895257204339466695303304381202024273678607884360501	-9.8100004196154729687037399567542530706414233963311395144938208814876805932462398	-0E+14	0.0000049050001974241079992923610534895257204339466695303304381202024273678607884360501	9.8100004196179254687962600432457469293585766036688604855061791185123194067537596	0E+14	0.0000049049999999997953431006571481389277267710777896794396668470306135279226582125398	-9.8099999999987737500000000256878246714270067310172487055301896148256851377763474	-0E+5
z_positive_half_default_minus_q_far	z_positive_half_default_minus_q_far.judas	z_positive_half_default	-1	far	9.81000042	-1	-0	-0	-2.49999999e-07	0.0000049050001974241079992923610534895257204339466695303304381202024273678607884360501	-9.8100004196154729687037399567542530706414233963311395144938208814876805932462398	-0E+14	0.0000049050001974241079992923610534895257204339466695303304381202024273678607884360501	9.8100004196179254687962600432457469293585766036688604855061791185123194067537596	0E+14	0.0000049049999999997953431006571481389277267710777896794396668470306135279226582125398	-9.8099999999987737500000000256878246714270067310172487055301896148256851377763474	-0E+5
z_negative_half_default_q_near	z_negative_half_default_q_near.judas	z_negative_half_default	1	near	9.81000042	1	-0	-0	-2.49999999e-07	-0.0000049050001974241079992923610534895257204339466695303304381202024273678607884360501	-9.8100004196154729687037399567542530706414233963311395144938208814876805932462398	-0E+14	0.0000049050001974241079992923610534895257204339466695303304381202024273678607884360501	9.8100004196179254687962600432457469293585766036688604855061791185123194067537596	0E+14	-0.0000049049999999997953431006571481389277267710777896794396668470306135279226582125398	-9.8099999999987737500000000256878246714270067310172487055301896148256851377763474	-0E+5
z_negative_half_default_q_far	z_negative_half_default_q_far.judas	z_negative_half_default	1	far	9.81000042	1	-0	-0	-2.49999999e-07	-0.0000049050001974241079992923610534895257204339466695303304381202024273678607884360501	-9.8100004196154729687037399567542530706414233963311395144938208814876805932462398	-0E+14	0.0000049050001974241079992923610534895257204339466695303304381202024273678607884360501	9.8100004196179254687962600432457469293585766036688604855061791185123194067537596	0E+14	-0.0000049049999999997953431006571481389277267710777896794396668470306135279226582125398	-9.8099999999987737500000000256878246714270067310172487055301896148256851377763474	-0E+5
z_negative_half_default_minus_q_near	z_negative_half_default_minus_q_near.judas	z_negative_half_default	-1	near	9.81000042	-1	0	0	2.49999999e-07	-0.0000049050001974241079992923610534895257204339466695303304381202024273678607884360501	-9.8100004196154729687037399567542530706414233963311395144938208814876805932462398	-0E+14	0.0000049050001974241079992923610534895257204339466695303304381202024273678607884360501	9.8100004196179254687962600432457469293585766036688604855061791185123194067537596	0E+14	-0.0000049049999999997953431006571481389277267710777896794396668470306135279226582125398	-9.8099999999987737500000000256878246714270067310172487055301896148256851377763474	-0E+5
z_negative_half_default_minus_q_far	z_negative_half_default_minus_q_far.judas	z_negative_half_default	-1	far	9.81000042	-1	0	0	2.49999999e-07	-0.0000049050001974241079992923610534895257204339466695303304381202024273678607884360501	-9.8100004196154729687037399567542530706414233963311395144938208814876805932462398	-0E+14	0.0000049050001974241079992923610534895257204339466695303304381202024273678607884360501	9.8100004196179254687962600432457469293585766036688604855061791185123194067537596	0E+14	-0.0000049049999999997953431006571481389277267710777896794396668470306135279226582125398	-9.8099999999987737500000000256878246714270067310172487055301896148256851377763474	-0E+5
z_positive_below_default_q_near	z_positive_below_default_q_near.judas	z_positive_below_default	1	near	9.81000042	1	0	0	4.99500004e-07	0.0000098001904981714522395811891829430745641664546364318881979212394889424246179118883	-9.8100004196118040235567144402608326421975727879334683510519793104625745903605625	-0E+15	0.0000098001904981714522395811891829430745641664546364318881979212394889424246179118883	9.8100004196215944139432855597391673578024272120665316489480206895374254096394375	0E+15	0.0000098001899999983715428660985083698966942195690435855308442679128780215321562522171	-9.8099999999951048050950004054763241714310596574741061636734108678712714224978241	-0E+7
z_positive_below_default_q_far	z_positive_below_default_q_far.judas	z_positive_below_default	1	far	9.81000042	1	0	0	4.99500004e-07	0.0000098001904981714522395811891829430745641664546364318881979212394889424246179118883	-9.8100004196118040235567144402608326421975727879334683510519793104625745903605625	-0E+15	0.0000098001904981714522395811891829430745641664546364318881979212394889424246179118883	9.8100004196215944139432855597391673578024272120665316489480206895374254096394375	0E+15	0.0000098001899999983715428660985083698966942195690435855308442679128780215321562522171	-9.8099999999951048050950004054763241714310596574741061636734108678712714224978241	-0E+7
z_positive_below_default_minus_q_near	z_positive_below_default_minus_q_near.judas	z_positive_below_default	-1	near	9.81000042	-1	-0	-0	-4.99500004e-07	0.0000098001904981714522395811891829430745641664546364318881979212394889424246179118883	-9.8100004196118040235567144402608326421975727879334683510519793104625745903605625	-0E+15	0.0000098001904981714522395811891829430745641664546364318881979212394889424246179118883	9.8100004196215944139432855597391673578024272120665316489480206895374254096394375	0E+15	0.0000098001899999983715428660985083698966942195690435855308442679128780215321562522171	-9.8099999999951048050950004054763241714310596574741061636734108678712714224978241	-0E+7
z_positive_below_default_minus_q_far	z_positive_below_default_minus_q_far.judas	z_positive_below_default	-1	far	9.81000042	-1	-0	-0	-4.99500004e-07	0.0000098001904981714522395811891829430745641664546364318881979212394889424246179118883	-9.8100004196118040235567144402608326421975727879334683510519793104625745903605625	-0E+15	0.0000098001904981714522395811891829430745641664546364318881979212394889424246179118883	9.8100004196215944139432855597391673578024272120665316489480206895374254096394375	0E+15	0.0000098001899999983715428660985083698966942195690435855308442679128780215321562522171	-9.8099999999951048050950004054763241714310596574741061636734108678712714224978241	-0E+7
z_negative_below_default_q_near	z_negative_below_default_q_near.judas	z_negative_below_default	1	near	9.81000042	1	-0	-0	-4.99500004e-07	-0.0000098001904981714522395811891829430745641664546364318881979212394889424246179118883	-9.8100004196118040235567144402608326421975727879334683510519793104625745903605625	-0E+15	0.0000098001904981714522395811891829430745641664546364318881979212394889424246179118883	9.8100004196215944139432855597391673578024272120665316489480206895374254096394375	0E+15	-0.0000098001899999983715428660985083698966942195690435855308442679128780215321562522171	-9.8099999999951048050950004054763241714310596574741061636734108678712714224978241	-0E+7
z_negative_below_default_q_far	z_negative_below_default_q_far.judas	z_negative_below_default	1	far	9.81000042	1	-0	-0	-4.99500004e-07	-0.0000098001904981714522395811891829430745641664546364318881979212394889424246179118883	-9.8100004196118040235567144402608326421975727879334683510519793104625745903605625	-0E+15	0.0000098001904981714522395811891829430745641664546364318881979212394889424246179118883	9.8100004196215944139432855597391673578024272120665316489480206895374254096394375	0E+15	-0.0000098001899999983715428660985083698966942195690435855308442679128780215321562522171	-9.8099999999951048050950004054763241714310596574741061636734108678712714224978241	-0E+7
z_negative_below_default_minus_q_near	z_negative_below_default_minus_q_near.judas	z_negative_below_default	-1	near	9.81000042	-1	0	0	4.99500004e-07	-0.0000098001904981714522395811891829430745641664546364318881979212394889424246179118883	-9.8100004196118040235567144402608326421975727879334683510519793104625745903605625	-0E+15	0.0000098001904981714522395811891829430745641664546364318881979212394889424246179118883	9.8100004196215944139432855597391673578024272120665316489480206895374254096394375	0E+15	-0.0000098001899999983715428660985083698966942195690435855308442679128780215321562522171	-9.8099999999951048050950004054763241714310596574741061636734108678712714224978241	-0E+7
z_negative_below_default_minus_q_far	z_negative_below_default_minus_q_far.judas	z_negative_below_default	-1	far	9.81000042	-1	0	0	4.99500004e-07	-0.0000098001904981714522395811891829430745641664546364318881979212394889424246179118883	-9.8100004196118040235567144402608326421975727879334683510519793104625745903605625	-0E+15	0.0000098001904981714522395811891829430745641664546364318881979212394889424246179118883	9.8100004196215944139432855597391673578024272120665316489480206895374254096394375	0E+15	-0.0000098001899999983715428660985083698966942195690435855308442679128780215321562522171	-9.8099999999951048050950004054763241714310596574741061636734108678712714224978241	-0E+7
z_positive_above_default_q_near	z_positive_above_default_q_near.judas	z_positive_above_default	1	near	9.81000042	1	0	0	5.00499993e-07	0.0000098198102915213009927440744123515099154052592736708689873547995576808880199721985	-9.8100004196117844037634141218190563119714798134630460311927383472739619825391272	-0E+15	0.0000098198102915213009927440744123515099154052592736708689873547995576808880199721985	9.8100004196216140337365858781809436880285201865369539688072616527260380174608725	0E+15	0.0000098198099999983609564272177190463218939034208861511780948086023293436972154255965	-9.8099999999950851850950004095202539489052297216178345326877585775552930562834839	-0E+5
z_positive_above_default_q_far	z_positive_above_default_q_far.judas	z_positive_above_default	1	far	9.81000042	1	0	0	5.00499993e-07	0.0000098198102915213009927440744123515099154052592736708689873547995576808880199721985	-9.8100004196117844037634141218190563119714798134630460311927383472739619825391272	-0E+15	0.0000098198102915213009927440744123515099154052592736708689873547995576808880199721985	9.8100004196216140337365858781809436880285201865369539688072616527260380174608725	0E+15	0.0000098198099999983609564272177190463218939034208861511780948086023293436972154255965	-9.8099999999950851850950004095202539489052297216178345326877585775552930562834839	-0E+5
z_positive_above_default_minus_q_near	z_positive_above_default_minus_q_near.judas	z_positive_above_default	-1	near	9.81000042	-1	-0	-0	-5.00499993e-07	0.0000098198102915213009927440744123515099154052592736708689873547995576808880199721985	-9.8100004196117844037634141218190563119714798134630460311927383472739619825391272	-0E+15	0.0000098198102915213009927440744123515099154052592736708689873547995576808880199721985	9.8100004196216140337365858781809436880285201865369539688072616527260380174608725	0E+15	0.0000098198099999983609564272177190463218939034208861511780948086023293436972154255965	-9.8099999999950851850950004095202539489052297216178345326877585775552930562834839	-0E+5
z_positive_above_default_minus_q_far	z_positive_above_default_minus_q_far.judas	z_positive_above_default	-1	far	9.81000042	-1	-0	-0	-5.00499993e-07	0.0000098198102915213009927440744123515099154052592736708689873547995576808880199721985	-9.8100004196117844037634141218190563119714798134630460311927383472739619825391272	-0E+15	0.0000098198102915213009927440744123515099154052592736708689873547995576808880199721985	9.8100004196216140337365858781809436880285201865369539688072616527260380174608725	0E+15	0.0000098198099999983609564272177190463218939034208861511780948086023293436972154255965	-9.8099999999950851850950004095202539489052297216178345326877585775552930562834839	-0E+5
z_negative_above_default_q_near	z_negative_above_default_q_near.judas	z_negative_above_default	1	near	9.81000042	1	-0	-0	-5.00499993e-07	-0.0000098198102915213009927440744123515099154052592736708689873547995576808880199721985	-9.8100004196117844037634141218190563119714798134630460311927383472739619825391272	-0E+15	0.0000098198102915213009927440744123515099154052592736708689873547995576808880199721985	9.8100004196216140337365858781809436880285201865369539688072616527260380174608725	0E+15	-0.0000098198099999983609564272177190463218939034208861511780948086023293436972154255965	-9.8099999999950851850950004095202539489052297216178345326877585775552930562834839	-0E+5
z_negative_above_default_q_far	z_negative_above_default_q_far.judas	z_negative_above_default	1	far	9.81000042	1	-0	-0	-5.00499993e-07	-0.0000098198102915213009927440744123515099154052592736708689873547995576808880199721985	-9.8100004196117844037634141218190563119714798134630460311927383472739619825391272	-0E+15	0.0000098198102915213009927440744123515099154052592736708689873547995576808880199721985	9.8100004196216140337365858781809436880285201865369539688072616527260380174608725	0E+15	-0.0000098198099999983609564272177190463218939034208861511780948086023293436972154255965	-9.8099999999950851850950004095202539489052297216178345326877585775552930562834839	-0E+5
z_negative_above_default_minus_q_near	z_negative_above_default_minus_q_near.judas	z_negative_above_default	-1	near	9.81000042	-1	0	0	5.00499993e-07	-0.0000098198102915213009927440744123515099154052592736708689873547995576808880199721985	-9.8100004196117844037634141218190563119714798134630460311927383472739619825391272	-0E+15	0.0000098198102915213009927440744123515099154052592736708689873547995576808880199721985	9.8100004196216140337365858781809436880285201865369539688072616527260380174608725	0E+15	-0.0000098198099999983609564272177190463218939034208861511780948086023293436972154255965	-9.8099999999950851850950004095202539489052297216178345326877585775552930562834839	-0E+5
z_negative_above_default_minus_q_far	z_negative_above_default_minus_q_far.judas	z_negative_above_default	-1	far	9.81000042	-1	0	0	5.00499993e-07	-0.0000098198102915213009927440744123515099154052592736708689873547995576808880199721985	-9.8100004196117844037634141218190563119714798134630460311927383472739619825391272	-0E+15	0.0000098198102915213009927440744123515099154052592736708689873547995576808880199721985	9.8100004196216140337365858781809436880285201865369539688072616527260380174608725	0E+15	-0.0000098198099999983609564272177190463218939034208861511780948086023293436972154255965	-9.8099999999950851850950004095202539489052297216178345326877585775552930562834839	-0E+5
z_positive_double_default_q_near	z_positive_double_default_q_near.judas	z_positive_double_default	1	near	9.81000042	1	0	0	9.99999997e-07	0.000019620000789678038246522001715216346804524870929594993186441246951581235616180183	-9.8100004195970792180098577018186501330054394996281128458679502259198780453491422	-0E+16	0.000019620000789678038246522001715216346804524870929594993186441246951581235616180183	9.8100004196363192194901422981813498669945605003718871541320497740801219546508574	0E+16	0.000019619999999986920238043525854838548171756947645112523240476855298579183854724437	-9.8099999999803800000000065395239129526496881180393021477149109110790771367003569	-0E+7
z_positive_double_default_q_far	z_positive_double_default_q_far.judas	z_positive_double_default	1	far	9.81000042	1	0	0	9.99999997e-07	0.000019620000789678038246522001715216346804524870929594993186441246951581235616180183	-9.8100004195970792180098577018186501330054394996281128458679502259198780453491422	-0E+16	0.000019620000789678038246522001715216346804524870929594993186441246951581235616180183	9.8100004196363192194901422981813498669945605003718871541320497740801219546508574	0E+16	0.000019619999999986920238043525854838548171756947645112523240476855298579183854724437	-9.8099999999803800000000065395239129526496881180393021477149109110790771367003569	-0E+7
z_positive_double_default_minus_q_near	z_positive_double_default_minus_q_near.judas	z_positive_double_default	-1	near	9.81000042	-1	-0	-0	-9.99999997e-07	0.000019620000789678038246522001715216346804524870929594993186441246951581235616180183	-9.8100004195970792180098577018186501330054394996281128458679502259198780453491422	-0E+16	0.000019620000789678038246522001715216346804524870929594993186441246951581235616180183	9.8100004196363192194901422981813498669945605003718871541320497740801219546508574	0E+16	0.000019619999999986920238043525854838548171756947645112523240476855298579183854724437	-9.8099999999803800000000065395239129526496881180393021477149109110790771367003569	-0E+7
z_positive_double_default_minus_q_far	z_positive_double_default_minus_q_far.judas	z_positive_double_default	-1	far	9.81000042	-1	-0	-0	-9.99999997e-07	0.000019620000789678038246522001715216346804524870929594993186441246951581235616180183	-9.8100004195970792180098577018186501330054394996281128458679502259198780453491422	-0E+16	0.000019620000789678038246522001715216346804524870929594993186441246951581235616180183	9.8100004196363192194901422981813498669945605003718871541320497740801219546508574	0E+16	0.000019619999999986920238043525854838548171756947645112523240476855298579183854724437	-9.8099999999803800000000065395239129526496881180393021477149109110790771367003569	-0E+7
z_negative_double_default_q_near	z_negative_double_default_q_near.judas	z_negative_double_default	1	near	9.81000042	1	-0	-0	-9.99999997e-07	-0.000019620000789678038246522001715216346804524870929594993186441246951581235616180183	-9.8100004195970792180098577018186501330054394996281128458679502259198780453491422	-0E+16	0.000019620000789678038246522001715216346804524870929594993186441246951581235616180183	9.8100004196363192194901422981813498669945605003718871541320497740801219546508574	0E+16	-0.000019619999999986920238043525854838548171756947645112523240476855298579183854724437	-9.8099999999803800000000065395239129526496881180393021477149109110790771367003569	-0E+7
z_negative_double_default_q_far	z_negative_double_default_q_far.judas	z_negative_double_default	1	far	9.81000042	1	-0	-0	-9.99999997e-07	-0.000019620000789678038246522001715216346804524870929594993186441246951581235616180183	-9.8100004195970792180098577018186501330054394996281128458679502259198780453491422	-0E+16	0.000019620000789678038246522001715216346804524870929594993186441246951581235616180183	9.8100004196363192194901422981813498669945605003718871541320497740801219546508574	0E+16	-0.000019619999999986920238043525854838548171756947645112523240476855298579183854724437	-9.8099999999803800000000065395239129526496881180393021477149109110790771367003569	-0E+7
z_negative_double_default_minus_q_near	z_negative_double_default_minus_q_near.judas	z_negative_double_default	-1	near	9.81000042	-1	0	0	9.99999997e-07	-0.000019620000789678038246522001715216346804524870929594993186441246951581235616180183	-9.8100004195970792180098577018186501330054394996281128458679502259198780453491422	-0E+16	0.000019620000789678038246522001715216346804524870929594993186441246951581235616180183	9.8100004196363192194901422981813498669945605003718871541320497740801219546508574	0E+16	-0.000019619999999986920238043525854838548171756947645112523240476855298579183854724437	-9.8099999999803800000000065395239129526496881180393021477149109110790771367003569	-0E+7
z_negative_double_default_minus_q_far	z_negative_double_default_minus_q_far.judas	z_negative_double_default	-1	far	9.81000042	-1	0	0	9.99999997e-07	-0.000019620000789678038246522001715216346804524870929594993186441246951581235616180183	-9.8100004195970792180098577018186501330054394996281128458679502259198780453491422	-0E+16	0.000019620000789678038246522001715216346804524870929594993186441246951581235616180183	9.8100004196363192194901422981813498669945605003718871541320497740801219546508574	0E+16	-0.000019619999999986920238043525854838548171756947645112523240476855298579183854724437	-9.8099999999803800000000065395239129526496881180393021477149109110790771367003569	-0E+7
x_positive_half_default_q_near	x_positive_half_default_q_near.judas	x_positive_half_default	1	near	9.81000042	1	2.49999999e-07	0	0	0E+14	-9.8100004196154729687037399567542530706414233963311395144938208814876805932462398	-0.0000049050001974241079992923610534895257204339466695303304381202024273678607884360501	0E+14	9.8100004196179254687962600432457469293585766036688604855061791185123194067537596	0.0000049050001974241079992923610534895257204339466695303304381202024273678607884360501	0E+5	-9.8099999999987737500000000256878246714270067310172487055301896148256851377763474	-0.0000049049999999997953431006571481389277267710777896794396668470306135279226582125398
x_positive_half_default_q_far	x_positive_half_default_q_far.judas	x_positive_half_default	1	far	9.81000042	1	2.49999999e-07	0	0	0E+14	-9.8100004196154729687037399567542530706414233963311395144938208814876805932462398	-0.0000049050001974241079992923610534895257204339466695303304381202024273678607884360501	0E+14	9.8100004196179254687962600432457469293585766036688604855061791185123194067537596	0.0000049050001974241079992923610534895257204339466695303304381202024273678607884360501	0E+5	-9.8099999999987737500000000256878246714270067310172487055301896148256851377763474	-0.0000049049999999997953431006571481389277267710777896794396668470306135279226582125398
x_positive_half_default_minus_q_near	x_positive_half_default_minus_q_near.judas	x_positive_half_default	-1	near	9.81000042	-1	-2.49999999e-07	-0	-0	0E+14	-9.8100004196154729687037399567542530706414233963311395144938208814876805932462398	-0.0000049050001974241079992923610534895257204339466695303304381202024273678607884360501	0E+14	9.8100004196179254687962600432457469293585766036688604855061791185123194067537596	0.0000049050001974241079992923610534895257204339466695303304381202024273678607884360501	0E+5	-9.8099999999987737500000000256878246714270067310172487055301896148256851377763474	-0.0000049049999999997953431006571481389277267710777896794396668470306135279226582125398
x_positive_half_default_minus_q_far	x_positive_half_default_minus_q_far.judas	x_positive_half_default	-1	far	9.81000042	-1	-2.49999999e-07	-0	-0	0E+14	-9.8100004196154729687037399567542530706414233963311395144938208814876805932462398	-0.0000049050001974241079992923610534895257204339466695303304381202024273678607884360501	0E+14	9.8100004196179254687962600432457469293585766036688604855061791185123194067537596	0.0000049050001974241079992923610534895257204339466695303304381202024273678607884360501	0E+5	-9.8099999999987737500000000256878246714270067310172487055301896148256851377763474	-0.0000049049999999997953431006571481389277267710777896794396668470306135279226582125398
x_negative_half_default_q_near	x_negative_half_default_q_near.judas	x_negative_half_default	1	near	9.81000042	1	-2.49999999e-07	-0	-0	-0E+14	-9.8100004196154729687037399567542530706414233963311395144938208814876805932462398	0.0000049050001974241079992923610534895257204339466695303304381202024273678607884360501	0E+14	9.8100004196179254687962600432457469293585766036688604855061791185123194067537596	0.0000049050001974241079992923610534895257204339466695303304381202024273678607884360501	-0E+5	-9.8099999999987737500000000256878246714270067310172487055301896148256851377763474	0.0000049049999999997953431006571481389277267710777896794396668470306135279226582125398
x_negative_half_default_q_far	x_negative_half_default_q_far.judas	x_negative_half_default	1	far	9.81000042	1	-2.49999999e-07	-0	-0	-0E+14	-9.8100004196154729687037399567542530706414233963311395144938208814876805932462398	0.0000049050001974241079992923610534895257204339466695303304381202024273678607884360501	0E+14	9.8100004196179254687962600432457469293585766036688604855061791185123194067537596	0.0000049050001974241079992923610534895257204339466695303304381202024273678607884360501	-0E+5	-9.8099999999987737500000000256878246714270067310172487055301896148256851377763474	0.0000049049999999997953431006571481389277267710777896794396668470306135279226582125398
x_negative_half_default_minus_q_near	x_negative_half_default_minus_q_near.judas	x_negative_half_default	-1	near	9.81000042	-1	2.49999999e-07	0	0	-0E+14	-9.8100004196154729687037399567542530706414233963311395144938208814876805932462398	0.0000049050001974241079992923610534895257204339466695303304381202024273678607884360501	0E+14	9.8100004196179254687962600432457469293585766036688604855061791185123194067537596	0.0000049050001974241079992923610534895257204339466695303304381202024273678607884360501	-0E+5	-9.8099999999987737500000000256878246714270067310172487055301896148256851377763474	0.0000049049999999997953431006571481389277267710777896794396668470306135279226582125398
x_negative_half_default_minus_q_far	x_negative_half_default_minus_q_far.judas	x_negative_half_default	-1	far	9.81000042	-1	2.49999999e-07	0	0	-0E+14	-9.8100004196154729687037399567542530706414233963311395144938208814876805932462398	0.0000049050001974241079992923610534895257204339466695303304381202024273678607884360501	0E+14	9.8100004196179254687962600432457469293585766036688604855061791185123194067537596	0.0000049050001974241079992923610534895257204339466695303304381202024273678607884360501	-0E+5	-9.8099999999987737500000000256878246714270067310172487055301896148256851377763474	0.0000049049999999997953431006571481389277267710777896794396668470306135279226582125398
x_positive_below_default_q_near	x_positive_below_default_q_near.judas	x_positive_below_default	1	near	9.81000042	1	4.99500004e-07	0	0	0E+15	-9.8100004196118040235567144402608326421975727879334683510519793104625745903605625	-0.0000098001904981714522395811891829430745641664546364318881979212394889424246179118883	0E+15	9.8100004196215944139432855597391673578024272120665316489480206895374254096394375	0.0000098001904981714522395811891829430745641664546364318881979212394889424246179118883	0E+7	-9.8099999999951048050950004054763241714310596574741061636734108678712714224978241	-0.0000098001899999983715428660985083698966942195690435855308442679128780215321562522171
x_positive_below_default_q_far	x_positive_below_default_q_far.judas	x_positive_below_default	1	far	9.81000042	1	4.99500004e-07	0	0	0E+15	-9.8100004196118040235567144402608326421975727879334683510519793104625745903605625	-0.0000098001904981714522395811891829430745641664546364318881979212394889424246179118883	0E+15	9.8100004196215944139432855597391673578024272120665316489480206895374254096394375	0.0000098001904981714522395811891829430745641664546364318881979212394889424246179118883	0E+7	-9.8099999999951048050950004054763241714310596574741061636734108678712714224978241	-0.0000098001899999983715428660985083698966942195690435855308442679128780215321562522171
x_positive_below_default_minus_q_near	x_positive_below_default_minus_q_near.judas	x_positive_below_default	-1	near	9.81000042	-1	-4.99500004e-07	-0	-0	0E+15	-9.8100004196118040235567144402608326421975727879334683510519793104625745903605625	-0.0000098001904981714522395811891829430745641664546364318881979212394889424246179118883	0E+15	9.8100004196215944139432855597391673578024272120665316489480206895374254096394375	0.0000098001904981714522395811891829430745641664546364318881979212394889424246179118883	0E+7	-9.8099999999951048050950004054763241714310596574741061636734108678712714224978241	-0.0000098001899999983715428660985083698966942195690435855308442679128780215321562522171
x_positive_below_default_minus_q_far	x_positive_below_default_minus_q_far.judas	x_positive_below_default	-1	far	9.81000042	-1	-4.99500004e-07	-0	-0	0E+15	-9.8100004196118040235567144402608326421975727879334683510519793104625745903605625	-0.0000098001904981714522395811891829430745641664546364318881979212394889424246179118883	0E+15	9.8100004196215944139432855597391673578024272120665316489480206895374254096394375	0.0000098001904981714522395811891829430745641664546364318881979212394889424246179118883	0E+7	-9.8099999999951048050950004054763241714310596574741061636734108678712714224978241	-0.0000098001899999983715428660985083698966942195690435855308442679128780215321562522171
x_negative_below_default_q_near	x_negative_below_default_q_near.judas	x_negative_below_default	1	near	9.81000042	1	-4.99500004e-07	-0	-0	-0E+15	-9.8100004196118040235567144402608326421975727879334683510519793104625745903605625	0.0000098001904981714522395811891829430745641664546364318881979212394889424246179118883	0E+15	9.8100004196215944139432855597391673578024272120665316489480206895374254096394375	0.0000098001904981714522395811891829430745641664546364318881979212394889424246179118883	-0E+7	-9.8099999999951048050950004054763241714310596574741061636734108678712714224978241	0.0000098001899999983715428660985083698966942195690435855308442679128780215321562522171
x_negative_below_default_q_far	x_negative_below_default_q_far.judas	x_negative_below_default	1	far	9.81000042	1	-4.99500004e-07	-0	-0	-0E+15	-9.8100004196118040235567144402608326421975727879334683510519793104625745903605625	0.0000098001904981714522395811891829430745641664546364318881979212394889424246179118883	0E+15	9.8100004196215944139432855597391673578024272120665316489480206895374254096394375	0.0000098001904981714522395811891829430745641664546364318881979212394889424246179118883	-0E+7	-9.8099999999951048050950004054763241714310596574741061636734108678712714224978241	0.0000098001899999983715428660985083698966942195690435855308442679128780215321562522171
x_negative_below_default_minus_q_near	x_negative_below_default_minus_q_near.judas	x_negative_below_default	-1	near	9.81000042	-1	4.99500004e-07	0	0	-0E+15	-9.8100004196118040235567144402608326421975727879334683510519793104625745903605625	0.0000098001904981714522395811891829430745641664546364318881979212394889424246179118883	0E+15	9.8100004196215944139432855597391673578024272120665316489480206895374254096394375	0.0000098001904981714522395811891829430745641664546364318881979212394889424246179118883	-0E+7	-9.8099999999951048050950004054763241714310596574741061636734108678712714224978241	0.0000098001899999983715428660985083698966942195690435855308442679128780215321562522171
x_negative_below_default_minus_q_far	x_negative_below_default_minus_q_far.judas	x_negative_below_default	-1	far	9.81000042	-1	4.99500004e-07	0	0	-0E+15	-9.8100004196118040235567144402608326421975727879334683510519793104625745903605625	0.0000098001904981714522395811891829430745641664546364318881979212394889424246179118883	0E+15	9.8100004196215944139432855597391673578024272120665316489480206895374254096394375	0.0000098001904981714522395811891829430745641664546364318881979212394889424246179118883	-0E+7	-9.8099999999951048050950004054763241714310596574741061636734108678712714224978241	0.0000098001899999983715428660985083698966942195690435855308442679128780215321562522171
x_positive_above_default_q_near	x_positive_above_default_q_near.judas	x_positive_above_default	1	near	9.81000042	1	5.00499993e-07	0	0	0E+15	-9.8100004196117844037634141218190563119714798134630460311927383472739619825391272	-0.0000098198102915213009927440744123515099154052592736708689873547995576808880199721985	0E+15	9.8100004196216140337365858781809436880285201865369539688072616527260380174608725	0.0000098198102915213009927440744123515099154052592736708689873547995576808880199721985	0E+5	-9.8099999999950851850950004095202539489052297216178345326877585775552930562834839	-0.0000098198099999983609564272177190463218939034208861511780948086023293436972154255965
x_positive_above_default_q_far	x_positive_above_default_q_far.judas	x_positive_above_default	1	far	9.81000042	1	5.00499993e-07	0	0	0E+15	-9.8100004196117844037634141218190563119714798134630460311927383472739619825391272	-0.0000098198102915213009927440744123515099154052592736708689873547995576808880199721985	0E+15	9.8100004196216140337365858781809436880285201865369539688072616527260380174608725	0.0000098198102915213009927440744123515099154052592736708689873547995576808880199721985	0E+5	-9.8099999999950851850950004095202539489052297216178345326877585775552930562834839	-0.0000098198099999983609564272177190463218939034208861511780948086023293436972154255965
x_positive_above_default_minus_q_near	x_positive_above_default_minus_q_near.judas	x_positive_above_default	-1	near	9.81000042	-1	-5.00499993e-07	-0	-0	0E+15	-9.8100004196117844037634141218190563119714798134630460311927383472739619825391272	-0.0000098198102915213009927440744123515099154052592736708689873547995576808880199721985	0E+15	9.8100004196216140337365858781809436880285201865369539688072616527260380174608725	0.0000098198102915213009927440744123515099154052592736708689873547995576808880199721985	0E+5	-9.8099999999950851850950004095202539489052297216178345326877585775552930562834839	-0.0000098198099999983609564272177190463218939034208861511780948086023293436972154255965
x_positive_above_default_minus_q_far	x_positive_above_default_minus_q_far.judas	x_positive_above_default	-1	far	9.81000042	-1	-5.00499993e-07	-0	-0	0E+15	-9.8100004196117844037634141218190563119714798134630460311927383472739619825391272	-0.0000098198102915213009927440744123515099154052592736708689873547995576808880199721985	0E+15	9.8100004196216140337365858781809436880285201865369539688072616527260380174608725	0.0000098198102915213009927440744123515099154052592736708689873547995576808880199721985	0E+5	-9.8099999999950851850950004095202539489052297216178345326877585775552930562834839	-0.0000098198099999983609564272177190463218939034208861511780948086023293436972154255965
x_negative_above_default_q_near	x_negative_above_default_q_near.judas	x_negative_above_default	1	near	9.81000042	1	-5.00499993e-07	-0	-0	-0E+15	-9.8100004196117844037634141218190563119714798134630460311927383472739619825391272	0.0000098198102915213009927440744123515099154052592736708689873547995576808880199721985	0E+15	9.8100004196216140337365858781809436880285201865369539688072616527260380174608725	0.0000098198102915213009927440744123515099154052592736708689873547995576808880199721985	-0E+5	-9.8099999999950851850950004095202539489052297216178345326877585775552930562834839	0.0000098198099999983609564272177190463218939034208861511780948086023293436972154255965
x_negative_above_default_q_far	x_negative_above_default_q_far.judas	x_negative_above_default	1	far	9.81000042	1	-5.00499993e-07	-0	-0	-0E+15	-9.8100004196117844037634141218190563119714798134630460311927383472739619825391272	0.0000098198102915213009927440744123515099154052592736708689873547995576808880199721985	0E+15	9.8100004196216140337365858781809436880285201865369539688072616527260380174608725	0.0000098198102915213009927440744123515099154052592736708689873547995576808880199721985	-0E+5	-9.8099999999950851850950004095202539489052297216178345326877585775552930562834839	0.0000098198099999983609564272177190463218939034208861511780948086023293436972154255965
x_negative_above_default_minus_q_near	x_negative_above_default_minus_q_near.judas	x_negative_above_default	-1	near	9.81000042	-1	5.00499993e-07	0	0	-0E+15	-9.8100004196117844037634141218190563119714798134630460311927383472739619825391272	0.0000098198102915213009927440744123515099154052592736708689873547995576808880199721985	0E+15	9.8100004196216140337365858781809436880285201865369539688072616527260380174608725	0.0000098198102915213009927440744123515099154052592736708689873547995576808880199721985	-0E+5	-9.8099999999950851850950004095202539489052297216178345326877585775552930562834839	0.0000098198099999983609564272177190463218939034208861511780948086023293436972154255965
x_negative_above_default_minus_q_far	x_negative_above_default_minus_q_far.judas	x_negative_above_default	-1	far	9.81000042	-1	5.00499993e-07	0	0	-0E+15	-9.8100004196117844037634141218190563119714798134630460311927383472739619825391272	0.0000098198102915213009927440744123515099154052592736708689873547995576808880199721985	0E+15	9.8100004196216140337365858781809436880285201865369539688072616527260380174608725	0.0000098198102915213009927440744123515099154052592736708689873547995576808880199721985	-0E+5	-9.8099999999950851850950004095202539489052297216178345326877585775552930562834839	0.0000098198099999983609564272177190463218939034208861511780948086023293436972154255965
x_positive_double_default_q_near	x_positive_double_default_q_near.judas	x_positive_double_default	1	near	9.81000042	1	9.99999997e-07	0	0	0E+16	-9.8100004195970792180098577018186501330054394996281128458679502259198780453491422	-0.000019620000789678038246522001715216346804524870929594993186441246951581235616180183	0E+16	9.8100004196363192194901422981813498669945605003718871541320497740801219546508574	0.000019620000789678038246522001715216346804524870929594993186441246951581235616180183	0E+7	-9.8099999999803800000000065395239129526496881180393021477149109110790771367003569	-0.000019619999999986920238043525854838548171756947645112523240476855298579183854724437
x_positive_double_default_q_far	x_positive_double_default_q_far.judas	x_positive_double_default	1	far	9.81000042	1	9.99999997e-07	0	0	0E+16	-9.8100004195970792180098577018186501330054394996281128458679502259198780453491422	-0.000019620000789678038246522001715216346804524870929594993186441246951581235616180183	0E+16	9.8100004196363192194901422981813498669945605003718871541320497740801219546508574	0.000019620000789678038246522001715216346804524870929594993186441246951581235616180183	0E+7	-9.8099999999803800000000065395239129526496881180393021477149109110790771367003569	-0.000019619999999986920238043525854838548171756947645112523240476855298579183854724437
x_positive_double_default_minus_q_near	x_positive_double_default_minus_q_near.judas	x_positive_double_default	-1	near	9.81000042	-1	-9.99999997e-07	-0	-0	0E+16	-9.8100004195970792180098577018186501330054394996281128458679502259198780453491422	-0.000019620000789678038246522001715216346804524870929594993186441246951581235616180183	0E+16	9.8100004196363192194901422981813498669945605003718871541320497740801219546508574	0.000019620000789678038246522001715216346804524870929594993186441246951581235616180183	0E+7	-9.8099999999803800000000065395239129526496881180393021477149109110790771367003569	-0.000019619999999986920238043525854838548171756947645112523240476855298579183854724437
x_positive_double_default_minus_q_far	x_positive_double_default_minus_q_far.judas	x_positive_double_default	-1	far	9.81000042	-1	-9.99999997e-07	-0	-0	0E+16	-9.8100004195970792180098577018186501330054394996281128458679502259198780453491422	-0.000019620000789678038246522001715216346804524870929594993186441246951581235616180183	0E+16	9.8100004196363192194901422981813498669945605003718871541320497740801219546508574	0.000019620000789678038246522001715216346804524870929594993186441246951581235616180183	0E+7	-9.8099999999803800000000065395239129526496881180393021477149109110790771367003569	-0.000019619999999986920238043525854838548171756947645112523240476855298579183854724437
x_negative_double_default_q_near	x_negative_double_default_q_near.judas	x_negative_double_default	1	near	9.81000042	1	-9.99999997e-07	-0	-0	-0E+16	-9.8100004195970792180098577018186501330054394996281128458679502259198780453491422	0.000019620000789678038246522001715216346804524870929594993186441246951581235616180183	0E+16	9.8100004196363192194901422981813498669945605003718871541320497740801219546508574	0.000019620000789678038246522001715216346804524870929594993186441246951581235616180183	-0E+7	-9.8099999999803800000000065395239129526496881180393021477149109110790771367003569	0.000019619999999986920238043525854838548171756947645112523240476855298579183854724437
x_negative_double_default_q_far	x_negative_double_default_q_far.judas	x_negative_double_default	1	far	9.81000042	1	-9.99999997e-07	-0	-0	-0E+16	-9.8100004195970792180098577018186501330054394996281128458679502259198780453491422	0.000019620000789678038246522001715216346804524870929594993186441246951581235616180183	0E+16	9.8100004196363192194901422981813498669945605003718871541320497740801219546508574	0.000019620000789678038246522001715216346804524870929594993186441246951581235616180183	-0E+7	-9.8099999999803800000000065395239129526496881180393021477149109110790771367003569	0.000019619999999986920238043525854838548171756947645112523240476855298579183854724437
x_negative_double_default_minus_q_near	x_negative_double_default_minus_q_near.judas	x_negative_double_default	-1	near	9.81000042	-1	9.99999997e-07	0	0	-0E+16	-9.8100004195970792180098577018186501330054394996281128458679502259198780453491422	0.000019620000789678038246522001715216346804524870929594993186441246951581235616180183	0E+16	9.8100004196363192194901422981813498669945605003718871541320497740801219546508574	0.000019620000789678038246522001715216346804524870929594993186441246951581235616180183	-0E+7	-9.8099999999803800000000065395239129526496881180393021477149109110790771367003569	0.000019619999999986920238043525854838548171756947645112523240476855298579183854724437
x_negative_double_default_minus_q_far	x_negative_double_default_minus_q_far.judas	x_negative_double_default	-1	far	9.81000042	-1	9.99999997e-07	0	0	-0E+16	-9.8100004195970792180098577018186501330054394996281128458679502259198780453491422	0.000019620000789678038246522001715216346804524870929594993186441246951581235616180183	0E+16	9.8100004196363192194901422981813498669945605003718871541320497740801219546508574	0.000019620000789678038246522001715216346804524870929594993186441246951581235616180183	-0E+7	-9.8099999999803800000000065395239129526496881180393021477149109110790771367003569	0.000019619999999986920238043525854838548171756947645112523240476855298579183854724437
z_positive_half_previous_q_near	z_positive_half_previous_q_near.judas	z_positive_half_previous	1	near	9.80999947	1	0	0	2.49999999e-07	0.0000049049997205869510000952557035556118004228447310880441580972833188557270702893990	-9.8099994659411565625729492457030778246568372767322780196770051353609366513205708	-0E+15	0.0000049049997205869510000952557035556118004228447310880441580972833188557270702893990	9.8099994659436090624270507542969221753431627232677219803229948646390633486794286	0E+15	0.0000049049997329709867493617986951322024973658849282484653908627464202053935531576389	-9.8099994659411565625667572278362607729786443709171131191290080003993936455374251	-0E-12
z_positive_half_previous_q_far	z_positive_half_previous_q_far.judas	z_positive_half_previous	1	far	9.80999947	1	0	0	2.49999999e-07	0.0000049049997205869510000952557035556118004228447310880441580972833188557270702893990	-9.8099994659411565625729492457030778246568372767322780196770051353609366513205708	-0E+15	0.0000049049997205869510000952557035556118004228447310880441580972833188557270702893990	9.8099994659436090624270507542969221753431627232677219803229948646390633486794286	0E+15	0.0000049049997329709867493617986951322024973658849282484653908627464202053935531576389	-9.8099994659411565625667572278362607729786443709171131191290080003993936455374251	-0E-12
z_positive_half_previous_minus_q_near	z_positive_half_previous_minus_q_near.judas	z_positive_half_previous	-1	near	9.80999947	-1	-0	-0	-2.49999999e-07	0.0000049049997205869510000952557035556118004228447310880441580972833188557270702893990	-9.8099994659411565625729492457030778246568372767322780196770051353609366513205708	-0E+15	0.0000049049997205869510000952557035556118004228447310880441580972833188557270702893990	9.8099994659436090624270507542969221753431627232677219803229948646390633486794286	0E+15	0.0000049049997329709867493617986951322024973658849282484653908627464202053935531576389	-9.8099994659411565625667572278362607729786443709171131191290080003993936455374251	-0E-12
z_positive_half_previous_minus_q_far	z_positive_half_previous_minus_q_far.judas	z_positive_half_previous	-1	far	9.80999947	-1	-0	-0	-2.49999999e-07	0.0000049049997205869510000952557035556118004228447310880441580972833188557270702893990	-9.8099994659411565625729492457030778246568372767322780196770051353609366513205708	-0E+15	0.0000049049997205869510000952557035556118004228447310880441580972833188557270702893990	9.8099994659436090624270507542969221753431627232677219803229948646390633486794286	0E+15	0.0000049049997329709867493617986951322024973658849282484653908627464202053935531576389	-9.8099994659411565625667572278362607729786443709171131191290080003993936455374251	-0E-12
z_positive_half_next_q_near	z_positive_half_next_q_near.judas	z_positive_half_next	1	near	9.81000137	1	0	0	2.49999999e-07	0.0000049050006742612649984894664034234396404450486079726167181431215358799945065827011	-9.8100013732897893748345306678054283166260095159300010093106366276144245351719087	-0E+16	0.0000049050006742612649984894664034234396404450486079726167181431215358799945065827011	9.8100013732922418751654693321945716833739904840699989906893633723855754648280907	0E+16	0.0000049050006866453031555720074558705068880987165762162306622351899677858546426394278	-9.8100013732897893748283386487347032674370813712747402134189423376361489749621477	-0E-11
z_positive_half_next_q_far	z_positive_half_next_q_far.judas	z_positive_half_next	1	far	9.81000137	1	0	0	2.49999999e-07	0.0000049050006742612649984894664034234396404450486079726167181431215358799945065827011	-9.8100013732897893748345306678054283166260095159300010093106366276144245351719087	-0E+16	0.0000049050006742612649984894664034234396404450486079726167181431215358799945065827011	9.8100013732922418751654693321945716833739904840699989906893633723855754648280907	0E+16	0.0000049050006866453031555720074558705068880987165762162306622351899677858546426394278	-9.8100013732897893748283386487347032674370813712747402134189423376361489749621477	-0E-11
z_positive_half_next_minus_q_near	z_positive_half_next_minus_q_near.judas	z_positive_half_next	-1	near	9.81000137	-1	-0	-0	-2.49999999e-07	0.0000049050006742612649984894664034234396404450486079726167181431215358799945065827011	-9.8100013732897893748345306678054283166260095159300010093106366276144245351719087	-0E+16	0.0000049050006742612649984894664034234396404450486079726167181431215358799945065827011	9.8100013732922418751654693321945716833739904840699989906893633723855754648280907	0E+16	0.0000049050006866453031555720074558705068880987165762162306622351899677858546426394278	-9.8100013732897893748283386487347032674370813712747402134189423376361489749621477	-0E-11
z_positive_half_next_minus_q_far	z_positive_half_next_minus_q_far.judas	z_positive_half_next	-1	far	9.81000137	-1	-0	-0	-2.49999999e-07	0.0000049050006742612649984894664034234396404450486079726167181431215358799945065827011	-9.8100013732897893748345306678054283166260095159300010093106366276144245351719087	-0E+16	0.0000049050006742612649984894664034234396404450486079726167181431215358799945065827011	9.8100013732922418751654693321945716833739904840699989906893633723855754648280907	0E+16	0.0000049050006866453031555720074558705068880987165762162306622351899677858546426394278	-9.8100013732897893748283386487347032674370813712747402134189423376361489749621477	-0E-11
axis_x_quarter_q_near	axis_x_quarter_q_near.judas	axis_x_quarter	1	near	9.81000042	0.707106769	0.707106769	0	0	0E+4	0E-20	-9.81000041961669921875	0E+4	19.62000083923339843750	9.81000041961669921875	0E+25	-1.5402607019687833488932193195580623618019289407282373965441649831673988068261665E-15	-9.8099999999999999999999999999998790824143715917817479441231564085617308181746391
axis_x_quarter_q_far	axis_x_quarter_q_far.judas	axis_x_quarter	1	far	9.81000042	0.707106769	0.707106769	0	0	0E+4	0E-20	-9.81000041961669921875	0E+4	19.62000083923339843750	9.81000041961669921875	0E+25	-1.5402607019687833488932193195580623618019289407282373965441649831673988068261665E-15	-9.8099999999999999999999999999998790824143715917817479441231564085617308181746391
axis_x_quarter_minus_q_near	axis_x_quarter_minus_q_near.judas	axis_x_quarter	-1	near	9.81000042	-0.707106769	-0.707106769	-0	-0	0E+4	0E-20	-9.81000041961669921875	0E+4	19.62000083923339843750	9.81000041961669921875	0E+25	-1.5402607019687833488932193195580623618019289407282373965441649831673988068261665E-15	-9.8099999999999999999999999999998790824143715917817479441231564085617308181746391
axis_x_quarter_minus_q_far	axis_x_quarter_minus_q_far.judas	axis_x_quarter	-1	far	9.81000042	-0.707106769	-0.707106769	-0	-0	0E+4	0E-20	-9.81000041961669921875	0E+4	19.62000083923339843750	9.81000041961669921875	0E+25	-1.5402607019687833488932193195580623618019289407282373965441649831673988068261665E-15	-9.8099999999999999999999999999998790824143715917817479441231564085617308181746391
axis_z_quarter_q_near	axis_z_quarter_q_near.judas	axis_z_quarter	1	near	9.81000042	0.707106769	0	0	0.707106769	9.81000041961669921875	0E-20	-0E+4	9.81000041961669921875	19.62000083923339843750	0E+4	9.8099999999999999999999999999998790824143715917817479441231564085617308181746391	-1.5402607019687833488932193195580623618019289407282373965441649831673988068261665E-15	-0E+25
axis_z_quarter_q_far	axis_z_quarter_q_far.judas	axis_z_quarter	1	far	9.81000042	0.707106769	0	0	0.707106769	9.81000041961669921875	0E-20	-0E+4	9.81000041961669921875	19.62000083923339843750	0E+4	9.8099999999999999999999999999998790824143715917817479441231564085617308181746391	-1.5402607019687833488932193195580623618019289407282373965441649831673988068261665E-15	-0E+25
axis_z_quarter_minus_q_near	axis_z_quarter_minus_q_near.judas	axis_z_quarter	-1	near	9.81000042	-0.707106769	-0	-0	-0.707106769	9.81000041961669921875	0E-20	-0E+4	9.81000041961669921875	19.62000083923339843750	0E+4	9.8099999999999999999999999999998790824143715917817479441231564085617308181746391	-1.5402607019687833488932193195580623618019289407282373965441649831673988068261665E-15	-0E+25
axis_z_quarter_minus_q_far	axis_z_quarter_minus_q_far.judas	axis_z_quarter	-1	far	9.81000042	-0.707106769	-0	-0	-0.707106769	9.81000041961669921875	0E-20	-0E+4	9.81000041961669921875	19.62000083923339843750	0E+4	9.8099999999999999999999999999998790824143715917817479441231564085617308181746391	-1.5402607019687833488932193195580623618019289407282373965441649831673988068261665E-15	-0E+25
axis_x_reverse_q_near	axis_x_reverse_q_near.judas	axis_x_reverse	1	near	9.81000042	6.12323426e-17	1	0	0	0E-17	9.8100004196166992187499999999999264367730939100049372217440446946498467138965149	-1.2013786137742766642538234742106439439884599569264538744781544898210513862425972E-15	0E-17	29.430001258850097656249999999999926436773093910004937221744044694649846713896515	1.2013786137742766642538234742106439439884599569264538744781544898210513862425972E-15	0E-29	9.8099999999999999999999999999999264367826604358813847382779056744061258357367983	-1.2013785099635534962374625128986825646898714803952099204840055115435132610586273E-15
axis_x_reverse_q_far	axis_x_reverse_q_far.judas	axis_x_reverse	1	far	9.81000042	6.12323426e-17	1	0	0	0E-17	9.8100004196166992187499999999999264367730939100049372217440446946498467138965149	-1.2013786137742766642538234742106439439884599569264538744781544898210513862425972E-15	0E-17	29.430001258850097656249999999999926436773093910004937221744044694649846713896515	1.2013786137742766642538234742106439439884599569264538744781544898210513862425972E-15	0E-29	9.8099999999999999999999999999999264367826604358813847382779056744061258357367983	-1.2013785099635534962374625128986825646898714803952099204840055115435132610586273E-15
axis_x_reverse_minus_q_near	axis_x_reverse_minus_q_near.judas	axis_x_reverse	-1	near	9.81000042	-6.12323426e-17	-1	-0	-0	0E-17	9.8100004196166992187499999999999264367730939100049372217440446946498467138965149	-1.2013786137742766642538234742106439439884599569264538744781544898210513862425972E-15	0E-17	29.430001258850097656249999999999926436773093910004937221744044694649846713896515	1.2013786137742766642538234742106439439884599569264538744781544898210513862425972E-15	0E-29	9.8099999999999999999999999999999264367826604358813847382779056744061258357367983	-1.2013785099635534962374625128986825646898714803952099204840055115435132610586273E-15
axis_x_reverse_minus_q_far	axis_x_reverse_minus_q_far.judas	axis_x_reverse	-1	far	9.81000042	-6.12323426e-17	-1	-0	-0	0E-17	9.8100004196166992187499999999999264367730939100049372217440446946498467138965149	-1.2013786137742766642538234742106439439884599569264538744781544898210513862425972E-15	0E-17	29.430001258850097656249999999999926436773093910004937221744044694649846713896515	1.2013786137742766642538234742106439439884599569264538744781544898210513862425972E-15	0E-29	9.8099999999999999999999999999999264367826604358813847382779056744061258357367983	-1.2013785099635534962374625128986825646898714803952099204840055115435132610586273E-15
axis_z_reverse_q_near	axis_z_reverse_q_near.judas	axis_z_reverse	1	near	9.81000042	6.12323426e-17	0	0	1	1.2013786137742766642538234742106439439884599569264538744781544898210513862425972E-15	9.8100004196166992187499999999999264367730939100049372217440446946498467138965149	-0E-17	1.2013786137742766642538234742106439439884599569264538744781544898210513862425972E-15	29.430001258850097656249999999999926436773093910004937221744044694649846713896515	0E-17	1.2013785099635534962374625128986825646898714803952099204840055115435132610586273E-15	9.8099999999999999999999999999999264367826604358813847382779056744061258357367983	-0E-29
axis_z_reverse_q_far	axis_z_reverse_q_far.judas	axis_z_reverse	1	far	9.81000042	6.12323426e-17	0	0	1	1.2013786137742766642538234742106439439884599569264538744781544898210513862425972E-15	9.8100004196166992187499999999999264367730939100049372217440446946498467138965149	-0E-17	1.2013786137742766642538234742106439439884599569264538744781544898210513862425972E-15	29.430001258850097656249999999999926436773093910004937221744044694649846713896515	0E-17	1.2013785099635534962374625128986825646898714803952099204840055115435132610586273E-15	9.8099999999999999999999999999999264367826604358813847382779056744061258357367983	-0E-29
axis_z_reverse_minus_q_near	axis_z_reverse_minus_q_near.judas	axis_z_reverse	-1	near	9.81000042	-6.12323426e-17	-0	-0	-1	1.2013786137742766642538234742106439439884599569264538744781544898210513862425972E-15	9.8100004196166992187499999999999264367730939100049372217440446946498467138965149	-0E-17	1.2013786137742766642538234742106439439884599569264538744781544898210513862425972E-15	29.430001258850097656249999999999926436773093910004937221744044694649846713896515	0E-17	1.2013785099635534962374625128986825646898714803952099204840055115435132610586273E-15	9.8099999999999999999999999999999264367826604358813847382779056744061258357367983	-0E-29
axis_z_reverse_minus_q_far	axis_z_reverse_minus_q_far.judas	axis_z_reverse	-1	far	9.81000042	-6.12323426e-17	-0	-0	-1	1.2013786137742766642538234742106439439884599569264538744781544898210513862425972E-15	9.8100004196166992187499999999999264367730939100049372217440446946498467138965149	-0E-17	1.2013786137742766642538234742106439439884599569264538744781544898210513862425972E-15	29.430001258850097656249999999999926436773093910004937221744044694649846713896515	0E-17	1.2013785099635534962374625128986825646898714803952099204840055115435132610586273E-15	9.8099999999999999999999999999999264367826604358813847382779056744061258357367983	-0E-29
axis_y_yaw_q_near	axis_y_yaw_q_near.judas	axis_y_yaw	1	near	9.81000042	0.707106769	0	0.707106769	0	0E+4	-9.81000041961669921875	-0E+4	0E+4	9.81000041961669921875	0E+4	0E+25	-9.8100000000000000000000000000000000000000000000000000000000000000000000000000000	-0E+25
axis_y_yaw_q_far	axis_y_yaw_q_far.judas	axis_y_yaw	1	far	9.81000042	0.707106769	0	0.707106769	0	0E+4	-9.81000041961669921875	-0E+4	0E+4	9.81000041961669921875	0E+4	0E+25	-9.8100000000000000000000000000000000000000000000000000000000000000000000000000000	-0E+25
axis_y_yaw_minus_q_near	axis_y_yaw_minus_q_near.judas	axis_y_yaw	-1	near	9.81000042	-0.707106769	-0	-0.707106769	-0	0E+4	-9.81000041961669921875	-0E+4	0E+4	9.81000041961669921875	0E+4	0E+25	-9.8100000000000000000000000000000000000000000000000000000000000000000000000000000	-0E+25
axis_y_yaw_minus_q_far	axis_y_yaw_minus_q_far.judas	axis_y_yaw	-1	far	9.81000042	-0.707106769	-0	-0.707106769	-0	0E+4	-9.81000041961669921875	-0E+4	0E+4	9.81000041961669921875	0E+4	0E+25	-9.8100000000000000000000000000000000000000000000000000000000000000000000000000000	-0E+25
arbitrary_default_q_near	arbitrary_default_q_near.judas	arbitrary_default	1	near	9.81000042	0.934123755	0.0953987092	0.190797418	-0.286196142	-5.6023822622220132952759508054127003153487943811161048256376063227965146603390321	-8.0244008862114348812348649197205648162234467317118038964163600673676874559487739	-0.67706102988512779900583922058993668925436986106535729139453415454859925106474113	5.6023822622220132952759508054127003153487943811161048256376063227965146603390321	11.595599953021963556265135080279435183776553268288196103583639932632312544051226	2.8197803807207429126823335877634805032527826326906511264502306556201294278060950	-5.6023818867269422637013006915955532294002081899099625448707379743214501454827270	-8.0244006335736993302663226150292274469785675671961906797229576922571539735448517	-0.67706105129144700757566362044218135679156049092865645735928384239999508319270814
arbitrary_default_q_far	arbitrary_default_q_far.judas	arbitrary_default	1	far	9.81000042	0.934123755	0.0953987092	0.190797418	-0.286196142	-5.6023822622220132952759508054127003153487943811161048256376063227965146603390321	-8.0244008862114348812348649197205648162234467317118038964163600673676874559487739	-0.67706102988512779900583922058993668925436986106535729139453415454859925106474113	5.6023822622220132952759508054127003153487943811161048256376063227965146603390321	11.595599953021963556265135080279435183776553268288196103583639932632312544051226	2.8197803807207429126823335877634805032527826326906511264502306556201294278060950	-5.6023818867269422637013006915955532294002081899099625448707379743214501454827270	-8.0244006335736993302663226150292274469785675671961906797229576922571539735448517	-0.67706105129144700757566362044218135679156049092865645735928384239999508319270814
arbitrary_default_minus_q_near	arbitrary_default_minus_q_near.judas	arbitrary_default	-1	near	9.81000042	-0.934123755	-0.0953987092	-0.190797418	0.286196142	-5.6023822622220132952759508054127003153487943811161048256376063227965146603390321	-8.0244008862114348812348649197205648162234467317118038964163600673676874559487739	-0.67706102988512779900583922058993668925436986106535729139453415454859925106474113	5.6023822622220132952759508054127003153487943811161048256376063227965146603390321	11.595599953021963556265135080279435183776553268288196103583639932632312544051226	2.8197803807207429126823335877634805032527826326906511264502306556201294278060950	-5.6023818867269422637013006915955532294002081899099625448707379743214501454827270	-8.0244006335736993302663226150292274469785675671961906797229576922571539735448517	-0.67706105129144700757566362044218135679156049092865645735928384239999508319270814
arbitrary_default_minus_q_far	arbitrary_default_minus_q_far.judas	arbitrary_default	-1	far	9.81000042	-0.934123755	-0.0953987092	-0.190797418	0.286196142	-5.6023822622220132952759508054127003153487943811161048256376063227965146603390321	-8.0244008862114348812348649197205648162234467317118038964163600673676874559487739	-0.67706102988512779900583922058993668925436986106535729139453415454859925106474113	5.6023822622220132952759508054127003153487943811161048256376063227965146603390321	11.595599953021963556265135080279435183776553268288196103583639932632312544051226	2.8197803807207429126823335877634805032527826326906511264502306556201294278060950	-5.6023818867269422637013006915955532294002081899099625448707379743214501454827270	-8.0244006335736993302663226150292274469785675671961906797229576922571539735448517	-0.67706105129144700757566362044218135679156049092865645735928384239999508319270814
arbitrary_3_7_q_near	arbitrary_3_7_q_near.judas	arbitrary_3_7	1	near	3.70000005	0.934123755	0.0953987092	0.190797418	-0.286196142	-2.1130289246382905393079147589427691959848827763451606542868555420433988211186530	-3.0265323538870585249844621105568647569479558529238527129115068203866320203650245	-0.25536449905245162164452460762509934678870048114698968737261670028453033953647463	2.1130289246382905393079147589427691959848827763451606542868555420433988211186530	4.3734677414803731156405378894431352430520441470761472870884931796133679796349755	1.0635256979460970663044393628299562716756064245086308258961803006589300387180018	-2.1130288461661250128129268663510241538002823957866321524996667181436662118538318	-3.0265323490543004609567169903779960809195412842635989311901063671102415598487208	-0.25536451475824199062486803217493078696521649504954422958505099050764340548552703
arbitrary_3_7_q_far	arbitrary_3_7_q_far.judas	arbitrary_3_7	1	far	3.70000005	0.934123755	0.0953987092	0.190797418	-0.286196142	-2.1130289246382905393079147589427691959848827763451606542868555420433988211186530	-3.0265323538870585249844621105568647569479558529238527129115068203866320203650245	-0.25536449905245162164452460762509934678870048114698968737261670028453033953647463	2.1130289246382905393079147589427691959848827763451606542868555420433988211186530	4.3734677414803731156405378894431352430520441470761472870884931796133679796349755	1.0635256979460970663044393628299562716756064245086308258961803006589300387180018	-2.1130288461661250128129268663510241538002823957866321524996667181436662118538318	-3.0265323490543004609567169903779960809195412842635989311901063671102415598487208	-0.25536451475824199062486803217493078696521649504954422958505099050764340548552703
arbitrary_3_7_minus_q_near	arbitrary_3_7_minus_q_near.judas	arbitrary_3_7	-1	near	3.70000005	-0.934123755	-0.0953987092	-0.190797418	0.286196142	-2.1130289246382905393079147589427691959848827763451606542868555420433988211186530	-3.0265323538870585249844621105568647569479558529238527129115068203866320203650245	-0.25536449905245162164452460762509934678870048114698968737261670028453033953647463	2.1130289246382905393079147589427691959848827763451606542868555420433988211186530	4.3734677414803731156405378894431352430520441470761472870884931796133679796349755	1.0635256979460970663044393628299562716756064245086308258961803006589300387180018	-2.1130288461661250128129268663510241538002823957866321524996667181436662118538318	-3.0265323490543004609567169903779960809195412842635989311901063671102415598487208	-0.25536451475824199062486803217493078696521649504954422958505099050764340548552703
arbitrary_3_7_minus_q_far	arbitrary_3_7_minus_q_far.judas	arbitrary_3_7	-1	far	3.70000005	-0.934123755	-0.0953987092	-0.190797418	0.286196142	-2.1130289246382905393079147589427691959848827763451606542868555420433988211186530	-3.0265323538870585249844621105568647569479558529238527129115068203866320203650245	-0.25536449905245162164452460762509934678870048114698968737261670028453033953647463	2.1130289246382905393079147589427691959848827763451606542868555420433988211186530	4.3734677414803731156405378894431352430520441470761472870884931796133679796349755	1.0635256979460970663044393628299562716756064245086308258961803006589300387180018	-2.1130288461661250128129268663510241538002823957866321524996667181436662118538318	-3.0265323490543004609567169903779960809195412842635989311901063671102415598487208	-0.25536451475824199062486803217493078696521649504954422958505099050764340548552703
arbitrary_zero_q_near	arbitrary_zero_q_near.judas	arbitrary_zero	1	near	0	0.934123755	0.0953987092	0.190797418	-0.286196142	-0E+1	-0	0E+2	0E+1	0E-79	0E+2	-0.0	-0.0	0.00
arbitrary_zero_q_far	arbitrary_zero_q_far.judas	arbitrary_zero	1	far	0	0.934123755	0.0953987092	0.190797418	-0.286196142	-0E+1	-0	0E+2	0E+1	0E-79	0E+2	-0.0	-0.0	0.00
arbitrary_zero_minus_q_near	arbitrary_zero_minus_q_near.judas	arbitrary_zero	-1	near	0	-0.934123755	-0.0953987092	-0.190797418	0.286196142	-0E+1	-0	0E+2	0E+1	0E-79	0E+2	-0.0	-0.0	0.00
arbitrary_zero_minus_q_far	arbitrary_zero_minus_q_far.judas	arbitrary_zero	-1	far	0	-0.934123755	-0.0953987092	-0.190797418	0.286196142	-0E+1	-0	0E+2	0E+1	0E-79	0E+2	-0.0	-0.0	0.00
arbitrary_nonunit_q_near	arbitrary_nonunit_q_near.judas	arbitrary_nonunit	1	near	9.81000042	2.91913676	0.298120975	0.596241951	-0.894362926	-5.6023821322126462728948267190677514157112103653163473259395165378985043560094442	-8.0244009727918140754254063015477297897453170882622725683904215804125944767985120	-0.67706107952095866208187977405440366506728151394696415424011989957456443653548943	5.6023821322126462728948267190677514157112103653163473259395165378985043560094442	11.595599866441584362074593698452270210254682911737727431609578419587405523201488	2.8197804157108208340713922121971279173729010080322370721716140030794510643772750	-5.6023818867269422699194560699165561941979714369136861992894407468434877375968850	-8.0244006335736993252562972086374841869772502252601416324668313388682613405871091	-0.67706105129144701550104933665745515125365282521122046579060939324500352614656648
arbitrary_nonunit_q_far	arbitrary_nonunit_q_far.judas	arbitrary_nonunit	1	far	9.81000042	2.91913676	0.298120975	0.596241951	-0.894362926	-5.6023821322126462728948267190677514157112103653163473259395165378985043560094442	-8.0244009727918140754254063015477297897453170882622725683904215804125944767985120	-0.67706107952095866208187977405440366506728151394696415424011989957456443653548943	5.6023821322126462728948267190677514157112103653163473259395165378985043560094442	11.595599866441584362074593698452270210254682911737727431609578419587405523201488	2.8197804157108208340713922121971279173729010080322370721716140030794510643772750	-5.6023818867269422699194560699165561941979714369136861992894407468434877375968850	-8.0244006335736993252562972086374841869772502252601416324668313388682613405871091	-0.67706105129144701550104933665745515125365282521122046579060939324500352614656648
arbitrary_nonunit_minus_q_near	arbitrary_nonunit_minus_q_near.judas	arbitrary_nonunit	-1	near	9.81000042	-2.91913676	-0.298120975	-0.596241951	0.894362926	-5.6023821322126462728948267190677514157112103653163473259395165378985043560094442	-8.0244009727918140754254063015477297897453170882622725683904215804125944767985120	-0.67706107952095866208187977405440366506728151394696415424011989957456443653548943	5.6023821322126462728948267190677514157112103653163473259395165378985043560094442	11.595599866441584362074593698452270210254682911737727431609578419587405523201488	2.8197804157108208340713922121971279173729010080322370721716140030794510643772750	-5.6023818867269422699194560699165561941979714369136861992894407468434877375968850	-8.0244006335736993252562972086374841869772502252601416324668313388682613405871091	-0.67706105129144701550104933665745515125365282521122046579060939324500352614656648
arbitrary_nonunit_minus_q_far	arbitrary_nonunit_minus_q_far.judas	arbitrary_nonunit	-1	far	9.81000042	-2.91913676	-0.298120975	-0.596241951	0.894362926	-5.6023821322126462728948267190677514157112103653163473259395165378985043560094442	-8.0244009727918140754254063015477297897453170882622725683904215804125944767985120	-0.67706107952095866208187977405440366506728151394696415424011989957456443653548943	5.6023821322126462728948267190677514157112103653163473259395165378985043560094442	11.595599866441584362074593698452270210254682911737727431609578419587405523201488	2.8197804157108208340713922121971279173729010080322370721716140030794510643772750	-5.6023818867269422699194560699165561941979714369136861992894407468434877375968850	-8.0244006335736993252562972086374841869772502252601416324668313388682613405871091	-0.67706105129144701550104933665745515125365282521122046579060939324500352614656648
