step,centroid_x,centroid_y,centroid_z,mean_particle_speed
0,-3.7834979593753815e-09,2.4981832504272461,-4.3422914153268266e-09,0.86232829093933105
1,-3.7834979593753815e-09,2.4981832504272461,-4.3422914153268266e-09,0.86232829093933105
2,-9.359792052521243e-09,2.4861118793487549,-1.1397060184492602e-08,0.91926693916320801
3,-9.359792052521243e-09,2.4861118793487549,-1.1397060184492602e-08,0.91926693916320801
4,-1.6461125795785847e-08,2.4645400047302246,-1.9045547361429271e-08,1.0679993629455566
5,-1.6461125795785847e-08,2.4645400047302246,-1.9045547361429271e-08,1.0679993629455566
6,-2.3737083409969273e-08,2.4334766864776611,-2.6554335619266567e-08,1.2824541330337524
7,-2.3737083409969273e-08,2.4334766864776611,-2.6554335619266567e-08,1.2824541330337524
8,-3.7776771932840347e-08,2.3930263519287109,-1.2503005741848483e-08,1.4518698453903198
9,-3.7776771932840347e-08,2.3930263519287109,-1.2503005741848483e-08,1.4518698453903198
10,-4.5623163913433018e-08,2.3436377048492432,-1.2735836385502353e-08,1.6980186700820923
11,-4.5623163913433018e-08,2.3436377048492432,-1.2735836385502353e-08,1.6980186700820923
12,-5.1222741603851318e-08,2.2854714393615723,-1.2107193470001221e-08,1.9186109304428101
13,-5.1222741603851318e-08,2.2854714393615723,-1.2107193470001221e-08,1.9186109304428101
14,-5.1688402891159058e-08,2.2192296981811523,-1.0919757542637853e-08,2.1268365383148193
15,-5.1688402891159058e-08,2.2192296981811523,-1.0919757542637853e-08,2.1268365383148193
16,-3.7864083424210548e-08,2.1481618881225586,-1.6088597121211023e-08,2.296684741973877
17,-3.7864083424210548e-08,2.1481618881225586,-1.6088597121211023e-08,2.296684741973877
18,-9.0338287961344577e-09,2.072796106338501,-9.9185850643834783e-09,2.463770866394043
19,-9.0338287961344577e-09,2.072796106338501,-9.9185850643834783e-09,2.463770866394043
20,6.7520888880068242e-10,1.9966757297515869,-1.7363344539944592e-08,2.5520954132080078
21,6.7520888880068242e-10,1.9966757297515869,-1.7363344539944592e-08,2.5520954132080078
22,3.345776278251833e-08,1.9209489822387695,-1.4423858551992907e-08,2.5568773746490479
23,3.345776278251833e-08,1.9209489822387695,-1.4423858551992907e-08,2.5568773746490479
24,4.2450846393649044e-08,1.8489093780517578,-3.0262164329997177e-08,2.534106969833374
25,4.2450846393649044e-08,1.8489093780517578,-3.0262164329997177e-08,2.534106969833374
26,2.3184110631291333e-08,1.7826299667358398,-2.4962355738011865e-08,2.4344098567962646
27,2.3184110631291333e-08,1.7826299667358398,-2.4962355738011865e-08,2.4344098567962646
28,-8.2443875726312399e-08,1.7235161066055298,1.8437276594340801e-08,2.2939753532409668
29,-8.2443875726312399e-08,1.7235161066055298,1.8437276594340801e-08,2.2939753532409668
30,-2.8134383001088281e-07,1.6741448640823364,3.0543887419298699e-07,2.1271822452545166
31,-2.8134383001088281e-07,1.6741448640823364,3.0543887419298699e-07,2.1271822452545166
32,-2.370143192820251e-07,1.6346272230148315,6.2446633819490671e-07,1.909995436668396
33,-2.370143192820251e-07,1.6346272230148315,6.2446633819490671e-07,1.909995436668396
34,-2.5917250923157553e-07,1.6020743846893311,2.4092733497127483e-07,1.6643794775009155
35,-2.5917250923157553e-07,1.6020743846893311,2.4092733497127483e-07,1.6643794775009155
36,7.9780295436648885e-07,1.5756498575210571,-2.9053219350316795e-06,1.4290571212768555
37,7.9780295436648885e-07,1.5756498575210571,-2.9053219350316795e-06,1.4290571212768555
38,-3.1557167403661879e-06,1.5578882694244385,1.3434735137707321e-06,1.1771395206451416
39,-3.1557167403661879e-06,1.5578882694244385,1.3434735137707321e-06,1.1771395206451416
40,-9.6094390755752102e-06,1.5518701076507568,5.4642819122818764e-06,0.93310457468032837
41,-9.6094390755752102e-06,1.5518701076507568,5.4642819122818764e-06,0.93310457468032837
42,3.1954230053088395e-06,1.5588058233261108,-7.7617414717678912e-06,0.7558777928352356
43,3.1954230053088395e-06,1.5588058233261108,-7.7617414717678912e-06,0.7558777928352356
44,-9.8702905233949423e-05,1.57246994972229,-1.3743076124228537e-05,0.66606438159942627
45,-9.8702905233949423e-05,1.57246994972229,-1.3743076124228537e-05,0.66606438159942627
46,-2.6782336135511287e-05,1.5843019485473633,3.1575313187204301e-05,0.52721536159515381
47,-2.6782336135511287e-05,1.5843019485473633,3.1575313187204301e-05,0.52721536159515381
48,2.3943868654896505e-05,1.5897641181945801,6.4743122493382543e-05,0.38227057456970215
49,2.3943868654896505e-05,1.5897641181945801,6.4743122493382543e-05,0.38227057456970215
50,3.2859716156963259e-05,1.5884615182876587,7.0570684329140931e-05,0.35704159736633301
51,3.2859716156963259e-05,1.5884615182876587,7.0570684329140931e-05,0.35704159736633301
52,3.9033417124301195e-05,1.5827717781066895,6.3233346736524254e-05,0.39486539363861084
53,3.9033417124301195e-05,1.5827717781066895,6.3233346736524254e-05,0.39486539363861084
54,1.626039738766849e-05,1.5759725570678711,4.4460717617766932e-05,0.39744243025779724
55,1.626039738766849e-05,1.5759725570678711,4.4460717617766932e-05,0.39744243025779724
56,3.9745473259245045e-06,1.5709167718887329,4.025676753371954e-05,0.38892248272895813
57,3.9745473259245045e-06,1.5709167718887329,4.025676753371954e-05,0.38892248272895813
58,2.2796666598878801e-06,1.5689162015914917,3.757132071768865e-05,0.37585008144378662
59,2.2796666598878801e-06,1.5689162015914917,3.757132071768865e-05,0.37585008144378662
60,-2.2583877580473199e-05,1.5696495771408081,3.9518548874184489e-05,0.37438806891441345
61,-2.2583877580473199e-05,1.5696495771408081,3.9518548874184489e-05,0.37438806891441345
62,2.359541213081684e-05,1.5719560384750366,4.6835179091431201e-05,0.34852266311645508
63,2.359541213081684e-05,1.5719560384750366,4.6835179091431201e-05,0.34852266311645508
64,4.0904442357714288e-06,1.5744360685348511,8.0449812230654061e-05,0.29758170247077942
65,4.0904442357714288e-06,1.5744360685348511,8.0449812230654061e-05,0.29758170247077942
66,-2.4848384327924578e-06,1.5757981538772583,0.00010222390847047791,0.25786685943603516
67,-2.4848384327924578e-06,1.5757981538772583,0.00010222390847047791,0.25786685943603516
68,3.7882477954553906e-06,1.5754611492156982,0.00014182615268509835,0.23550337553024292
69,3.7882477954553906e-06,1.5754611492156982,0.00014182615268509835,0.23550337553024292
70,2.1359368474804796e-05,1.573683500289917,0.00016065935778897256,0.23433546721935272
71,2.1359368474804796e-05,1.573683500289917,0.00016065935778897256,0.23433546721935272
72,3.7774585507577285e-05,1.5715206861495972,0.00016611511819064617,0.24021610617637634
73,3.7774585507577285e-05,1.5715206861495972,0.00016611511819064617,0.24021610617637634
74,7.3902512667700648e-05,1.5701199769973755,0.0001684977178229019,0.24626070261001587
75,7.3902512667700648e-05,1.5701199769973755,0.0001684977178229019,0.24626070261001587
76,9.0965972049161792e-05,1.5700775384902954,0.00013032884453423321,0.25012677907943726
77,9.0965972049161792e-05,1.5700775384902954,0.00013032884453423321,0.25012677907943726
78,9.2743794084526598e-05,1.5710675716400146,0.00011602115409914404,0.24291080236434937
79,9.2743794084526598e-05,1.5710675716400146,0.00011602115409914404,0.24291080236434937
80,9.9286349723115563e-05,1.5723053216934204,0.00014891612227074802,0.22414228320121765
81,9.9286349723115563e-05,1.5723053216934204,0.00014891612227074802,0.22414228320121765
82,0.00012730447633657604,1.5727881193161011,0.00015481562877539545,0.19646364450454712
83,0.00012730447633657604,1.5727881193161011,0.00015481562877539545,0.19646364450454712
84,0.00012490391964092851,1.5719388723373413,0.0001919767091749236,0.17697705328464508
85,0.00012490391964092851,1.5719388723373413,0.0001919767091749236,0.17697705328464508
86,9.3076319899410009e-05,1.5699048042297363,0.00023107472225092351,0.17092543840408325
87,9.3076319899410009e-05,1.5699048042297363,0.00023107472225092351,0.17092543840408325
88,4.9040725571103394e-05,1.5674196481704712,0.00028257971280254424,0.16938689351081848
89,4.9040725571103394e-05,1.5674196481704712,0.00028257971280254424,0.16938689351081848
90,-8.3768891272484325e-06,1.5652077198028564,0.00033118214923888445,0.16644616425037384
91,-8.3768891272484325e-06,1.5652077198028564,0.00033118214923888445,0.16644616425037384
92,-6.3569961639586836e-05,1.5636632442474365,0.00036078612902201712,0.16384263336658478
93,-6.3569961639586836e-05,1.5636632442474365,0.00036078612902201712,0.16384263336658478
94,-9.8715514468494803e-05,1.5625685453414917,0.00039267388638108969,0.1641218364238739
95,-9.8715514468494803e-05,1.5625685453414917,0.00039267388638108969,0.1641218364238739
96,-0.00010818357986863703,1.5614744424819946,0.00040332906064577401,0.17938123643398285
97,-0.00010818357986863703,1.5614744424819946,0.00040332906064577401,0.17938123643398285
98,-0.00012703398533631116,1.5600887537002563,0.00037438410799950361,0.17885021865367889
99,-0.00012703398533631116,1.5600887537002563,0.00037438410799950361,0.17885021865367889
100,-0.00011178170825587586,1.5585393905639648,0.00035039405338466167,0.1791340708732605
101,-0.00011178170825587586,1.5585393905639648,0.00035039405338466167,0.1791340708732605
102,-0.00012092568067600951,1.5571219921112061,0.00038266938645392656,0.1831442266702652
103,-0.00012092568067600951,1.5571219921112061,0.00038266938645392656,0.1831442266702652
104,-0.00018722396634984761,1.5563338994979858,0.00037568210973404348,0.17602851986885071
105,-0.00018722396634984761,1.5563338994979858,0.00037568210973404348,0.17602851986885071
106,-0.00018603200442157686,1.5561578273773193,0.00041481110383756459,0.18035440146923065
107,-0.00018603200442157686,1.5561578273773193,0.00041481110383756459,0.18035440146923065
108,-0.00012381142005324364,1.5563958883285522,0.0004390000831335783,0.17859436571598053
109,-0.00012381142005324364,1.5563958883285522,0.0004390000831335783,0.17859436571598053
110,-0.00014876684872433543,1.5567559003829956,0.0004825635114684701,0.16808612644672394
111,-0.00014876684872433543,1.5567559003829956,0.0004825635114684701,0.16808612644672394
112,-0.00022980707581155002,1.5566897392272949,0.0006042405148036778,0.16315436363220215
113,-0.00022980707581155002,1.5566897392272949,0.0006042405148036778,0.16315436363220215
114,-0.00026617990806698799,1.5563381910324097,0.00067622546339407563,0.149500772356987
115,-0.00026617990806698799,1.5563381910324097,0.00067622546339407563,0.149500772356987
116,-0.00024080243019852787,1.5559861660003662,0.00071608542930334806,0.13742847740650177
117,-0.00024080243019852787,1.5559861660003662,0.00071608542930334806,0.13742847740650177
118,-0.00018748971342574805,1.5556669235229492,0.00071752001531422138,0.12807571887969971
119,-0.00018748971342574805,1.5556669235229492,0.00071752001531422138,0.12807571887969971
120,-0.00015775051724631339,1.5554969310760498,0.00071778811980038881,0.12045753002166748
121,-0.00015775051724631339,1.5554969310760498,0.00071778811980038881,0.12045753002166748
122,-0.00011623174214037135,1.5555734634399414,0.00068833737168461084,0.11394032835960388
123,-0.00011623174214037135,1.5555734634399414,0.00068833737168461084,0.11394032835960388
124,-8.8495660747867078e-05,1.5558458566665649,0.00064555928111076355,0.11054407060146332
125,-8.8495660747867078e-05,1.5558458566665649,0.00064555928111076355,0.11054407060146332
126,-5.9875863371416926e-05,1.5561892986297607,0.00059327634517103434,0.10834657400846481
127,-5.9875863371416926e-05,1.5561892986297607,0.00059327634517103434,0.10834657400846481
128,-0.00011245545465499163,1.556540846824646,0.0005875597707927227,0.10649941116571426
129,-0.00011245545465499163,1.556540846824646,0.0005875597707927227,0.10649941116571426
130,-0.00018871374777518213,1.5567827224731445,0.00059633434284478426,0.10463843494653702
131,-0.00018871374777518213,1.5567827224731445,0.00059633434284478426,0.10463843494653702
132,-0.00024871475761756301,1.5569221973419189,0.0006098839221522212,0.10243383049964905
133,-0.00024871475761756301,1.5569221973419189,0.0006098839221522212,0.10243383049964905
134,-0.00034844892797991633,1.5569820404052734,0.00060526782181113958,0.098428443074226379
135,-0.00034844892797991633,1.5569820404052734,0.00060526782181113958,0.098428443074226379
136,-0.00045688726822845638,1.5570248365402222,0.00059224583674222231,0.096622586250305176
137,-0.00045688726822845638,1.5570248365402222,0.00059224583674222231,0.096622586250305176
138,-0.0005592282977886498,1.557119607925415,0.00058032933156937361,0.093683399260044098
139,-0.0005592282977886498,1.557119607925415,0.00058032933156937361,0.093683399260044098
140,-0.00069145322777330875,1.5572745800018311,0.00055443489691242576,0.091442123055458069
141,-0.00069145322777330875,1.5572745800018311,0.00055443489691242576,0.091442123055458069
142,-0.00082829612074419856,1.5574398040771484,0.00052431627409532666,0.09342338889837265
143,-0.00082829612074419856,1.5574398040771484,0.00052431627409532666,0.09342338889837265
144,-0.00097784760873764753,1.5575611591339111,0.00052288989536464214,0.091280177235603333
145,-0.00097784760873764753,1.5575611591339111,0.00052288989536464214,0.091280177235603333
146,-0.00110164366196841,1.5575990676879883,0.00054230599198490381,0.086603067815303802
147,-0.00110164366196841,1.5575990676879883,0.00054230599198490381,0.086603067815303802
148,-0.0011976341484114528,1.5575176477432251,0.00059065752429887652,0.083988755941390991
149,-0.0011976341484114528,1.5575176477432251,0.00059065752429887652,0.083988755941390991
150,-0.001257964177057147,1.5573278665542603,0.00064693699823692441,0.085648581385612488
151,-0.001257964177057147,1.5573278665542603,0.00064693699823692441,0.085648581385612488
152,-0.0013074068119749427,1.5571049451828003,0.00067176308948546648,0.085664734244346619
153,-0.0013074068119749427,1.5571049451828003,0.00067176308948546648,0.085664734244346619
154,-0.0013630357570946217,1.5569429397583008,0.0006778776878491044,0.087970778346061707
155,-0.0013630357570946217,1.5569429397583008,0.0006778776878491044,0.087970778346061707
156,-0.001361106289550662,1.5569238662719727,0.00066822057124227285,0.087731301784515381
157,-0.001361106289550662,1.5569238662719727,0.00066822057124227285,0.087731301784515381
158,-0.0013107123086228967,1.5569427013397217,0.00067718367790803313,0.088732965290546417
159,-0.0013107123086228967,1.5569427013397217,0.00067718367790803313,0.088732965290546417
160,-0.0012181203346699476,1.5569640398025513,0.00067562848562374711,0.086476564407348633
161,-0.0012181203346699476,1.5569640398025513,0.00067562848562374711,0.086476564407348633
162,-0.0011188688222318888,1.5569626092910767,0.00070437008980661631,0.081715300679206848
163,-0.0011188688222318888,1.5569626092910767,0.00070437008980661631,0.081715300679206848
164,-0.001012960565276444,1.5568521022796631,0.00070485530886799097,0.076197348535060883
165,-0.001012960565276444,1.5568521022796631,0.00070485530886799097,0.076197348535060883
166,-0.00092632282758131623,1.5566914081573486,0.00070126348873600364,0.073155425488948822
167,-0.00092632282758131623,1.5566914081573486,0.00070126348873600364,0.073155425488948822
168,-0.00083018961595371366,1.5566033124923706,0.00071525940438732505,0.070090658962726593
169,-0.00083018961595371366,1.5566033124923706,0.00071525940438732505,0.070090658962726593
170,-0.00071988091804087162,1.5565959215164185,0.00070658035110682249,0.068819515407085419
171,-0.00071988091804087162,1.5565959215164185,0.00070658035110682249,0.068819515407085419
172,-0.00061352067859843373,1.5566254854202271,0.00068956537870690227,0.069502227008342743
173,-0.00061352067859843373,1.5566254854202271,0.00068956537870690227,0.069502227008342743
174,-0.00053117878269404173,1.5566796064376831,0.00067254976602271199,0.070101097226142883
175,-0.00053117878269404173,1.5566796064376831,0.00067254976602271199,0.070101097226142883
176,-0.00048545375466346741,1.5567376613616943,0.00063907960429787636,0.071559436619281769
177,-0.00048545375466346741,1.5567376613616943,0.00063907960429787636,0.071559436619281769
178,-0.00044352258555591106,1.5568026304244995,0.00062224874272942543,0.070856161415576935
179,-0.00044352258555591106,1.5568026304244995,0.00062224874272942543,0.070856161415576935
180,-0.00041056441841647029,1.556827187538147,0.00058737571816891432,0.069055184721946716
181,-0.00041056441841647029,1.556827187538147,0.00058737571816891432,0.069055184721946716
182,-0.00039815789205022156,1.5568441152572632,0.00054573797388002276,0.069230146706104279
183,-0.00039815789205022156,1.5568441152572632,0.00054573797388002276,0.069230146706104279
184,-0.00037884589983150363,1.5568801164627075,0.00050771440146490932,0.068589165806770325
185,-0.00037884589983150363,1.5568801164627075,0.00050771440146490932,0.068589165806770325
186,-0.00036631588591262698,1.5569013357162476,0.00044345439528115094,0.067300722002983093
187,-0.00036631588591262698,1.5569013357162476,0.00044345439528115094,0.067300722002983093
188,-0.00035485302214510739,1.5569126605987549,0.00038881151704117656,0.067917659878730774
189,-0.00035485302214510739,1.5569126605987549,0.00038881151704117656,0.067917659878730774
190,-0.00035224607563577592,1.556928277015686,0.00034190714359283447,0.066191606223583221
191,-0.00035224607563577592,1.556928277015686,0.00034190714359283447,0.066191606223583221
192,-0.00031127152033150196,1.5569335222244263,0.00029363733483478427,0.063582055270671844
193,-0.00031127152033150196,1.5569335222244263,0.00029363733483478427,0.063582055270671844
194,-0.00028925412334501743,1.5569474697113037,0.00024353762273676693,0.065074846148490906
195,-0.00028925412334501743,1.5569474697113037,0.00024353762273676693,0.065074846148490906
196,-0.00024333003966603428,1.5569555759429932,0.00020107244199607521,0.061815686523914337
197,-0.00024333003966603428,1.5569555759429932,0.00020107244199607521,0.061815686523914337
198,-0.0002048823080258444,1.5569251775741577,0.0001457940525142476,0.057929970324039459
199,-0.0002048823080258444,1.5569251775741577,0.0001457940525142476,0.057929970324039459
200,-0.00016565446276217699,1.5569334030151367,0.00012101484753657132,0.056900501251220703
201,-0.00016565446276217699,1.5569334030151367,0.00012101484753657132,0.056900501251220703
202,-0.00010292133811162785,1.5569634437561035,8.5221618064679205e-05,0.05382077768445015
203,-0.00010292133811162785,1.5569634437561035,8.5221618064679205e-05,0.05382077768445015
204,-5.4759078921051696e-05,1.5569627285003662,4.723265374195762e-05,0.051902789622545242
205,-5.4759078921051696e-05,1.5569627285003662,4.723265374195762e-05,0.051902789622545242
206,-1.438218623661669e-05,1.5569155216217041,2.7104892069473863e-05,0.050295230001211166
207,-1.438218623661669e-05,1.5569155216217041,2.7104892069473863e-05,0.050295230001211166
208,4.4837073801318184e-05,1.5568290948867798,-2.443191988277249e-06,0.048339616507291794
209,4.4837073801318184e-05,1.5568290948867798,-2.443191988277249e-06,0.048339616507291794
210,0.00010504254896659404,1.5567107200622559,-1.3006916560698301e-05,0.049319975078105927
211,0.00010504254896659404,1.5567107200622559,-1.3006916560698301e-05,0.049319975078105927
212,0.00015500889276154339,1.5565950870513916,-1.1580536011024378e-05,0.052113097161054611
213,0.00015500889276154339,1.5565950870513916,-1.1580536011024378e-05,0.052113097161054611
214,0.00017801807553041726,1.5565125942230225,1.282806465496833e-06,0.054254002869129181
215,0.00017801807553041726,1.5565125942230225,1.282806465496833e-06,0.054254002869129181
216,0.0001891129941213876,1.5565083026885986,4.6179316996131092e-05,0.05075555294752121
217,0.0001891129941213876,1.5565083026885986,4.6179316996131092e-05,0.05075555294752121
218,0.0002046775771304965,1.5565283298492432,7.0857800892554224e-05,0.051895581185817719
219,0.0002046775771304965,1.5565283298492432,7.0857800892554224e-05,0.051895581185817719
220,0.00022005372738931328,1.5565392971038818,0.00010442856000736356,0.053732890635728836
221,0.00022005372738931328,1.5565392971038818,0.00010442856000736356,0.053732890635728836
222,0.00024561182362958789,1.5565446615219116,0.00016193150077015162,0.054015852510929108
223,0.00024561182362958789,1.5565446615219116,0.00016193150077015162,0.054015852510929108
224,0.00027751765446737409,1.5565159320831299,0.00018754487973637879,0.051915701478719711
225,0.00027751765446737409,1.5565159320831299,0.00018754487973637879,0.051915701478719711
226,0.00030647663515992463,1.5565210580825806,0.00022502409410662949,0.053891383111476898
227,0.00030647663515992463,1.5565210580825806,0.00022502409410662949,0.053891383111476898
228,0.00034331105416640639,1.5565202236175537,0.00026191890356130898,0.049726944416761398
229,0.00034331105416640639,1.5565202236175537,0.00026191890356130898,0.049726944416761398
230,0.00036099337739869952,1.5565119981765747,0.00027798043447546661,0.046644020825624466
231,0.00036099337739869952,1.5565119981765747,0.00027798043447546661,0.046644020825624466
232,0.00038837656029500067,1.5565249919891357,0.0002947456669062376,0.048126619309186935
233,0.00038837656029500067,1.5565249919891357,0.0002947456669062376,0.048126619309186935
234,0.00042955364915542305,1.5565335750579834,0.00030695655732415617,0.04913286492228508
235,0.00042955364915542305,1.5565335750579834,0.00030695655732415617,0.04913286492228508
236,0.00043709608144126832,1.556551456451416,0.00029819190967828035,0.05098540335893631
237,0.00043709608144126832,1.556551456451416,0.00029819190967828035,0.05098540335893631
238,0.00046150936395861208,1.556599497795105,0.00028273806674405932,0.049502480775117874
239,0.00046150936395861208,1.556599497795105,0.00028273806674405932,0.049502480775117874
