frame,cpu_ms,render_submit_ms,fixed_steps,wall_ms
0,139.034,2.89636,1,0
1,2.59509,0.687102,1,2.71903
2,4.41988,2.02388,1,4.49985
3,2.35558,0.641392,1,2.42708
4,2.714,0.978662,1,2.78332
5,2.84504,0.643335,1,2.91272
6,6.61484,0.722929,1,6.68237
7,8.59919,0.677693,1,8.69629
8,2.39809,0.652091,1,2.48137
9,2.25183,0.613136,1,2.3237
10,2.40208,0.77521,1,2.47595
11,2.19712,0.576554,1,2.26878
12,2.78771,0.861853,1,2.84999
13,2.33052,0.648532,1,2.40221
14,2.80669,0.777723,1,2.89103
15,2.28858,0.610949,1,2.3668
16,2.21876,0.568245,1,2.28955
17,2.26959,0.599694,1,2.36431
18,2.27002,0.608199,1,2.36484
19,2.23813,0.598982,1,2.30567
20,2.24263,0.608648,1,2.30931
21,2.20856,0.608105,1,2.27513
22,2.44314,0.604671,1,2.51008
23,2.23491,0.606932,1,2.30262
24,2.19447,0.594769,1,2.25542
25,2.20514,0.597991,1,2.27077
26,2.38539,0.652181,1,2.45819
27,2.69347,0.660976,1,2.79356
28,2.2574,0.616681,1,2.32682
29,2.35154,0.653357,1,2.4215
30,2.39105,0.650888,1,2.51042
31,2.19989,0.537883,1,2.27347
32,2.19621,0.556045,1,2.25975
33,2.16716,0.580644,1,2.22923
34,2.43245,0.622594,1,2.49453
35,2.36481,0.60865,1,2.42699
36,2.95922,0.674113,1,54.4912
37,2.48484,0.625933,1,2.56545
38,2.52682,0.601984,1,2.59916
39,2.46664,0.633504,1,2.55937
40,6.01384,1.54781,1,6.10675
41,3.74158,0.659882,1,3.8382
42,2.57921,0.630983,1,2.65417
43,2.48777,0.644577,1,2.57943
44,2.93346,0.786771,1,3.03318
45,2.55013,0.646025,1,2.63694
46,2.38196,0.593868,1,2.456
47,2.40673,0.639651,1,2.47423
48,2.4115,0.637384,1,2.48162
49,2.36472,0.619949,1,2.436
50,2.31955,0.59583,1,2.38938
51,2.3362,0.621046,1,2.40001
52,2.42271,0.639019,1,2.49919
53,2.36688,0.611356,1,2.4364
54,2.41738,0.610033,1,2.48136
55,2.32193,0.614972,1,2.39104
56,2.42951,0.676684,1,2.49505
57,2.30384,0.611106,1,2.36814
58,2.32021,0.596242,1,2.38975
59,2.30583,0.607882,1,2.39776
60,2.77789,0.829103,1,2.84625
61,3.13042,0.654335,1,3.21634
62,2.44905,0.644065,1,2.52017
63,3.19388,0.880426,1,54.4416
64,2.81508,0.695044,1,2.9108
65,2.50793,0.602724,1,2.58315
66,2.98063,0.617529,1,3.04918
67,2.43663,0.671857,1,2.50766
68,2.39493,0.656021,1,2.4647
69,2.41501,0.665537,1,2.4846
70,2.47209,0.664557,1,2.54089
71,2.37817,0.666144,1,2.44741
72,2.40248,0.663182,1,2.47054
73,2.35056,0.60387,1,2.41926
74,2.4049,0.681892,1,2.46828
75,2.77706,0.691434,1,2.84568
76,2.47189,0.659157,1,2.54194
77,2.41799,0.666724,1,2.48722
78,2.65129,0.770614,1,2.71988
79,2.79015,0.723986,1,2.88835
80,2.40927,0.60916,1,2.48255
81,2.42799,0.654106,1,2.49463
82,2.58179,0.647217,1,2.6525
83,2.38845,0.646595,1,2.45746
84,2.50994,0.633603,1,2.57953
85,3.01797,0.57067,0,3.10713
86,1.17108,0.65678,0,1.26636
87,1.84662,1.01113,0,49.3835
88,1.33202,0.68883,0,1.44798
89,1.17613,0.615253,0,1.25883
90,1.11409,0.596313,0,1.1922
91,1.07903,0.589985,0,1.16534
92,1.3817,0.765635,0,1.44627
93,1.14937,0.586537,0,1.22554
94,1.04134,0.57577,0,1.1078
95,1.10679,0.61618,0,1.17073
96,1.06756,0.566137,0,1.1317
97,1.13697,0.635829,0,1.20072
98,1.12891,0.664127,0,1.22093
99,1.11893,0.645181,0,1.18228
100,1.31013,0.810855,0,1.38016
101,1.20164,0.594791,0,1.29723
102,1.16109,0.633517,0,1.24457
103,1.14584,0.637434,0,1.21957
104,1.12228,0.645123,0,1.18604
105,1.11693,0.565786,0,1.20399
106,2.54289,0.648572,1,2.60591
107,2.38267,0.623517,1,2.45119
108,2.3909,0.659469,1,2.46564
109,2.93223,0.721135,1,2.99938
110,2.49532,0.648341,1,2.58288
111,2.60843,0.677487,1,2.67813
112,2.79083,0.64518,1,2.8625
113,2.43228,0.659135,1,2.5104
114,2.39896,0.664216,1,2.46774
115,2.44457,0.671306,1,2.51268
116,2.50262,0.679874,1,2.57856
117,2.4808,0.667199,1,2.55021
118,2.37004,0.662451,1,2.43879
119,2.42356,0.657536,1,2.49196
120,2.63779,0.713852,1,2.70558
121,2.65237,0.656181,1,2.74458
122,2.51925,0.722846,1,2.59136
123,2.40716,0.665781,1,2.47413
124,2.49489,0.674678,1,2.56402
125,2.35829,0.644375,1,2.42885
126,2.34288,0.600202,1,2.4115
127,2.37108,0.642896,1,2.435
128,2.56675,0.654452,1,2.63032
129,2.42819,0.648641,1,2.50015
130,2.39253,0.657709,1,2.46219
131,2.34806,0.644827,1,2.41119
132,2.63917,0.765964,1,2.70679
133,2.70309,0.665236,1,2.7849
134,2.37482,0.627995,1,2.47642
135,2.30659,0.568987,1,2.37342
136,2.44594,0.650886,1,2.51141
137,2.38109,0.641266,1,2.45142
138,2.35403,0.624573,1,2.42321
139,2.91691,1.08316,1,2.9802
140,2.46592,0.629368,1,2.55618
141,128.821,0.768079,1,260.75
142,3.10835,0.648883,1,3.19746
143,2.87978,0.752832,1,2.96934
144,3.18719,0.65546,1,3.28457
145,2.48235,0.612811,1,2.6088
146,2.62648,0.633345,1,2.716
147,2.72704,0.677412,1,2.81513
148,3.21185,0.733012,1,3.33739
149,2.60522,0.620115,1,2.70641
150,2.41281,0.62164,1,2.61196
151,2.58748,0.604313,1,2.70136
152,2.45617,0.60192,1,2.53563
153,2.92239,0.764261,1,3.03064
154,3.41513,1.09196,1,3.52887
155,4.2245,1.02037,1,4.39024
156,3.87925,0.991878,1,4.05233
