test,fine_n,MAC_n,density_ratio,steps,requested_steps,dt,CFL_sum,local_mass_max_norm,cumulative_mass_max_norm,cumulative_momentum_max_norm,common_vector_max_error,combination_energy_max_norm,full_step_energy_max_growth_norm,wrong_old_mass_error,wrong_velocity_mean_error,min_fraction,max_fraction,min_velocity,max_velocity,final_L1_x,final_L1_y,initial_mass,final_mass,mass_export,mass_source,initial_px,final_px,px_export,px_source,initial_py,final_py,py_export,py_source,liquid_volume,runtime_s,status,failure
reference_uniform_constant,24,12,1,12,12,0.028735632183908046,0.40000000000000002,0,0,0,0,0,0,0,0,-2.7755575615628914e-16,1.0000000000000002,-0.41999999999999998,0.72999999999999998,-1,-1,1,1,0,0,0.72999999999999998,0.72999999999999998,0,0,-0.41999999999999993,-0.41999999999999993,0,0,0.11501258939609348,0.038779532999999998,PASS,
reference_uniform_smooth,24,12,1,12,12,0.028735632183908046,0.40000000000000002,0,0,0,0,0,0,0,0,-2.7755575615628914e-16,1.0000000000000002,-0.20999999999999999,0.36999999999999994,-1,-1,1,1,0,0,0.36999999999999994,0.36999999999999994,0,0,-0.20999999999999996,-0.20999999999999996,0,0,0.11501258939609348,0.039357833000000002,PASS,
reference_uniform_seeded_random,24,12,1,12,12,0.028735632183908046,0.40000000000000002,0,0,8.3266726846886741e-17,0,3.8857805861880479e-16,0,0,1.1102230246251565e-16,-2.7755575615628914e-16,1.0000000000000002,-0.93561378818282404,0.97400319115000322,-1,-1,1,1,0,0,0.11599566202076823,0.11599566202076822,0,0,-0.025695197464184218,-0.025695197464184211,0,0,0.11501258939609348,0.040043333,PASS,
reference_uniform_constant,24,12,1000,12,12,0.028735632183908046,0.40000000000000002,4.8298975993469625e-16,1.4713875930887285e-15,1.0217969396449608e-15,2.886579864025407e-15,0,8.6434254023258567e-16,94.485272540079535,3.9968028886505635e-15,-2.7755575615628914e-16,1.0000000000000002,-0.42000000000000137,0.73000000000000265,-1,-1,115.89757680669747,115.89757680669746,0,0,84.605231068889154,84.60523106888914,0,0,-48.676982258812934,-48.676982258812934,0,0,0.11501258939609348,0.039400760999999999,PASS,
reference_uniform_smooth,24,12,1000,12,12,0.028735632183908046,0.40000000000000002,4.8298975993469625e-16,1.4713875930887285e-15,1.0217969396449608e-15,0,0,1.0161516526855916e-15,47.889795670999227,1.7763568394002505e-15,-2.7755575615628914e-16,1.0000000000000002,-0.21000000000000069,0.3700000000000026,-1,-1,115.89757680669747,115.89757680669746,0,0,42.88210341847806,42.882103418478067,0,0,-24.338491129406467,-24.338491129406467,0,0,0.11501258939609348,0.040097346999999998,PASS,
reference_uniform_seeded_random,24,12,1000,12,12,0.028735632183908046,0.40000000000000002,4.8298975993469625e-16,1.4713875930887285e-15,2.6860744947791391e-16,0,0,0,113.86965380023307,0.12820127588238645,-2.7755575615628914e-16,1.0000000000000002,-0.94492255947947557,0.97400319115000322,-1,-1,115.89757680669747,115.89757680669746,0,0,20.706758896662848,20.706758896662848,0,0,-5.390801640165483,-5.390801640165483,0,0,0.11501258939609348,0.040199499999999999,PASS,
reference_uniform_constant,24,12,1000000,12,12,0.028735632183908046,0.40000000000000002,4.5473836878047485e-16,7.591414122406875e-16,6.0249318431800418e-16,3.6762815014412809e-12,0,7.1351230061627205e-16,94579.757812619617,6.7157390759575719e-12,-2.7755575615628914e-16,1.0000000000000002,-0.42000000000234661,0.73000000000367626,-1,-1,115013.47438350417,115013.47438350416,0,0,83959.836299958042,83959.836299958042,0,0,-48305.659241071749,-48305.659241071757,0,0,0.11501258939609348,0.039248297000000001,PASS,
reference_uniform_smooth,24,12,1000000,12,12,0.028735632183908046,0.40000000000000002,4.5473836878047485e-16,7.591414122406875e-16,8.5488897774852093e-16,0,0,5.2426893110544551e-16,47937.685466670206,8.0224715759413812e-13,-2.7755575615628914e-16,1.0000000000000002,-0.2100000000011733,0.37000000000201483,-1,-1,115013.47438350417,115013.47438350416,0,0,42554.985521896546,42554.985521896539,0,0,-24152.829620535875,-24152.829620535878,0,0,0.11501258939609348,0.040044224000000003,PASS,
reference_uniform_seeded_random,24,12,1000000,12,12,0.028735632183908046,0.40000000000000002,4.5473836878047485e-16,7.591414122406875e-16,3.4665659348598681e-16,0,0,0,114665.59372354943,0.22763083884566551,-2.7755575615628914e-16,1.0000000000000002,-0.94496606658246018,0.97400319115000322,-1,-1,115013.47438350417,115013.47438350416,0,0,20611.469993538743,20611.469993538743,0,0,-5370.4972443414663,-5370.4972443414654,0,0,0.11501258939609348,0.040383217999999999,PASS,
reference_streamfunction_constant,24,12,1,12,12,0.019841269841269792,0.39999999999999997,1.2490009027033011e-16,1.463672932855431e-18,2.6562953225894859e-18,1.1102230246251565e-16,0,0,0,0,-2.7061686225238191e-16,1.0000000000000004,-0.42000000000000004,0.73000000000000009,-1,-1,1,1,0,-1.463672932855431e-18,0.72999999999999998,0.72999999999999998,0,-1.7889335846010823e-18,-0.41999999999999993,-0.41999999999999998,0,-1.6263032587282567e-18,0.1150125893960935,0.045444189000000003,PASS,
reference_streamfunction_smooth,24,12,1,12,12,0.019841269841269792,0.39999999999999997,1.2490009027033011e-16,1.463672932855431e-18,9.8662397696180903e-18,0,0,0,0,5.5511151231257827e-17,-2.7061686225238191e-16,1.0000000000000004,-0.41392579725488071,0.41392579725488071,-1,-1,1,1,0,-1.463672932855431e-18,-5.4210108624275222e-19,3.1433392672607086e-18,0,-7.6910591610690471e-19,-1.0842021724855044e-19,-1.4687551305389568e-18,0,5.9631119486702744e-19,0.1150125893960935,0.045769610000000002,PASS,
reference_streamfunction_seeded_random,24,12,1,12,12,0.019841269841269792,0.39999999999999997,1.2490009027033011e-16,1.463672932855431e-18,6.9388939039072284e-17,0,0,0,0,1.1102230246251565e-16,-2.7061686225238191e-16,1.0000000000000004,-0.95008374545971785,0.9891040208480063,-1,-1,1,1,0,-1.463672932855431e-18,0.11599566202076823,0.11599566202076823,0,-1.7889335846010823e-18,-0.025695197464184218,-0.025695197464184211,0,3.2458302538784789e-18,0.1150125893960935,0.045471656999999999,PASS,
reference_streamfunction_constant,24,12,1000,12,12,0.019841269841269792,0.39999999999999997,4.4285595659098779e-16,2.207081389633093e-15,5.0389986064682905e-16,3.1086244689504383e-15,0,3.4573701609303469e-16,68.597271890304711,4.8849813083506888e-15,-2.7061686225238191e-16,1.0000000000000004,-0.42000000000000098,0.73000000000000309,-1,-1,115.89757680669747,115.89757680669747,0,-5.4305247364910825e-15,84.605231068889154,84.60523106888914,0,-1.2415741178217754e-15,-48.676982258812934,-48.676982258812934,0,8.5483920289619597e-16,0.1150125893960935,0.046881648999999997,PASS,
reference_streamfunction_smooth,24,12,1000,12,12,0.019841269841269792,0.39999999999999997,4.4285595659098779e-16,2.207081389633093e-15,1.5494259238718935e-16,0,0,0,34.04216585981991,0.0042711980843485042,-2.7061686225238191e-16,1.0000000000000004,-0.4199850166698707,0.41997010647431754,-1,-1,115.89757680669747,115.89757680669747,0,-5.4305247364910825e-15,-1.6658697804470013,-1.6658697804470011,0,2.0337599876754653e-16,-4.2582269243110531,-4.2582269243110513,0,-8.4954016477817307e-17,0.1150125893960935,0.045895555999999997,PASS,
reference_streamfunction_seeded_random,24,12,1000,12,12,0.019841269841269792,0.39999999999999997,4.4285595659098779e-16,2.207081389633093e-15,3.3575931184739241e-16,0,0,0,86.757330443873585,0.032871768862043294,-2.7061686225238191e-16,1.0000000000000004,-0.95147353263948864,0.9891040208480063,-1,-1,115.89757680669747,115.89757680669747,0,-5.4305247364910825e-15,20.706758896662848,20.706758896662844,0,-5.3262109349708209e-16,-5.390801640165483,-5.3908016401654821,0,-4.1710612828232962e-16,0.1150125893960935,0.046564520999999998,PASS,
reference_streamfunction_constant,24,12,1000000,12,12,0.019841269841269792,0.39999999999999997,6.1732143544284904e-16,1.2652356870678125e-15,5.1995987139772722e-16,7.5417450062786884e-12,0,3.5675615030813627e-16,68665.869162195013,4.7488679655316446e-12,-2.7061686225238191e-16,1.0000000000000004,-0.42000000000065107,0.73000000000429366,-1,-1,115013.47438350417,115013.47438350417,0,3.5402783406680155e-12,83959.836299958042,83959.836299958057,0,-9.0860706545431436e-13,-48305.659241071749,-48305.659241071749,0,2.5579486987760414e-13,0.1150125893960935,0.046343613999999998,PASS,
reference_streamfunction_smooth,24,12,1000000,12,12,0.019841269841269792,0.39999999999999997,6.1732143544284904e-16,1.2652356870678125e-15,2.3957195464291167e-16,0,0,0,34023.677075806678,0.15618001906342813,-2.7061686225238191e-16,1.0000000000000004,-0.41999998499467361,0.41999996998859118,-1,-1,115013.47438350417,115013.47438350417,0,3.5402783406680155e-12,-1667.5356502274483,-1667.5356502274494,0,1.7796872374235828e-13,-4262.4851512353653,-4262.4851512353625,0,-2.8732659291099208e-13,0.1150125893960935,0.047553750999999998,PASS,
reference_streamfunction_seeded_random,24,12,1000000,12,12,0.019841269841269792,0.39999999999999997,6.1732143544284904e-16,1.2652356870678125e-15,4.1598791218318415e-16,0,0,0,87602.389820771161,0.61340653870324569,-2.7061686225238191e-16,1.0000000000000004,-0.9514840864260049,0.9891040208480063,-1,-1,115013.47438350417,115013.47438350417,0,3.5402783406680155e-12,20611.469993538743,20611.469993538747,0,-6.3260506587888704e-13,-5370.4972443414663,-5370.4972443414663,0,1.0480595137953887e-13,0.1150125893960935,0.051794852000000002,PASS,
genuine_common_comotion,24,12,1,12,12,0.028735632183908046,0.40000000000000002,0,0,0,5.5511151231257827e-17,0,0,0,0,-2.2204459830435523e-16,1.0000000000000002,-0.20999999999999999,0.36999999999999994,-1,-1,1,1,0,0,0.36999999999999994,0.36999999999999994,0,0,-0.20999999999999996,-0.20999999999999996,0,0,0.089999999999999983,0.017307586,PASS,
genuine_common_comotion,24,12,1000,12,12,0.028735632183908046,0.40000000000000002,4.2168436256740194e-16,1.2505427095106669e-15,9.3046332552878424e-16,5.8286708792820718e-15,0,8.6363446789411449e-16,27.076670042813529,5.1625370645069779e-15,-2.2204459830435523e-16,1.0000000000000002,-0.21000000000000141,0.37000000000000344,-1,-1,90.909999999999982,90.909999999999982,0,0,33.636699999999998,33.636699999999998,0,0,-19.091099999999997,-19.091099999999994,0,0,0.089999999999999983,0.017073345,PASS,
genuine_common_comotion,24,12,1000000,12,12,0.028735632183908046,0.40000000000000002,6.8045450872849281e-16,1.4551768093822879e-15,1.0924750821188337e-15,5.8815730064054605e-12,3.3498545335687864e-16,4.4664727114250475e-16,27103.746712856348,5.1348370000425803e-12,-2.2204459830435523e-16,1.0000000000000002,-0.21000000000023158,0.37000000000040295,-1,-1,90000.909999999989,90000.909999999989,0,0,33300.336699999993,33300.336699999993,0,0,-18900.191099999996,-18900.191099999996,0,0,0.089999999999999983,0.017225676999999998,PASS,
smooth_momentum_refinement,24,12,1,18,18,0.027777777777777776,0.38666666666666671,0,0,6.5101964393053628e-16,0,1.0073933070044679e-15,0,0,1.1102230246251565e-16,-2.2204460492503131e-16,1.0000000000000002,-0.61220667228610581,1.0199490660558053,0.03010827301996603,0.022407277059581201,1,1,0,0,0.72999999999999987,0.72999999999999987,0,0,-0.41999999999999993,-0.41999999999999993,0,0,0.089999999999999941,0.026918871,PASS,
smooth_momentum_refinement,48,24,1,35,35,0.014285714285714285,0.39771428571428574,0,0,1.4035813190043893e-15,0,1.5224611756124879e-15,0,0,2.2204460492503131e-16,-3.1918911957973251e-16,1.0000000000000002,-0.61802740527298317,1.0274288806966068,0.016186955697468426,0.011978451447246588,1,1,0,0,0.72999999999999987,0.72999999999999987,0,0,-0.41999999999999993,-0.41999999999999993,0,0,0.089999999999999747,0.13384148700000001,PASS,
smooth_momentum_refinement,96,48,1,70,70,0.0071428571428571426,0.39771428571428574,0,0,3.7741711483656294e-15,0,6.9125899837690131e-15,0,0,2.2204460492503131e-16,-3.1918911957973251e-16,1.0000000000000002,-0.61950553237832584,1.0293550057443444,0.0083696304217518065,0.0061962499251280645,1,1,0,0,0.72999999999999987,0.72999999999999987,0,0,-0.41999999999999993,-0.41999999999999993,0,0,0.09000000000000144,0.69300800399999996,PASS,
open_boundary_slab,48,24,1,18,18,0.027777777777777776,0.39999999999999997,0,0,0,0,6.2450045135165055e-17,0,0,0,-1.1102230246251565e-16,1.0000000000000002,0,0.29999999999999999,-1,-1,1,1,0,0,0.29999999999999999,0.29999999999999999,0,0,0,0,0,0,0.049999999999999878,0.048404974000000003,PASS,
open_boundary_slab,48,24,1000,18,18,0.027777777777777776,0.39999999999999997,1.8263271803058434e-16,5.1654121440530565e-14,1.0541958334754163e-15,3.6082248300317588e-15,3.6801635534407553e-15,0,0.29702675916749627,0,-1.1102230246251565e-16,1.0000000000000002,0,0.3000000000000036,-1,-1,200.79999999999993,50.94999999999996,149.84999999999977,0,60.239999999999981,15.284999999999988,44.955000000000034,0,0,0,0,0,0.049999999999999878,0.048334112999999998,PASS,
open_boundary_slab,48,24,1000000,18,18,0.027777777777777776,0.39999999999999997,1.7986415353898071e-16,1.9808715369752303e-14,7.6624622125880829e-15,4.1023295871411847e-12,3.7961357889143351e-15,0,0.29999700003110219,0,-1.1102230246251565e-16,1.0000000000000002,0,0.30000000000410232,-1,-1,200000.79999999996,50000.949999999968,149999.85000000015,0,60000.239999999976,15000.284999999989,44999.955000000045,0,0,0,0,0,0.049999999999999878,0.048874178999999997,PASS,
covariance_base,24,12,1000,12,12,0.059523809523809521,0.40000000000000002,4.3387590993528398e-16,1.3080432811289568e-15,8.665320149319525e-16,0,0,0,66.593318630875714,0.00169365493933471,-2.2204460492503131e-16,1.0000000000000002,-0.60759802021599829,1.0199995229776957,-1,-1,130.37050000000002,130.37050000000002,0,0,100.8774598263301,100.87745982633008,0,0,-65.598752130666355,-65.598752130666355,0,0,0.12949999999999992,0.017955151999999999,PASS,
covariance_axis_exchange,24,12,1000,12,12,0.059523809523809521,0.40000000000000002,4.5121404396594392e-16,1.3080432811289555e-15,1.9496970335968904e-15,0,0,0,66.593318630875714,0.001693654939334821,-2.2204460492503131e-16,1.0000000000000002,-0.60759802021599829,1.0199995229776957,-1,-1,130.37050000000002,130.37050000000002,0,0,-65.598752130666355,-65.598752130666341,0,0,100.8774598263301,100.87745982633008,0,0,0.12949999999999987,0.018268230999999999,PASS,
covariance_x_reflection,24,12,1000,12,12,0.059523809523809521,0.40000000000000002,4.3439079877776563e-16,1.0900360676074641e-15,8.665320149319525e-16,0,0,0,66.593318630875672,0.00169365493933471,-9.3279515264897172e-17,1.0000000000000002,-1.0199995229776957,-0.22785009175102083,-1,-1,130.37050000000002,130.37050000000002,0,0,-100.8774598263301,-100.8774598263301,0,0,-65.598752130666355,-65.598752130666355,0,0,0.12949999999999989,0.018967471,PASS,
