frame,wall_ms,frame_cpu_ms,fixed_steps,surface_ms,render_submit_ms,particles,bodies,cavities
0,0.0292750001,22.80843,0,14.306742,0.687312,380,16,1
1,24.52023315,19.551318,1,11.316345,0.285367,380,16,1
2,19.63406372,1.905736,1,8.1e-05,0.153486,380,16,1
3,1.966088057,0.417436,0,7.7e-05,0.15497,380,16,1
4,15.63183403,20.209732,1,11.137143,0.217032,380,16,1
5,20.33176422,1.99309,1,0.000165,0.206017,380,16,1
6,14.56979561,24.338938,1,14.866895,0.168106,380,16,1
7,24.4516716,24.096809,2,12.59138,0.195871,380,16,1
8,24.19244003,1.931009,1,7.3e-05,0.207956,380,16,1
9,2.080141068,0.345345,0,8.7e-05,0.12298,380,16,1
10,17.25280762,21.736637,1,11.177035,0.292859,380,16,1
11,21.89255333,27.454714,2,12.045596,0.181536,380,16,1
12,27.60090637,2.533709,1,0.00017,0.120844,380,16,1
13,2.800082207,21.853463,1,11.371338,0.149056,380,16,1
14,21.95313263,1.923303,1,8.4e-05,0.118062,380,16,1
15,11.18316936,22.086287,1,10.976813,0.252111,380,16,1
16,22.25413895,2.122101,1,0.000368,0.129513,380,16,1
17,12.47767544,25.364872,1,10.677353,0.157912,380,16,1
18,25.44532013,1.956245,1,0.000196,0.11222,380,16,1
19,8.126067162,22.413866,1,10.949869,0.186649,380,16,1
20,22.59456062,2.088324,1,0.000173,0.137868,380,16,1
21,11.41057777,27.821791,1,12.226395,0.213741,380,16,1
22,28.01329994,2.093327,1,8.3e-05,0.123806,380,16,1
23,6.3637743,24.580795,1,11.953324,0.178834,380,16,1
24,24.72279167,2.042506,1,0.000149,0.134319,380,16,1
25,10.14977455,24.978284,1,11.979264,0.166475,380,16,1
26,25.11128044,1.937803,1,7.3e-05,0.101399,380,16,1
27,9.213564873,25.252077,1,12.379386,0.199553,380,16,1
28,25.39736748,2.492719,1,0.000198,0.138008,380,16,1
29,7.903982162,29.107709,1,15.430239,0.174522,380,16,1
30,29.25758362,27.04567,2,11.998708,0.163087,380,16,1
31,27.14815521,2.031198,1,8e-05,0.112533,380,16,1
32,2.107172012,0.391033,0,8e-05,0.152656,380,16,1
33,15.69098091,27.785246,1,12.235312,0.230538,380,16,1
34,27.92564583,30.709179,2,13.339642,0.173431,380,16,1
35,30.83944321,28.434667,2,11.928847,0.181609,380,16,1
36,28.60924339,28.740582,2,11.528607,0.163334,380,16,1
37,28.84928131,2.287391,1,0.000314,0.235595,380,16,1
38,2.524797201,0.402108,0,7.6e-05,0.121027,380,16,1
39,15.57698441,27.91972,1,13.99743,0.15405,380,16,1
40,28.03074074,27.728489,2,11.356174,0.1557,380,16,1
41,27.88219261,27.68375,2,11.345738,0.178577,380,16,1
42,27.8151722,2.445977,1,0.000183,0.146279,380,16,1
43,2.562849045,25.805798,1,10.927949,0.159947,380,16,1
44,25.93425369,2.045419,1,8.6e-05,0.102396,380,16,1
45,5.195727825,0.324678,0,8.5e-05,0.101744,380,16,1
46,17.64547348,24.505378,1,10.824403,0.150007,380,16,1
47,24.6002388,26.621023,2,10.981549,0.167773,380,16,1
48,26.77466011,27.242333,2,11.523861,0.135566,380,16,1
49,27.34734535,1.996869,1,0.000144,0.109185,380,16,1
50,2.069843054,0.355231,0,7.9e-05,0.118209,380,16,1
51,14.87186432,26.244446,1,11.755845,0.179493,380,16,1
52,26.38496017,28.533349,2,11.505296,0.164053,380,16,1
53,28.64077187,28.227971,2,11.240128,0.185916,380,16,1
54,28.40070724,2.582712,1,0.000205,0.249007,380,16,1
55,2.705472946,0.717378,0,9.8e-05,0.231949,380,16,1
56,14.7202177,25.548203,1,11.010734,0.18028,380,16,1
57,25.73767662,33.176833,2,11.107998,0.16338,380,16,1
58,33.27183151,28.141255,2,10.681331,0.161686,380,16,1
59,28.26346779,1.863043,1,7.4e-05,0.10001,380,16,1
60,1.917990923,25.110839,1,10.618109,0.15144,380,16,1
61,25.23151588,1.840275,1,7.8e-05,0.099697,380,16,1
62,8.059771538,24.723629,1,10.671332,0.143234,380,16,1
63,24.819561,1.837052,1,8.7e-05,0.099907,380,16,1
64,10.04183006,25.753276,1,11.24842,0.160735,380,16,1
65,25.96097565,1.906621,1,7.6e-05,0.099885,380,16,1
66,8.095357895,24.571739,1,10.586532,0.155799,380,16,1
67,24.69485664,1.848589,1,7.3e-05,0.100291,380,16,1
68,9.075276375,24.597088,1,10.656037,0.148547,380,16,1
69,24.69166756,1.836231,1,8.6e-05,0.09942,380,16,1
70,9.033935547,24.622345,1,10.711199,0.156108,380,16,1
71,24.75102425,1.839102,1,7.6e-05,0.100307,380,16,1
72,10.10285091,24.549742,1,10.542083,0.153647,380,16,1
73,24.6654377,1.829155,1,7.6e-05,0.100409,380,16,1
74,10.02261257,24.540023,1,10.571911,0.153353,380,16,1
75,24.6592865,1.901551,1,7.3e-05,0.099991,380,16,1
76,9.121066093,24.706795,1,10.588729,0.142263,380,16,1
77,24.80219078,1.830473,1,8.5e-05,0.099891,380,16,1
78,8.815342903,24.408348,1,10.539397,0.154633,380,16,1
79,24.51042938,1.820794,1,7.4e-05,0.099886,380,16,1
80,10.01782799,24.679481,1,10.564917,0.143975,380,16,1
81,24.77576065,26.501638,2,11.035309,0.162983,380,16,1
82,26.62675476,1.987549,1,7.5e-05,0.161234,380,16,1
83,2.043232203,0.331588,0,8.7e-05,0.103935,380,16,1
84,15.02569866,24.393365,1,10.577001,0.156436,380,16,1
85,24.52943993,26.018727,2,10.561733,0.152867,380,16,1
86,26.1272831,1.84058,1,8.9e-05,0.10315,380,16,1
87,1.89922297,0.333997,0,8.6e-05,0.115331,380,16,1
88,16.06732368,24.381254,1,10.564217,0.153924,380,16,1
89,24.46339417,26.148193,2,10.558392,0.154495,380,16,1
90,26.26029587,1.846844,1,9e-05,0.103623,380,16,1
91,1.903198957,0.330727,0,8.4e-05,0.111212,380,16,1
92,16.01734734,24.422918,1,10.521096,0.156259,380,16,1
93,24.53671074,26.196804,2,10.573856,0.15011,380,16,1
94,26.28386307,1.838227,1,8.2e-05,0.109731,380,16,1
95,1.895225048,24.583129,1,10.607686,0.152219,380,16,1
96,24.70952415,1.930995,1,8.4e-05,0.101801,380,16,1
97,9.117022514,24.846006,1,10.538829,0.156448,380,16,1
98,24.98176384,1.847841,1,8.4e-05,0.100386,380,16,1
99,10.06307125,24.885496,1,10.561225,0.154926,380,16,1
100,25.00558853,1.925509,1,8.7e-05,0.101208,380,16,1
101,9.126042366,24.841847,1,10.53655,0.155978,380,16,1
102,24.96611214,1.832644,1,7.1e-05,0.100218,380,16,1
103,9.026262283,24.885765,1,10.52431,0.163837,380,16,1
104,25.00889778,1.872309,1,7.9e-05,0.101497,380,16,1
105,9.076773643,25.385742,1,10.72041,0.137751,380,16,1
106,25.48766327,1.890712,1,8.5e-05,0.100281,380,16,1
107,9.120212555,24.501668,1,10.485274,0.157277,380,16,1
108,24.61448288,1.825622,1,7.5e-05,0.1,380,16,1
109,9.023685455,24.499686,1,10.477653,0.157893,380,16,1
110,24.62080193,1.90564,1,7.5e-05,0.10163,380,16,1
111,9.124224663,24.565467,1,10.468326,0.155358,380,16,1
112,24.68794441,1.843428,1,8.8e-05,0.100629,380,16,1
113,9.54041481,24.319864,1,10.454825,0.157617,380,16,1
114,24.42505646,1.823669,1,7.2e-05,0.100323,380,16,1
115,10.02544689,24.69273,1,10.466403,0.157076,380,16,1
116,24.81297684,26.416931,2,10.751918,0.178108,380,16,1
117,26.56454468,1.924669,1,9.3e-05,0.099557,380,16,1
118,2.021088123,0.362533,0,9.4e-05,0.111411,380,16,1
119,15.26567173,24.293968,1,10.465883,0.156533,380,16,1
120,24.41325951,26.316578,2,10.540579,0.158497,380,16,1
121,26.42647171,1.856994,1,8.6e-05,0.099992,380,16,1
122,1.913043976,0.329594,0,8.4e-05,0.110284,380,16,1
123,15.62415123,25.683901,1,10.835359,0.162247,380,16,1
124,25.79019928,30.576158,2,11.043328,0.235552,380,16,1
125,30.73607254,28.165929,2,11.182669,0.162735,380,16,1
126,28.27809525,2.081166,1,0.000267,0.122795,380,16,1
127,2.19531703,26.528785,1,10.928705,0.168931,380,16,1
128,26.65617752,1.982701,1,8.7e-05,0.111447,380,16,1
129,7.296572208,26.683564,1,11.454291,0.169279,380,16,1
130,26.80908585,2.627128,1,8.6e-05,0.178432,380,16,1
131,6.989694118,27.679552,1,12.425385,0.238778,380,16,1
132,27.8312645,2.179977,1,0.000171,0.157704,380,16,1
133,6.494184017,26.237501,1,11.161177,0.184876,380,16,1
134,26.39459801,2.16452,1,7.5e-05,0.12642,380,16,1
135,8.494862556,30.234971,1,14.595776,0.190048,380,16,1
136,30.39923859,28.606827,2,12.266304,0.156556,380,16,1
137,28.75831223,2.3141,1,7.7e-05,0.190629,380,16,1
138,2.378995895,0.419852,0,9.5e-05,0.131372,380,16,1
139,14.7753582,26.371101,1,11.726097,0.196303,380,16,1
140,26.60949516,28.039365,2,11.358863,0.166866,380,16,1
141,28.19390869,28.487442,2,11.757259,0.295085,380,16,1
142,28.6343441,2.052907,1,0.000138,0.115675,380,16,1
143,2.136376858,0.399676,0,8e-05,0.129934,380,16,1
144,15.72574902,24.909447,1,10.509371,0.157764,380,16,1
145,25.0185318,26.534508,2,10.591771,0.154457,380,16,1
146,26.61872482,26.540861,2,10.568047,0.158195,380,16,1
147,26.65847397,1.865009,1,8.6e-05,0.100254,380,16,1
148,1.919497013,0.332862,0,8.1e-05,0.113742,380,16,1
149,15.53574371,24.726607,1,10.545388,0.14718,380,16,1
150,24.82333183,26.398407,2,10.531716,0.157943,380,16,1
151,26.53338814,1.86222,1,8.4e-05,0.100629,380,16,1
152,1.988393068,0.353258,0,8e-05,0.110489,380,16,1
153,15.60403442,25.010215,1,10.849529,0.172655,380,16,1
154,25.13423729,27.470937,2,10.547585,0.14975,380,16,1
155,27.56591988,1.859444,1,8.8e-05,0.09983,380,16,1
156,1.907199025,24.749227,1,10.519807,0.157486,380,16,1
157,24.8745327,1.987366,1,0.000122,0.101379,380,16,1
158,8.190546989,24.963436,1,10.511337,0.156564,380,16,1
159,25.09514236,1.829648,1,8.5e-05,0.099981,380,16,1
160,9.019144058,24.961428,1,10.581163,0.157695,380,16,1
161,25.08493423,1.835123,1,8.7e-05,0.100277,380,16,1
162,9.013477325,25.20964,1,10.710849,0.257781,380,16,1
163,25.31009865,1.87907,1,8.6e-05,0.105165,380,16,1
164,9.04853344,24.900689,1,10.490782,0.160083,380,16,1
165,25.02266312,1.832289,1,8.8e-05,0.100117,380,16,1
166,9.028225899,24.872897,1,10.58044,0.159406,380,16,1
167,24.99945259,1.961691,1,8.9e-05,0.101185,380,16,1
168,9.170154572,24.855797,1,10.502,0.157384,380,16,1
169,24.97700691,1.832661,1,8.7e-05,0.100078,380,16,1
170,9.089885712,24.646983,1,10.463305,0.159185,380,16,1
171,24.75921631,1.826856,1,6.8e-05,0.099868,380,16,1
172,10.02576733,24.751234,1,10.472041,0.158139,380,16,1
173,24.8724556,1.831914,1,7.3e-05,0.099474,380,16,1
174,9.016095161,24.841965,1,10.46575,0.156817,380,16,1
175,24.95947075,1.829465,1,6.8e-05,0.099724,380,16,1
176,8.723789215,24.488649,1,10.49031,0.145648,380,16,1
177,24.56479836,1.824613,1,8.7e-05,0.100036,380,16,1
178,10.05372238,25.189307,1,10.482949,0.158072,380,16,1
179,25.32378006,26.322328,2,10.514044,0.234943,380,16,1
180,26.43517303,1.917196,1,7.8e-05,0.101451,380,16,1
181,1.973119974,0.327169,0,8.3e-05,0.107942,380,16,1
182,16.06091118,24.564702,1,10.45735,0.160817,380,16,1
183,24.67071724,26.593051,2,10.503307,0.158754,380,16,1
184,26.70843124,2.489911,1,0.000226,0.174649,380,16,1
185,2.668457985,0.449699,0,0.000107,0.11854,380,16,1
186,15.24955273,26.811376,1,10.743778,0.148443,380,16,1
187,26.91013145,26.894344,2,11.231221,0.172647,380,16,1
188,27.05709267,27.357539,2,11.317562,0.204748,380,16,1
189,27.47262001,2.052777,1,0.000122,0.112108,380,16,1
190,2.132819891,0.369699,0,8.2e-05,0.098721,380,16,1
191,15.29746532,24.82314,1,10.691572,0.142354,380,16,1
192,24.93920135,25.984432,2,10.414627,0.156492,380,16,1
193,26.08851624,1.818081,1,7.2e-05,0.099464,380,16,1
194,1.876379967,24.48744,1,10.507645,0.164269,380,16,1
195,24.61089134,1.847988,1,6.5e-05,0.105721,380,16,1
196,8.042793274,0.328316,0,8.3e-05,0.103033,380,16,1
197,17.02756119,27.962956,1,11.864326,0.209089,380,16,1
198,28.11019707,28.38486,2,12.049469,0.159913,380,16,1
199,28.50106049,28.198854,2,11.303366,0.191672,380,16,1
200,28.34749985,27.852466,2,11.073997,0.198382,380,16,1
201,28.00658798,2.085818,1,9.1e-05,0.102538,380,16,1
202,2.152998924,0.360267,0,7.9e-05,0.097158,380,16,1
203,15.69938469,26.0571,1,11.289287,0.209852,380,16,1
204,26.20981979,28.428194,2,11.566884,0.195837,380,16,1
205,28.71318436,27.604498,2,10.721026,0.147539,380,16,1
206,27.64499283,1.896756,1,7.6e-05,0.100568,380,16,1
207,1.955173969,0.36081,0,8.1e-05,0.097781,380,16,1
208,16.10124016,24.919019,1,10.905108,0.162417,380,16,1
209,25.04305077,26.575085,2,10.598482,0.145026,380,16,1
210,26.65846062,1.838434,1,9.2e-05,0.099414,380,16,1
211,1.894585013,24.889051,1,10.468521,0.152975,380,16,1
212,25.00626755,1.947682,1,8.5e-05,0.165168,380,16,1
213,7.149832726,25.383557,1,10.800449,0.147522,380,16,1
214,25.48543549,1.83276,1,8.5e-05,0.10018,380,16,1
215,9.03710556,25.842161,1,11.488157,0.166307,380,16,1
216,26.06754303,2.144036,1,0.000214,0.136753,380,16,1
217,8.459028244,25.599091,1,10.821157,0.202979,380,16,1
218,25.70419884,1.864598,1,7.5e-05,0.106304,380,16,1
219,8.063415527,24.890598,1,10.673557,0.146772,380,16,1
220,25.00583267,1.866293,1,7.4e-05,0.100111,380,16,1
221,9.065494537,24.597067,1,10.459255,0.156487,380,16,1
222,24.71621132,1.830805,1,7.3e-05,0.100245,380,16,1
223,9.962809563,25.10632,1,10.700451,0.153689,380,16,1
224,25.19110107,1.851679,1,7.5e-05,0.106075,380,16,1
225,9.096247673,24.924231,1,10.711872,0.152159,380,16,1
226,25.03489113,1.860511,1,7.4e-05,0.100104,380,16,1
227,9.092964172,24.687737,1,10.409882,0.177858,380,16,1
228,24.90821838,2.001869,1,0.000224,0.115802,380,16,1
229,8.980242729,25.122909,1,10.451437,0.156771,380,16,1
230,25.23077393,1.837032,1,7.6e-05,0.099405,380,16,1
231,8.470543861,24.608673,1,10.540465,0.148438,380,16,1
232,24.6900425,1.831819,1,8.1e-05,0.099709,380,16,1
233,9.331139565,27.174809,1,10.488329,0.160457,380,16,1
234,27.28142357,26.178904,2,10.396604,0.162334,380,16,1
235,26.39095116,2.083471,1,0.000194,0.119025,380,16,1
236,2.226019859,0.401492,0,8.3e-05,0.100681,380,16,1
237,15.66480064,25.14657,1,10.673533,0.148329,380,16,1
238,25.24731064,26.699027,2,10.624573,0.175999,380,16,1
239,26.84659958,1.867081,1,7.4e-05,0.101733,380,16,1
240,1.926189065,24.669435,1,10.495221,0.142868,380,16,1
