step,time,executed,fluid_dt,contained_mass,liquid_mass,retained_mass,tank_y,tank_vy,liquid_y,contained_Ix,contained_Iy,contained_Iz,body_Px,body_Py,body_Pz,liquid_Px,liquid_Py,liquid_Pz,gravity_Iy,residual_x,residual_y,residual_z,kinetic_J,hydro_Fy,drag_Fy,particle_ms,coupling_ms
0,0.01666666753590107,1,0.01666666753590107,600,600,600,-0.0027250002603977919,-0.16350001096725464,0.29818331817785898,0,0,0,0,-32.700002193450928,0,1.493484619974339e-06,-98.100341245532036,1.7281355102483076e-07,-130.80001241664121,1.493484619974339e-06,-0.00033102234175430567,1.7281355102483076e-07,45.969509090649026,0,0,1.0987130000000001,1.144571
1,0.033333335071802139,0,0,600,600,600,-0.0081750005483627319,-0.32700002193450928,0.29818331817785898,0,0,0,0,-65.400004386901855,0,1.493484619974339e-06,-98.100341245532036,1.7281355102483076e-07,-163.50001552080153,1.493484619974339e-06,-0.00033011163236551511,1.7281355102483076e-07,53.989185166536743,0,0,0,0.016167999999999998
2,0.050000002607703209,1,0.033333335071802139,600,600,600,-0.016809871420264244,-0.51809221506118774,0.28551425715287526,0,-5.5184388160705566,0,0,-103.61844301223755,0,1.22047357464794e-06,-288.73729515075684,7.7286824939903909e-08,-392.40003724992363,1.22047357464794e-06,0.044299086929243003,7.7286824939903909e-08,121.61499900681025,0,0,1.075394,1.122169
3,0.066666670143604279,0,0,600,600,600,-0.028169743716716766,-0.68159222602844238,0.28551425715287526,0,0,0,0,-136.31844520568848,0,1.22047357464794e-06,-288.73729515075684,7.7286824939903909e-08,-425.10004035408394,1.22047357464794e-06,0.044299997638631794,7.7286824939903909e-08,141.22984093435019,0,0,0,0.016715000000000001
4,0.083333337679505348,1,0.033333335071802139,600,600,600,-0.043480340391397476,-0.9186357855796814,0.2626730487247308,-2.1919107154322326e-12,-14.708666801452637,-5.5785042384071115e-13,-2.191910356290263e-12,-183.72715711593628,-5.5785039334752505e-13,8.6111488073470355e-07,-470.11663365364075,8.3448234988736658e-09,-654.0000620832061,8.6111268882434726e-07,0.15627131362907676,8.3442656484803183e-09,285.93929948131387,0,0,1.518249,1.5704640000000001
5,0.10000000521540642,0,0,600,600,600,-0.061515938490629196,-1.082135796546936,0.2626730487247308,0,0,0,-2.191910356290263e-12,-216.42715930938721,-5.5785039334752505e-13,8.6111488073470355e-07,-470.11663365364075,8.3448234988736658e-09,-686.70006518736636,8.6111268882434726e-07,0.15627222433840871,8.3442656484803183e-09,318.65191704338122,0,0,0,0.107206
6,0.11666667275130749,1,0.033333335071802139,600,600,600,-0.082732319831848145,-1.2729828357696533,0.22942661727468172,-1.8707164452496511e-13,-5.4694499969482422,-3.718938134875116e-14,-2.3789818178561115e-12,-254.59656715393066,-5.9503975606155137e-13,7.8683135562584994e-07,-660.81146907806396,1.0512066417334154e-07,-915.60008691648841,7.8682897664403208e-07,0.19205068449377904,1.0512006913358548e-07,539.47843493543837,0,0,2.2834859999999999,2.3888639999999999
7,0.13333334028720856,0,0,600,600,600,-0.1066737025976181,-1.4364829063415527,0.22942661727468172,0,0,0,-2.3789818178561115e-12,-287.29658126831055,-5.9503975606155137e-13,7.8683135562584994e-07,-660.81146907806396,1.0512066417334154e-07,-948.30009002064878,7.8682897664403208e-07,0.1920396742742696,1.0512006913358548e-07,583.77821894017097,0,0,0,0.019404000000000001
8,0.15000000782310963,1,0.033333335071802139,600,600,600,-0.13334009051322937,-1.5999829769134521,0.18544822404781977,0,0,0,-2.3789818178561115e-12,-319.99659538269043,-5.9503975606155137e-13,7.9259246099638858e-07,-857.00290584564209,6.7957088845105318e-09,-1177.2001117497709,7.9259008201457073e-07,0.20061052143842062,6.7951138447544702e-09,879.74900205593258,0,0,1.477584,1.5266120000000001
9,0.1666666753590107,0,0,600,600,600,-0.16273146867752075,-1.7634830474853516,0.18544822404781977,0,0,0,-2.3789818178561115e-12,-352.69660949707031,-5.9503975606155137e-13,7.9259246099638858e-07,-857.00290584564209,6.7957088845105318e-09,-1209.9001148539312,7.9259008201457073e-07,0.20059951121879749,6.7951138447544702e-09,934.74169529147161,0,0,0,0.027526999999999999
10,0.18333334289491177,1,0.033333335071802139,600,600,600,-0.19484785199165344,-1.926983118057251,0.13057089467843375,0,0,0,-2.3789818178561115e-12,-385.3966236114502,-5.9503975606155137e-13,8.4246717335645371e-07,-1053.1640214920044,1.9620882696358422e-08,-1438.8001365830532,8.4246479437463586e-07,0.23949147959865513,1.962028765660236e-08,1305.9624264420738,0,0,1.268573,1.31535
11,0.20000001043081284,0,0,600,600,600,-0.22968924045562744,-2.0904831886291504,0.13057089467843375,0,0,0,-2.3789818178561115e-12,-418.09663772583008,-5.9503975606155137e-13,8.4246717335645371e-07,-1053.1640214920044,1.9620882696358422e-08,-1471.5001396872135,8.4246479437463586e-07,0.239480469379032,1.962028765660236e-08,1371.6480289084193,0,0,0,0.019120000000000002
12,0.21666667796671391,1,0.033333335071802139,600,600,600,-0.26725563406944275,-2.2539832592010498,0.064796197911103567,0,0,0,-2.3789818178561115e-12,-450.79665184020996,-5.9503975606155137e-13,9.1688452119598196e-07,-1249.3006744384766,-3.8095306464924761e-08,-1700.4001614163358,9.168821422141641e-07,0.30283513764925374,-3.8095901504680822e-08,1817.9354576697867,0,0,1.082376,1.115796
13,0.23333334550261497,0,0,600,600,600,-0.30754703283309937,-2.4174833297729492,0.064796197911103567,0,0,0,-2.3789818178561115e-12,-483.49666595458984,-5.9503975606155137e-13,9.1688452119598196e-07,-1249.3006744384766,-3.8095306464924761e-08,-1733.100164520496,9.168821422141641e-07,0.30282412742963061,-3.8095901504680822e-08,1894.3139693669386,0,0,0,0.019120999999999999
14,0.25000001303851604,1,0.033333335071802139,600,600,600,-0.35056343674659729,-2.5809834003448486,-0.011874617586533229,0,0,0,-2.3789818178561115e-12,-516.19668006896973,-5.9503975606155137e-13,8.7679856441980064e-07,-1445.4193248748779,9.9230694772245442e-09,-1962.0001862496181,8.7679618543798279e-07,0.38418130577042575,9.9224744374684827e-09,2415.5664911976655,0,0,1.024186,1.057026
15,0.26666668057441711,0,0,600,600,600,-0.39630484580993652,-2.744483470916748,-0.011874617586533229,0,0,0,-2.3789818178561115e-12,-548.89669418334961,-5.9503975606155137e-13,8.7679856441980064e-07,-1445.4193248748779,9.9230694772245442e-09,-1994.7001893537783,8.7679618543798279e-07,0.38417029555080262,9.9224744374684827e-09,2502.6379121256236,0,0,0,0.019191
16,0.28333334811031818,1,0.033333335071802139,600,600,600,-0.44477123022079468,-2.9079835414886475,-0.09944066643714905,0,0,0,-2.3789818178561115e-12,-581.59670829772949,-5.9503975606155137e-13,8.9165806027580174e-07,-1641.5258922576904,-5.0356649516913876e-08,-2223.6002110829004,8.9165568129398389e-07,0.47761052748046495,-5.0357244556669938e-08,3098.7980524892209,0,0,0.99195800000000001,1.023936
17,0.30000001564621925,0,0,600,600,600,-0.49596261978149414,-3.0714836120605469,-0.09944066643714905,0,0,0,-2.3789818178561115e-12,-614.29672241210938,-5.9503975606155137e-13,8.9165806027580174e-07,-1641.5258922576904,-5.0356649516913876e-08,-2256.3002141870606,8.9165568129398389e-07,0.47759951726084182,-5.0357244556669938e-08,3196.5623826479855,0,0,0,0.019108
18,0.31666668318212032,1,0.033333335071802139,600,600,600,-0.54987901449203491,-3.2349836826324463,-0.19790136853853862,0,0,0,-2.3789818178561115e-12,-646.99673652648926,-5.9503975606155137e-13,9.3845674165038417e-07,-1837.6251430511475,2.4485446559197044e-08,-2485.2002359161829,9.3845436266856632e-07,0.57835633854620028,2.4484851519440982e-08,3867.5971760543116,0,0,1.13768,1.1724939999999999
19,0.33333335071802139,0,0,600,600,600,-0.60652041435241699,-3.3984837532043457,-0.19790136853853862,0,0,0,-2.3789818178561115e-12,-679.69675064086914,-5.9503975606155137e-13,9.3845674165038417e-07,-1837.6251430511475,2.4485446559197044e-08,-2517.9002390203432,9.3845436266856632e-07,0.57834532832657715,2.4484851519440982e-08,3976.0544154438826,0,0,0,0.019803000000000001
20,0.35000001825392246,1,0.033333335071802139,600,600,600,-0.66588681936264038,-3.5619838237762451,-0.3072564015785853,0,0,0,-2.3789818178561115e-12,-712.39676475524902,-5.9503975606155137e-13,1.2889708429497659e-06,-2033.7207145690918,2.8229098969489996e-07,-2746.8002607494655,1.2889684639679481e-06,0.68278142512463091,2.822903946551439e-07,4721.9449867393996,0,0,1.1356029999999999,1.17123
21,0.36666668578982353,0,0,600,600,600,-0.72797822952270508,-3.7254838943481445,-0.3072564015785853,0,0,0,-2.3789818178561115e-12,-745.09677886962891,-5.9503975606155137e-13,1.2889708429497659e-06,-2033.7207145690918,2.8229098969489996e-07,-2779.5002638536257,1.2889684639679481e-06,0.68277041490500778,2.822903946551439e-07,4841.0951353597775,0,0,0,0.019987000000000001
22,0.3833333533257246,1,0.033333335071802139,600,600,600,-0.79279464483261108,-3.8889839649200439,-0.42750560760498046,0,0,0,-2.3789818178561115e-12,-777.79679298400879,-5.9503975606155137e-13,1.6153533675122844e-06,-2229.8153858184814,5.3210924200186582e-07,-3008.400285582748,1.6153509885304666e-06,0.78810678025774905,5.3210864696210976e-07,5661.8313113123713,0,0,1.1378969999999999,1.171551
23,0.40000002086162567,0,0,600,600,600,-0.8603360652923584,-4.0524840354919434,-0.42750560760498046,0,0,0,-2.3789818178561115e-12,-810.49680709838867,-5.9503975606155137e-13,1.6153533675122844e-06,-2229.8153858184814,5.3210924200186582e-07,-3041.1002886869082,1.6153509885304666e-06,0.78809577003812592,5.3210864696210976e-07,5791.6743691635556,0,0,0,0.019245000000000002
24,0.41666668839752674,1,0.033333335071802139,600,600,600,-0.93060249090194702,-4.2159838676452637,-0.5586489737033844,0,0,0,-2.3789818178561115e-12,-843.19677352905273,-5.9503975606155137e-13,1.8074407979185025e-06,-2425.9112396240234,4.2866761962301325e-07,-3270.0003104160301,1.8074384189366847e-06,0.892297262953889,4.2866702458325719e-07,6687.2511988191482,0,0,1.0944339999999999,1.1292180000000001
25,0.43333335593342781,0,0,600,600,600,-1.003593921661377,-4.379483699798584,-0.5586489737033844,0,0,0,-2.3789818178561115e-12,-875.8967399597168,-5.9503975606155137e-13,1.8074407979185025e-06,-2425.9112396240234,4.2866761962301325e-07,-3302.7003135201903,1.8074384189366847e-06,0.89233393645008618,4.2866702458325719e-07,6827.7869492747859,0,0,0,0.019115
26,0.45000002346932888,1,0.033333335071802139,600,600,600,-1.0793102979660034,-4.5429835319519043,-0.7006866033871969,0,0,0,-2.3789818178561115e-12,-908.59670639038086,-5.9503975606155137e-13,2.031798302049026e-06,-2622.0098037719727,3.7947564290874425e-07,-3531.6003352493126,2.0317959230672081e-06,0.99382508695907745,3.7947504786898819e-07,7798.2032085652718,0,0,1.179713,1.211883
27,0.46666669100522995,0,0,600,600,600,-1.1577516794204712,-4.7064833641052246,-0.7006866033871969,0,0,0,-2.3789818178561115e-12,-941.29667282104492,-5.9503975606155137e-13,2.031798302049026e-06,-2622.0098037719727,3.7947564290874425e-07,-3564.3003383534729,2.0317959230672081e-06,0.99386176045527463,3.7947504786898819e-07,7949.4318370665751,0,0,0,0.018589999999999999
28,0.48333335854113102,1,0.033333335071802139,600,600,600,-1.2389180660247803,-4.8699831962585449,-0.85361866434415179,0,0,0,-2.3789818178561115e-12,-973.99663925170898,-5.9503975606155137e-13,1.9808343507676796e-06,-2818.1118087768555,5.7046527768278565e-07,-3793.2003600825951,1.9808319717858617e-06,1.0919120540306722,5.7046468264302959e-07,8994.6865413385458,0,0,1.1012679999999999,1.134045
29,0.50000002607703209,0,0,600,600,600,-1.3228094577789307,-5.0334830284118652,-0.85361866434415179,0,0,0,-2.3789818178561115e-12,-1006.696605682373,-5.9503975606155137e-13,1.9808343507676796e-06,-2818.1118087768555,5.7046527768278565e-07,-3825.9003631867554,1.9808319717858617e-06,1.0919487275268693,5.7046468264302959e-07,9156.6080478855147,0,0,0,0.018627000000000001
30,0.51666669361293316,1,0.033333335071802139,600,600,600,-1.4094258546829224,-5.1969828605651855,-1.0174453600247702,0,0,0,-2.3789818178561115e-12,-1039.3965721130371,-5.9503975606155137e-13,1.8037124371872437e-06,-3014.2177047729492,3.9396363415988844e-07,-4054.8003849158777,1.8037100582054259e-06,1.1861080298913294,3.9396303912013238e-07,10276.701259131529,0,0,0.95386199999999999,0.98650199999999999
31,0.53333336114883423,0,0,600,600,600,-1.4987672567367554,-5.3604826927185059,-1.0174453600247702,0,0,0,-2.3789818178561115e-12,-1072.0965385437012,-5.9503975606155137e-13,1.8037124371872437e-06,-3014.2177047729492,3.9396363415988844e-07,-4087.5003880200379,1.8037100582054259e-06,1.1861447033875265,3.9396303912013238e-07,10449.315643724163,0,0,0,0.018606000000000001
32,0.5500000286847353,1,0.033333335071802139,600,600,600,-1.5908336639404297,-5.5239825248718262,-1.1921669093767802,0,0,0,-2.3789818178561115e-12,-1104.7965049743652,-5.9503975606155137e-13,1.9844917149569596e-06,-3210.327938079834,4.3128563387284657e-07,-4316.4004097491597,1.9844893359751418e-06,1.2759666949605162,4.3128503883309051e-07,11644.249094183753,0,0,0.990707,1.022378
33,0.56666669622063637,0,0,600,600,600,-1.6856250762939453,-5.6874823570251465,-1.1921669093767802,0,0,0,-2.3789818178561115e-12,-1137.4964714050293,-5.9503975606155137e-13,1.9844917149569596e-06,-3210.327938079834,4.3128563387284657e-07,-4349.1004128533204,1.9844893359751418e-06,1.2760033684571681,4.3128503883309051e-07,11827.556356822053,0,0,0,0.018582999999999999
34,0.58333336375653744,1,0.033333335071802139,600,600,600,-1.7831414937973022,-5.8509821891784668,-1.3777835488319397,0,0,0,-2.3789818178561115e-12,-1170.1964378356934,-5.9503975606155137e-13,2.0539142759901097e-06,-3406.4426803588867,2.2279536260327859e-07,-4578.0004345824427,2.0539118970082918e-06,1.3613163878626438,2.2279476756352253e-07,13097.331671040149,0,0,1.226758,1.269444
35,0.60000003129243851,0,0,600,600,600,-1.8833829164505005,-6.0144820213317871,-1.3777835488319397,0,0,0,-2.3789818178561115e-12,-1202.8964042663574,-5.9503975606155137e-13,2.0539142759901097e-06,-3406.4426803588867,2.2279536260327859e-07,-4610.7004376866025,2.0539118970082918e-06,1.3613530613583862,2.2279476756352253e-07,13291.331811724114,0,0,0,0.02683
36,0.61666669882833958,1,0.033333335071802139,600,600,600,-1.98634934425354,-6.1779818534851074,-1.5742955430348715,0,0,0,-2.3789818178561115e-12,-1235.5963706970215,-5.9503975606155137e-13,2.0470917507786623e-06,-3602.5620918273926,3.064639750860465e-07,-4839.6004594157248,2.0470893717968445e-06,1.4419968913107368,3.0646338004629044e-07,14635.951518726011,0,0,1.1769240000000001,1.2234579999999999
37,0.63333336636424065,0,0,600,600,600,-2.0920407772064209,-6.3414816856384277,-1.5742955430348715,0,0,0,-2.3789818178561115e-12,-1268.2963371276855,-5.9503975606155137e-13,2.0470917507786623e-06,-3602.5620918273926,3.064639750860465e-07,-4872.3004625198846,2.0470893717968445e-06,1.4420335648064793,3.0646338004629044e-07,14840.644537455642,0,0,0,0.019096999999999999
38,0.65000003390014172,1,0.033333335071802139,600,600,600,-2.2004570960998535,-6.504981517791748,-1.7817031113306681,0,0,0,-2.3789818178561115e-12,-1300.9963035583496,-5.9503975606155137e-13,2.1335278250766976e-06,-3798.6861610412598,5.3571195657298176e-07,-5101.2004842490069,2.1335254460948797e-06,1.5180196493975018,5.357113615332257e-07,16260.110563462018,0,0,1.0416540000000001,1.0749949999999999
39,0.66666670143604279,0,0,600,600,600,-2.311598539352417,-6.6684813499450684,-1.7817031113306681,0,0,0,-2.3789818178561115e-12,-1333.6962699890137,-5.9503975606155137e-13,2.1335278250766976e-06,-3798.6861610412598,5.3571195657298176e-07,-5133.9004873531676,2.1335254460948797e-06,1.5180563228941537,5.357113615332257e-07,16475.496460237315,0,0,0,0.01866
40,0.68333336897194386,1,0.033333335071802139,600,600,600,-2.4254648685455322,-6.8319811820983887,-2.0000065660476682,5.9604644775390625e-08,-8.3266726846886741e-17,5.9604644775390625e-08,4.6566128730773926e-08,-1366.3962364196777,4.6566128730773926e-08,2.0033461929358509e-06,-3994.8144874572754,3.6366924227593245e-07,-5362.8005090822899,2.0499123216666248e-06,1.5897852053367387,4.1023537100670637e-07,17969.56042288736,0,0,1.1241939999999999,1.159664
41,0.70000003650784492,0,0,600,600,600,-2.5420563220977783,-6.995481014251709,-2.0000065660476682,0,0,0,4.6566128730773926e-08,-1399.0962028503418,4.6566128730773926e-08,2.0033461929358509e-06,-3994.8144874572754,3.6366924227593245e-07,-5395.5005121864497,2.0499123216666248e-06,1.5898218788324812,4.1023537100670637e-07,18195.639197708322,0,0,0,0.016291
42,0.71666670404374599,1,0.033333335071802139,600,600,600,-2.6613726615905762,-7.1589808464050293,-2.2292061185836793,-9.3132257461547852e-08,1.1971646039137061e-16,-1.0430812835693359e-07,-4.6566128730773926e-08,-1431.7961692810059,-5.8207660913467407e-08,2.0494171222296131e-06,-4190.9468002319336,2.816431976526701e-07,-5624.4005339155719,2.0028509934988392e-06,1.6575644026324881,2.2343553673920269e-07,19764.742873225776,0,0,1.1505460000000001,1.198636
43,0.73333337157964706,0,0,600,600,600,-2.7834141254425049,-7.3224806785583496,-2.2292061185836793,0,0,0,-4.6566128730773926e-08,-1464.4961357116699,-5.8207660913467407e-08,2.0494171222296131e-06,-4190.9468002319336,2.816431976526701e-07,-5657.1005370197327,2.0028509934988392e-06,1.65760107612914,2.2343553673920269e-07,20001.514526092404,0,0,0,0.027035
44,0.75000003911554813,1,0.033333335071802139,600,600,600,-2.9081804752349854,-7.4859805107116699,-2.4693020153045655,-8.6602085502818227e-08,1.2381080590016108e-16,-1.0883741197176278e-07,-1.3503154150384944e-07,-1497.196102142334,-1.6774350797277293e-07,2.1083599541782405e-06,-4387.0828399658203,3.0763222547136593e-07,-5886.000558748854,1.9733284126743911e-06,1.7216166406997218,1.39888717498593e-07,21645.475413226584,0,0,1.184911,1.212448
45,0.7666667066514492,0,0,600,600,600,-3.0356717109680176,-7.6494803428649902,-2.4693020153045655,0,0,0,-1.3503154150384944e-07,-1529.896068572998,-1.6774350797277293e-07,2.1083599541782405e-06,-4387.0828399658203,3.0763222547136593e-07,-5918.7005618530147,1.9733284126743911e-06,1.7216533141963737,1.39888717498593e-07,21892.939944138878,0,0,0,0.015758000000000001
46,0.78333337418735027,1,0.033333335071802139,600,600,600,-3.1658880710601807,-7.8129801750183105,-2.7202944151560464,-4.4703323709427423e-08,5.7181500203243307e-17,-4.4703483581542969e-08,-1.7462282730917877e-07,-1562.5960350036621,-2.0954757928848267e-07,2.0411813470566642e-06,-4583.2227783203125,4.1445388276883932e-07,-6147.600583582137,1.8665585197474854e-06,1.7817702581623962,2.0490630348035666e-07,23611.75929803804,0,0,1.0793600000000001,1.107694
47,0.80000004172325134,0,0,600,600,600,-3.2988293170928955,-7.9764800071716309,-2.7202944151560464,0,0,0,-1.7462282730917877e-07,-1595.2960014343262,-2.0954757928848267e-07,2.0411813470566642e-06,-4583.2227783203125,4.1445388276883932e-07,-6180.3005866862968,1.8665585197474854e-06,1.7818069316581386,2.0490630348035666e-07,23869.916706995999,0,0,0,0.016587000000000001
48,0.81666670925915241,1,0.033333335071802139,600,600,600,-3.4344956874847412,-8.1399803161621094,-2.9821835517883302,-5.6865246733650565e-08,9.0674029970625597e-17,-8.2793121691793203e-08,-2.2962609591559158e-07,-1627.9960632324219,-2.909445129262167e-07,1.9943667548538713e-06,-4779.3665199279785,5.0949867613780953e-07,-6409.2006084154191,1.7647406589382797e-06,1.8380252550186924,2.1855416321159282e-07,25663.595568951579,0,0,1.056109,1.0857190000000001
49,0.83333337679505348,0,0,600,600,600,-3.5728869438171387,-8.3034801483154297,-2.9821835517883302,0,0,0,-2.2962609591559158e-07,-1660.6960296630859,-2.909445129262167e-07,1.9943667548538713e-06,-4779.3665199279785,5.0949867613780953e-07,-6441.9006115195798,1.7647406589382797e-06,1.8380619285153443,2.1855416321159282e-07,25932.445871547763,0,0,0,0.015788
50,0.85000004433095455,1,0.033333335071802139,600,600,600,-3.714003324508667,-8.46697998046875,-3.2549695428212484,-4.5711203711107373e-08,6.0932162093685349e-17,-4.5540218707174063e-08,-2.7202275987292523e-07,-1693.39599609375,-3.3588065662115696e-07,2.0351892660031012e-06,-4975.5138092041016,6.4488736750689668e-07,-6670.8006332487021,1.763166506130176e-06,1.8908279508505075,3.0900671088573972e-07,27800.982090461039,0,0,1.062019,1.0895440000000001
51,0.86666671186685562,0,0,600,600,600,-3.8578445911407471,-8.6304798126220703,-3.2549695428212484,0,0,0,-2.7202275987292523e-07,-1726.0959625244141,-3.3588065662115696e-07,2.0351892660031012e-06,-4975.5138092041016,6.4488736750689668e-07,-6703.5006363528619,1.763166506130176e-06,1.8908646243462499,3.0900671088573972e-07,28080.525271102888,0,0,0,0.016181000000000001
52,0.88333337940275669,1,0.033333335071802139,600,600,600,-4.0044107437133789,-8.7939796447753906,-3.538652712504069,4.7961634663806763e-13,0,0,-2.7066513474949261e-07,-1758.7959289550781,-3.3469405025243759e-07,2.0365401680599859e-06,-5171.6645278930664,8.0733648033515237e-07,-6932.4006580819841,1.7658750333104933e-06,1.9402012338396162,4.7264243008271478e-07,30023.920244321565,0,0,1.14141,1.2125589999999999
53,0.90000004693865776,0,0,600,600,600,-4.1537022590637207,-8.9574794769287109,-3.538652712504069,0,0,0,-2.7066513474949261e-07,-1791.4958953857422,-3.3469405025243759e-07,2.0365401680599859e-06,-5171.6645278930664,8.0733648033515237e-07,-6965.100661186144,1.7658750333104933e-06,1.9402379073353586,4.7264243008271478e-07,30314.15630300908,0,0,0,0.016215
54,0.91666671447455883,1,0.033333335071802139,600,600,600,-4.3057184219360352,-9.1209793090820312,-3.8332332388559975,4.7961634663806763e-13,0,0,-2.7066513474949261e-07,-1824.1958618164062,-3.3469405025243759e-07,1.9735965790523835e-06,-5367.818229675293,8.8816459609120102e-07,-7194.0006829152662,1.7029314443028909e-06,1.9865914235670061,5.5347054583876343e-07,32332.407902960305,0,0,1.1847700000000001,1.216172
55,0.9333333820104599,0,0,600,600,600,-4.4604597091674805,-9.2844791412353516,-3.8332332388559975,0,0,0,-2.7066513474949261e-07,-1856.8958282470703,-3.3469405025243759e-07,1.9735965790523835e-06,-5367.818229675293,8.8816459609120102e-07,-7226.7006860194269,1.7029314443028909e-06,1.9866280970636581,5.5347054583876343e-07,32633.336839693486,0,0,0,0.017066999999999999
56,0.95000004954636097,1,0.033333335071802139,600,600,600,-4.6179261207580566,-9.4479789733886719,-4.1387112903594971,-1.9688286556629464e-08,2.5578277424711734e-17,-1.94586391444318e-08,-2.8837519039370818e-07,-1889.5957946777344,-3.5345415483334364e-07,1.9562034201392464e-06,-5563.9744262695312,8.8782962581746006e-07,-7455.6007077485492,1.6678282297455382e-06,2.0304868012835868,5.3437547098411642e-07,34726.442181204577,0,0,1.4159040000000001,1.4829110000000001
57,0.96666671708226204,0,0,600,600,600,-4.7781176567077637,-9.6114788055419922,-4.1387112903594971,0,0,0,-2.8837519039370818e-07,-1922.2957611083984,-3.5345415483334364e-07,1.9562034201392464e-06,-5563.9744262695312,8.8782962581746006e-07,-7488.300710852709,1.6678282297455382e-06,2.0305234747793293,5.3437547098411642e-07,35038.063995983423,0,0,0,0.033216000000000002
58,0.98333338461816311,1,0.033333335071802139,600,600,600,-4.9410338401794434,-9.7749786376953125,-4.4550869623819986,7.4512200853860122e-09,-8.6236424359960318e-18,3.7252902984619141e-09,-2.7939612845528927e-07,-1954.9957275390625,-3.4633558243513107e-07,1.9269297668600416e-06,-5760.1331405639648,9.5044630388230189e-07,-7717.2007325818313,1.6475336384047523e-06,2.0718644788039455,6.0411072144717082e-07,37206.02465628444,0,0,1.204243,1.2353639999999999
59,1.0000000521540642,0,0,600,600,600,-5.1066751480102539,-9.9384784698486328,-4.4550869623819986,0,0,0,-2.7939612845528927e-07,-1987.6956939697266,-3.4633558243513107e-07,1.9269297668600416e-06,-5760.1331405639648,9.5044630388230189e-07,-7749.900735685992,1.6475336384047523e-06,2.0719011523005975,6.0411072144717082e-07,37528.339349108952,0,0,0,0.024038
60,1.0166667196899652,1,0.033333335071802139,600,600,600,-5.2750415802001953,-10.101978302001953,-4.7823602803548173,1.3934050002717413e-07,-1.5258112698660065e-16,3.9305177779169753e-08,-1.2492265000219049e-07,-2020.3956604003906,-2.8607445301531698e-07,1.8045281733325425e-06,-5956.2941665649414,8.8888445581858377e-07,-7978.8007574151134,1.679605523330352e-06,2.1109304497813355,6.028100028032668e-07,39771.027276665365,0,0,1.221916,1.252502
61,1.0333333872258663,0,0,600,600,600,-5.4461326599121094,-10.265478134155273,-4.7823602803548173,0,0,0,-1.2492265000219049e-07,-2053.0956268310547,-2.8607445301531698e-07,1.8045281733325425e-06,-5956.2941665649414,8.8888445581858377e-07,-8011.5007605192741,1.679605523330352e-06,2.1109671232779874,6.028100028032668e-07,40104.034847535542,0,0,0,0.016167999999999998
62,1.0500000547617674,1,0.033333335071802139,600,600,600,-5.6199488639831543,-10.428977966308594,-5.1205315144856769,4.496178007684648e-08,-5.5073235197527354e-17,2.3544998839497566e-08,-7.7973538736841874e-08,-2085.7955932617188,-2.6493012228456791e-07,1.716373468463317e-06,-6152.4571990966797,8.1236529414496772e-07,-8240.4007822483964,1.6383999297264751e-06,2.1479898899979162,5.4743517186039981e-07,42421.670835458761,0,0,1.2256180000000001,1.2546520000000001
63,1.0666667222976685,0,0,600,600,600,-5.7964901924133301,-10.592477798461914,-5.1205315144856769,0,0,0,-7.7973538736841874e-08,-2118.4955596923828,-2.6493012228456791e-07,1.716373468463317e-06,-6152.4571990966797,8.1236529414496772e-07,-8273.1007853525571,1.6383999297264751e-06,2.1480265634945681,5.4743517186039981e-07,42765.371284374603,0,0,0,0.016329
64,1.0833333898335695,1,0.033333335071802139,600,600,600,-5.9757566452026367,-10.755977630615234,-5.4696006329854328,1.9299477571621537e-08,-3.4465770623777481e-17,2.3370375856757164e-08,-5.8814464409806533e-08,-2151.1955261230469,-2.3018174033495598e-07,1.7761133976890164e-06,-6348.6218490600586,8.6543386812465428e-07,-8502.0008070816784,1.7172989332792099e-06,2.1834318985729624,6.3525212778969831e-07,45157.864200875607,0,0,1.1059429999999999,1.135599
65,1.1000000573694706,0,0,600,600,600,-6.157747745513916,-10.919477462768555,-5.4696006329854328,0,0,0,-5.8814464409806533e-08,-2183.8954925537109,-2.3018174033495598e-07,1.7761133976890164e-06,-6348.6218490600586,8.6543386812465428e-07,-8534.7008101858391,1.7172989332792099e-06,2.1834685720696143,6.3525212778969831e-07,45512.257527837115,0,0,0,0.025669000000000001
66,1.1166667249053717,1,0.033333335071802139,600,600,600,-6.3424639701843262,-11.082977294921875,-5.8295678329467773,7.6327523856889457e-08,-8.8746182982674809e-17,2.5329427444376051e-08,1.8120260847354075e-08,-2216.595458984375,-1.958596840268001e-07,1.7230932969347634e-06,-6544.7882080078125,8.4979770242910035e-07,-8763.6008319149605,1.7412135577821175e-06,2.2171649227730086,6.5393801840230026e-07,47979.607854667294,0,0,1.215265,1.2595639999999999
67,1.1333333924412727,0,0,600,600,600,-6.5299053192138672,-11.246477127075195,-5.8295678329467773,0,0,0,1.8120260847354075e-08,-2249.2954254150391,-1.958596840268001e-07,1.7230932969347634e-06,-6544.7882080078125,8.4979770242910035e-07,-8796.3008350191212,1.7412135577821175e-06,2.2172015962696605,6.5393801840230026e-07,48344.694059674468,0,0,0,0.023276000000000002
68,1.1500000599771738,1,0.033333335071802139,600,600,600,-6.7200717926025391,-11.409976959228516,-6.2004332542419434,1.2237933333381079e-08,-2.8959632950150901e-17,2.801243681460619e-08,2.8885338565487473e-08,-2281.9953918457031,-1.7024284204580908e-07,1.7173783160018274e-06,-6740.9565048217773,7.4778309233636264e-07,-9025.2008567482426,1.7462636545673149e-06,2.2489600807621173,5.7754025029055356e-07,50886.904455133219,0,0,1.4244479999999999,1.471274
69,1.1666667275130749,0,0,600,600,600,-6.9129629135131836,-11.573476791381836,-6.2004332542419434,0,0,0,2.8885338565487473e-08,-2314.6953582763672,-1.7024284204580908e-07,1.7173783160018274e-06,-6740.9565048217773,7.4778309233636264e-07,-9057.9008598524033,1.7462636545673149e-06,2.2489967542587692,5.7754025029055356e-07,51262.683538186058,0,0,0,0.030632
70,1.1833333950489759,1,0.033333335071802139,600,600,600,-7.108579158782959,-11.736976623535156,-6.5821969985961912,2.6579300538287498e-08,-3.7074208584847099e-17,1.5868863556534052e-08,5.4402704563472071e-08,-2347.3953247070312,-1.5130332542412361e-07,1.6128469462195483e-06,-6937.1266250610352,7.92459641463239e-07,-9286.8008815815265,1.6672496507830203e-06,2.2789318134600762,6.4115631603911538e-07,53879.753315848946,0,0,1.420928,1.45479
71,1.200000062584877,0,0,600,600,600,-7.3069205284118652,-11.900476455688477,-6.5821969985961912,0,0,0,5.4402704563472071e-08,-2380.0952911376953,-1.5130332542412361e-07,1.6128469462195483e-06,-6937.1266250610352,7.92459641463239e-07,-9319.5008846856854,1.6672496507830203e-06,2.2789684869549092,6.4115631603911538e-07,54266.225276947451,0,0,0,0.016223000000000001
72,1.2166667301207781,1,0.033333335071802139,600,600,600,-7.5079870223999023,-12.063976287841797,-6.9748590660095218,7.0160893983484129e-08,-1.002861333862878e-16,3.8187977224879432e-08,1.2604015608985719e-07,-2412.7952575683594,-1.1641089203706656e-07,1.4641061736320182e-06,-7133.2984619140625,6.2014988788661185e-07,-9548.4009064148086,1.5901463297218754e-06,2.3071869323866849,5.0373899584954529e-07,56958.153910945919,0,0,1.3924570000000001,1.423621
73,1.2333333976566792,0,0,600,600,600,-7.7117781639099121,-12.227476119995117,-6.9748590660095218,0,0,0,1.2604015608985719e-07,-2445.4952239990234,-1.1641089203706656e-07,1.4641061736320182e-06,-7133.2984619140625,6.2014988788661185e-07,-9581.1009095189693,1.5901463297218754e-06,2.3072236058833369,5.0373899584954529e-07,57355.318750090089,0,0,0,0.016188999999999999
74,1.2500000651925802,1,0.033333335071802139,600,600,600,-7.9182944297790527,-12.390975952148438,-7.3784196281433108,1.1548291922736098e-07,-1.9949319973733282e-16,1.1920928955078125e-07,2.2991917258963213e-07,-2478.1951904296875,0,1.2946027805327276e-06,-7329.4718780517578,4.7544438963598168e-07,-9810.0009312480906,1.5245219531223597e-06,2.3338627666453249,4.7544438963598168e-07,60122.038855954954,0,0,1.2052039999999999,1.2439169999999999
75,1.2666667327284813,0,0,600,600,600,-8.1275358200073242,-12.554475784301758,-7.3784196281433108,0,0,0,2.2991917258963213e-07,-2510.8951568603516,0,1.2946027805327276e-06,-7329.4718780517578,4.7544438963598168e-07,-9842.7009343522514,1.5245219531223597e-06,2.3338994401419768,4.7544438963598168e-07,60529.89657314479,0,0,0,0.016205000000000001
76,1.2833334002643824,1,0.033333335071802139,600,600,600,-8.3395023345947266,-12.717975616455078,-7.7928787422180177,8.7473381427116692e-08,-1.3330435117298728e-16,4.2315150494687259e-08,3.1756712814967614e-07,-2543.5951232910156,3.6149572224530857e-08,1.2378234406362765e-06,-7525.646598815918,4.9147993186338113e-07,-10071.600956081373,1.5553905687859526e-06,2.3592339744391211,5.2762950408791198e-07,63371.52657950006,0,0,1.0299149999999999,1.061185
77,1.3000000678002834,0,0,600,600,592,-8.5541934967041016,-12.881475448608398,-7.7928787422180177,0,0,0,3.1756712814967614e-07,-2576.2950897216797,3.6149572224530857e-08,1.2378234406362765e-06,-7525.646598815918,4.9147993186338113e-07,-10104.300959185533,1.5553905687859526e-06,2.359270647935773,5.2762950408791198e-07,63790.077174735561,0,0,0,0.016178000000000001
78,1.3166667353361845,1,0.033333335071802139,600,600,600,-8.7716093063354492,-13.044975280761719,-8.2182366243998217,2.8419890441000462e-08,-4.9788808397844588e-17,1.4066245057620108e-08,3.4693226069748562e-07,-2608.9950561523438,5.9177196476412064e-08,1.2511880127519248e-06,-7721.8227310180664,4.9999506801512439e-07,-10333.200980914655,1.5981202734494104e-06,2.383193744244636,5.5917226449153645e-07,66706.567930312944,0,0,1.2327710000000001,1.263987
79,1.3333334028720856,0,0,600,600,592,-8.9917507171630859,-13.208475112915039,-8.2182366243998217,0,0,0,3.4693226069748562e-07,-2641.6950225830078,5.9177196476412064e-08,1.2511880127519248e-06,-7721.8227310180664,4.9999506801512439e-07,-10365.900984018816,1.5981202734494104e-06,2.383230417741288,5.5917226449153645e-07,67135.811403594096,0,0,0,0.016185999999999999
80,1.3500000704079866,1,0.033333335071802139,600,600,600,-9.2146167755126953,-13.371974945068359,-8.6544929504394528,6.7829660110874102e-08,-1.1279810703643429e-16,2.5938788894563913e-08,4.143400289535748e-07,-2674.3949890136719,9.1249496847467526e-08,1.1701877036252029e-06,-7917.9999618530273,5.4456252307488739e-07,-10594.801005747939,1.5845277325787777e-06,2.40605488123947,6.3581201992235492e-07,70127.158720024003,0,0,1.33762,1.382898
81,1.3666667379438877,0,0,600,600,592,-9.4402084350585938,-13.53547477722168,-8.6544929504394528,0,0,0,4.143400289535748e-07,-2707.0949554443359,9.1249496847467526e-08,1.1701877036252029e-06,-7917.9999618530273,5.4456252307488739e-07,-10627.501008852098,1.5845277325787777e-06,2.4060915547343029,6.3581201992235492e-07,70567.095071350835,0,0,0,0.016522999999999999
82,1.3833334054797888,1,0.033333335071802139,600,600,600,-9.6685247421264648,-13.698974609375,-9.1016478602091464,4.0323353545090868e-08,-7.3159929720248429e-17,1.6909325495362282e-08,4.5720582875219407e-07,-2739.794921875,1.1277592193437158e-07,1.1151377194984491e-06,-8114.1785202026367,4.7964455696103414e-07,-10856.401030581221,1.5723435482506432e-06,2.4275885035840474,5.9242047889540572e-07,73633.302009227991,0,0,1.4557340000000001,1.5049459999999999
83,1.4000000730156898,0,0,600,600,592,-9.8995656967163086,-13.86247444152832,-9.1016478602091464,0,0,0,4.5720582875219407e-07,-2772.4948883056641,1.1277592193437158e-07,1.1151377194984491e-06,-8114.1785202026367,4.7964455696103414e-07,-10889.101033685381,1.5723435482506432e-06,2.4276251770806994,5.9242047889540572e-07,74083.931238600489,0,0,0,0.024431000000000001
84,1.4166667405515909,1,0.033333335071802139,600,600,600,-10.133332252502441,-14.025974273681641,-9.5597018305460608,5.3662912335994406e-08,-1.0512995746961052e-16,2.8155014319963811e-08,5.1129109834846531e-07,-2805.1948547363281,1.4666450276479281e-07,1.0746174452513912e-06,-8310.3579559326172,4.2608695594026358e-07,-11118.001055414503,1.5859085435998566e-06,2.4482447455575311,5.7275145870505639e-07,77224.991994488868,0,0,1.237023,1.270516
85,1.433333408087492,0,0,600,600,560,-10.369823455810547,-14.189474105834961,-9.5597018305460608,0,0,0,5.1129109834846531e-07,-2837.8948211669922,1.4666450276479281e-07,1.0746174452513912e-06,-8310.3579559326172,4.2608695594026358e-07,-11150.701058518664,1.5859085435998566e-06,2.4482814190541831,5.7275145870505639e-07,77686.314101907046,0,0,0,0.016202999999999999
86,1.4500000756233931,1,0.033333335071802139,600,600,600,-10.609039306640625,-14.352973937988281,-10.028654645284018,3.2270687455593361e-08,-5.4225355217325799e-17,1.0531948646530509e-09,5.4461537501993007e-07,-2870.5947875976562,1.451169850952283e-07,1.0585536089902092e-06,-8506.5384216308594,3.6264986480460948e-07,-11379.601080247785,1.6031689840101393e-06,2.4678710192692961,5.0776684989983778e-07,80902.230988385985,0,0,1.269263,1.300082
87,1.4666667431592941,0,0,600,600,560,-10.850980758666992,-14.516473770141602,-10.028654645284018,0,0,0,5.4461537501993007e-07,-2903.2947540283203,1.451169850952283e-07,1.0585536089902092e-06,-8506.5384216308594,3.6264986480460948e-07,-11412.301083351946,1.6031689840101393e-06,2.467907692765948,5.0776684989983778e-07,81374.245973849815,0,0,0,0.016167999999999998
88,1.4833334106951952,1,0.033333335071802139,600,600,600,-11.095646858215332,-14.679973602294922,-10.508506406148275,1.3906172213751233e-08,-3.2305836608279015e-17,1.0128132998943329e-08,5.5814837196521694e-07,-2935.9947204589844,1.5128165387068293e-07,1.109601251103598e-06,-8702.7197799682617,2.8926472772639045e-07,-11641.201105081067,1.6677496230688149e-06,2.4866046538209048,4.4054638159707338e-07,84665.017427233426,0,0,1.2171419999999999,1.24675
89,1.5000000782310963,0,0,600,600,560,-11.343038558959961,-14.843473434448242,-10.508506406148275,0,0,0,5.5814837196521694e-07,-2968.6946868896484,1.5128165387068293e-07,1.109601251103598e-06,-8702.7197799682617,2.8926472772639045e-07,-11673.901108185228,1.6677496230688149e-06,2.4866413273175567,4.4054638159707338e-07,85147.725290742921,0,0,0,0.016234999999999999
90,1.5166667457669973,1,0.033333335071802139,600,600,600,-11.593154907226562,-15.006973266601562,-10.999257113138835,5.5895721828846945e-08,-1.1572164125388251e-16,2.2540916688740253e-08,6.1253615513123805e-07,-3001.3946533203125,1.707945784801268e-07,1.0589291292717462e-06,-8898.9020919799805,2.4982188273625638e-07,-11902.801129914351,1.6714652844029843e-06,2.5043846140579262,4.2061646121638319e-07,88513.352595904013,0,0,1.034432,1.0733079999999999
91,1.5333334133028984,0,0,600,600,560,-11.845995903015137,-15.170473098754883,-10.999257113138835,0,0,0,6.1253615513123805e-07,-3034.0946197509766,1.707945784801268e-07,1.0589291292717462e-06,-8898.9020919799805,2.4982188273625638e-07,-11935.50113301851,1.6714652844029843e-06,2.5044212875527592,4.2061646121638319e-07,89006.753337459173,0,0,0,0.023970000000000002
92,1.5500000808387995,1,0.033333335071802139,600,600,600,-12.1015625,-15.333972930908203,-11.500906804402669,4.0203300244456841e-08,-8.7198653788041203e-17,9.1313268058001995e-09,6.5243170865869615e-07,-3066.7945861816406,1.810164462767716e-07,1.0418461513506116e-06,-9095.0849990844727,2.2350252093517042e-07,-12164.401154747633,1.6942778600093078e-06,2.5215694815196912,4.0451896721194203e-07,92447.231567427792,0,0,1.0915509999999999,1.122601
93,1.5666667483747005,0,0,600,600,528,-12.359853744506836,-15.497472763061523,-11.500906804402669,0,0,0,6.5243170865869615e-07,-3099.4945526123047,1.810164462767716e-07,1.0418461513506116e-06,-9095.0849990844727,2.2350252093517042e-07,-12197.101157851792,1.6942778600093078e-06,2.5216061550145241,4.0451896721194203e-07,92951.325187028619,0,0,0,0.016166
94,1.5833334159106016,1,0.033333335071802139,600,600,600,-12.620869636535645,-15.660972595214844,-12.013455683390299,3.6397935776477652e-09,-1.2126123672892564e-17,6.3264451455324888e-09,6.5358563006157055e-07,-3132.1945190429688,1.8304433524463093e-07,1.0532714477262672e-06,-9291.2687377929688,2.0975242898124691e-07,-12426.001179580915,1.7068570777878378e-06,2.5379227449775499,3.9279676422587784e-07,96466.65822742357,0,0,1.286025,1.3175129999999999
95,1.6000000834465027,0,0,600,600,528,-12.884611129760742,-15.824472427368164,-12.013455683390299,0,0,0,6.5358563006157055e-07,-3164.8944854736328,1.8304433524463093e-07,1.0532714477262672e-06,-9291.2687377929688,2.0975242898124691e-07,-12458.701182685076,1.7068570777878378e-06,2.5379594184742018,3.9279676422587784e-07,96981.444725070061,0,0,0,0.021260000000000001
96,1.6166667509824038,1,0.033333335071802139,600,600,600,-13.151077270507812,-15.987972259521484,-12.536903826395671,6.8319423007778823e-08,-1.5555124801614785e-16,1.4990291674621403e-08,7.2169967779700528e-07,-3197.5944519042969,1.9794050842847355e-07,1.0089630441134645e-06,-9487.4531326293945,1.6876973307766718e-07,-12687.601204414197,1.7306627219104698e-06,2.5536198805057211,3.6671024150614073e-07,100571.6303085554,0,0,1.2242109999999999,1.256548
97,1.6333334185183048,0,0,600,600,528,-13.420268058776855,-16.151472091674805,-12.536903826395671,0,0,0,7.2169967779700528e-07,-3230.2944183349609,1.9794050842847355e-07,1.0089630441134645e-06,-9487.4531326293945,1.6876973307766718e-07,-12720.301207518358,1.7306627219104698e-06,2.553656554002373,3.6671024150614073e-07,101097.10968424755,0,0,0,0.016206000000000002
98,1.6500000860542059,1,0.033333335071802139,600,600,600,-13.692184448242188,-16.314971923828125,-13.071250801086427,9.9412309495505724e-09,-2.405637097673257e-17,8.1763573689386249e-10,7.310468674859294e-07,-3262.994384765625,2.0140031864457342e-07,9.928447916029981e-07,-9683.6376647949219,1.7580402644767901e-07,-12949.201229247479,1.7238916590889275e-06,2.5691796869323298,3.7720434509225242e-07,104762.13981909701,0,0,1.1548769999999999,1.1863790000000001
99,1.666666753590107,0,0,600,600,528,-13.966825485229492,-16.478471755981445,-13.071250801086427,0,0,0,7.310468674859294e-07,-3295.6943511962891,2.0140031864457342e-07,9.928447916029981e-07,-9683.6376647949219,1.7580402644767901e-07,-12981.90123235164,1.7238916590889275e-06,2.5692163604289817,3.7720434509225242e-07,105298.31207283483,0,0,0,0.016178000000000001
100,1.683333421126008,1,0.033333335071802139,600,600,600,-14.244192123413086,-16.641971588134766,-13.616496887207031,2.4321931135773411e-08,-6.1587765594860178e-17,5.2680206863442436e-09,7.5540995680967171e-07,-3328.3943176269531,2.1062476207589498e-07,9.7954729449956091e-07,-9879.8219604492188,1.7163516585760874e-07,-13210.801254080761,1.7349572513092326e-06,2.5849760045894072,3.8225992793350372e-07,109038.18049531248,0,0,1.1019840000000001,1.132307
101,1.7000000886619091,0,0,600,600,496,-14.524283409118652,-16.805471420288086,-13.616496887207031,0,0,0,7.5540995680967171e-07,-3361.0942840576172,2.1062476207589498e-07,9.7954729449956091e-07,-9879.8219604492188,1.7163516585760874e-07,-13243.501257184922,1.7349572513092326e-06,2.5850126780860592,3.8225992793350372e-07,109585.04562709597,0,0,0,0.016161999999999999
102,1.7166667561978102,1,0.033333335071802139,600,600,600,-14.807099342346191,-16.968971252441406,-14.172642250061035,7.6828641226711625e-08,1.0084617060694689e-13,1.0728399502113461e-08,8.4610292105935514e-07,-3393.7942504882812,1.9626327230071183e-07,8.9003112135888074e-07,-10076.006561279297,1.5013261922547372e-07,-13472.401278914045,1.7361340424182359e-06,2.6004671464670537,3.4639589152618555e-07,113399.74730101999,0,0,1.2798579999999999,1.3409660000000001
103,1.7333334237337112,0,0,600,600,496,-15.09264087677002,-17.132471084594727,-14.172642250061035,0,0,0,8.4610292105935514e-07,-3426.4942169189453,1.9626327230071183e-07,8.9003112135888074e-07,-10076.006561279297,1.5013261922547372e-07,-13505.101282018204,1.7361340424182359e-06,2.6005038199618866,3.4639589152618555e-07,113957.30531084914,0,0,0,0.016289999999999999
104,1.7500000912696123,1,0.033333335071802139,600,600,600,-15.38090705871582,-17.295970916748047,-14.739686851501466,6.3578227127436548e-08,-1.4662648536740291e-16,3.7036443245597184e-08,9.0203045033376839e-07,-3459.1941833496094,2.2792789877712494e-07,7.8714134821300519e-07,-10272.192428588867,1.0858848886741157e-07,-13734.001303747327,1.6891717985467736e-06,2.6146918088506936,3.3651638764453651e-07,117846.87257833748,0,0,1.1350579999999999,1.1681779999999999
105,1.7666667588055134,0,0,600,600,432,-15.671897888183594,-17.459470748901367,-14.739686851501466,0,0,0,9.0203045033376839e-07,-3491.8941497802734,2.2792789877712494e-07,7.8714134821300519e-07,-10272.192428588867,1.0858848886741157e-07,-13766.701306851488,1.6891717985467736e-06,2.6147284823473456,3.3651638764453651e-07,118415.1234662123,0,0,0,0.01618
106,1.7833334263414145,1,0.033333335071802139,600,600,600,-15.965614318847656,-17.622970581054688,-15.317630627950033,3.3160154622180471e-09,9.5134505470866743e-18,-1.5583282220177352e-08,9.0550607012573892e-07,-3524.5941162109375,2.1186359333569271e-07,8.1312261113186679e-07,-10468.378311157227,1.4043370244465336e-07,-13995.601328580609,1.7186286812576057e-06,2.6289012124452711,3.5229729578034608e-07,122379.54217016257,0,0,1.1235120000000001,1.158048
107,1.8000000938773155,0,0,600,600,432,-16.262056350708008,-17.786470413208008,-15.317630627950033,0,0,0,9.0550607012573892e-07,-3557.2940826416016,2.1186359333569271e-07,8.1312261113186679e-07,-10468.378311157227,1.4043370244465336e-07,-14028.30133168477,1.7186286812576057e-06,2.628937885941923,3.5229729578034608e-07,122958.48593608306,0,0,0,0.016206999999999999
108,1.8166667614132166,1,0.033333335071802139,600,600,600,-16.561222076416016,-17.949970245361328,-15.906473668416341,3.0347102608629939e-08,-8.8526801449335946e-17,3.1241143005900085e-09,9.3599865635951573e-07,-3589.9940490722656,2.1380728298936447e-07,7.6854034358753154e-07,-10664.564605712891,9.745167695029977e-08,-14257.201353413891,1.7045389999470473e-06,2.642698628735161,3.1125895993966424e-07,126997.75536613585,0,0,1.135758,1.169473
109,1.8333334289491177,0,0,600,600,400,-16.863113403320312,-18.113470077514648,-15.906473668416341,0,0,0,9.3599865635951573e-07,-3622.6940155029297,2.1380728298936447e-07,7.6854034358753154e-07,-10664.564605712891,9.745167695029977e-08,-14289.901356518052,1.7045389999470473e-06,2.642735302231813,3.1125895993966424e-07,127587.392010102,0,0,0,0.016164000000000001
110,1.8500000964850187,1,0.033333335071802139,600,600,600,-17.167730331420898,-18.276969909667969,-16.506215845743814,2.3798737203151177e-08,-7.4206438926581117e-17,4.7739376896061003e-09,9.6018304418521438e-07,-3655.3939819335938,2.1627357682518777e-07,7.5008803679388336e-07,-10860.751480102539,8.9658516055912685e-08,-14518.801378247173,1.7102710809790977e-06,2.655916211040676,3.0593209288110046e-07,131701.51522863045,0,0,1.222186,1.2566850000000001
111,1.8666667640209198,0,0,600,600,400,-17.475070953369141,-18.440469741821289,-16.506215845743814,0,0,0,9.6018304418521438e-07,-3688.0939483642578,2.1627357682518777e-07,7.5008803679388336e-07,-10860.751480102539,8.9658516055912685e-08,-14551.501381351334,1.7102710809790977e-06,2.6559528845373279,3.0593209288110046e-07,132301.84475064225,0,0,0,0.016315
112,1.8833334315568209,1,0.033333335071802139,600,600,600,-17.785137176513672,-18.603969573974609,-17.11685691833496,3.3240198149542266e-08,-1.0992624182876859e-16,5.7243596529588103e-09,9.9306873835303122e-07,-3720.7939147949219,2.2058230797483702e-07,7.4480693990075508e-07,-11056.938934326172,1.1402481614464222e-07,-14780.401403080457,1.7378756782537863e-06,2.6685539593636349,3.3460712411947924e-07,136490.8220240993,0,0,1.3063279999999999,1.3428059999999999
113,1.9000000990927219,0,0,600,600,400,-18.097929000854492,-18.76746940612793,-17.11685691833496,0,0,0,9.9306873835303122e-07,-3753.4938812255859,2.2058230797483702e-07,7.4480693990075508e-07,-11056.938934326172,1.1402481614464222e-07,-14813.101406184616,1.7378756782537863e-06,2.6685906328584679,3.3460712411947924e-07,137101.84442415676,0,0,0,0.016178999999999999
114,1.916666766628623,1,0.033333335071802139,600,600,600,-18.413444519042969,-18.93096923828125,-17.738397623697917,1.6035297534244819e-08,-5.4983449705118398e-17,3.4779077395796776e-09,1.0089124202750099e-06,-3786.19384765625,2.2377903974302171e-07,7.4398100857742122e-07,-11253.126754760742,1.2451911424182782e-07,-15042.001427913739,1.7528934288524312e-06,2.6808254967472749,3.4829815398484953e-07,141365.67206764439,0,0,1.22597,1.26197
115,1.9333334341645241,0,0,600,600,400,-18.731685638427734,-19.09446907043457,-17.738397623697917,0,0,0,1.0089124202750099e-06,-3818.8938140869141,2.2377903974302171e-07,7.4398100857742122e-07,-11253.126754760742,1.2451911424182782e-07,-15074.7014310179,1.7528934288524312e-06,2.6808621702439268,3.4829815398484953e-07,141987.38734574756,0,0,0,0.040629999999999999
116,1.9500001017004251,1,0.033333335071802139,600,600,600,-19.052652359008789,-19.257968902587891,-18.370837885538737,2.2878328564956973e-08,-7.3335265540330069e-17,-3.2423486118204892e-09,1.0317037890672509e-06,-3851.5937805175781,2.2079760242377233e-07,7.1556797487382084e-07,-11449.315017700195,1.1035258917768687e-07,-15303.601452747022,1.7472717639410718e-06,2.6926545292481023,3.311501916014592e-07,146326.06697235274,0,0,1.126444,1.1626000000000001
117,1.9666667692363262,0,0,600,600,400,-19.3763427734375,-19.421468734741211,-18.370837885538737,0,0,0,1.0317037890672509e-06,-3884.2937469482422,2.2079760242377233e-07,7.1556797487382084e-07,-11449.315017700195,1.1035258917768687e-07,-15336.301455851182,1.7472717639410718e-06,2.6926912027447543,3.311501916014592e-07,146958.47512850154,0,0,0,0.026654000000000001
118,1.9833334367722273,1,0.033333335071802139,600,600,600,-19.7027587890625,-19.584968566894531,-19.014177322387695,-1.6616481524067694e-09,6.7660991826673511e-18,-5.3969415603205562e-09,1.030447727146111e-06,-3916.9937133789062,2.1618520307242761e-07,7.2220973956760304e-07,-11645.50358581543,1.0250674709055829e-07,-15565.201477580304,1.752657466713714e-06,2.7041783859676798,3.186919501629859e-07,151372.00434230891,0,0,1.2149719999999999,1.249763
119,2.0000001043081284,0,0,600,600,400,-20.031900405883789,-19.748468399047852,-19.014177322387695,0,0,0,1.030447727146111e-06,-3949.6936798095703,2.1618520307242761e-07,7.2220973956760304e-07,-11645.50358581543,1.0250674709055829e-07,-15597.901480684464,1.752657466713714e-06,2.7042150594643317,3.186919501629859e-07,152015.10537650337,0,0,0,0.016188000000000001
