step,time,posX,posY,posZ,upX,upY,upZ,grounded,velX,velY,velZ,gravX,gravY,gravZ,controlled,obj0PosX,obj0PosY,obj0PosZ,obj0VelX,obj0VelY,obj0VelZ,obj1PosX,obj1PosY,obj1PosZ,obj1VelX,obj1VelY,obj1VelZ,obj2PosX,obj2PosY,obj2PosZ,obj2VelX,obj2VelY,obj2VelZ,obj3PosX,obj3PosY,obj3PosZ,obj3VelX,obj3VelY,obj3VelZ,obj4PosX,obj4PosY,obj4PosZ,obj4VelX,obj4VelY,obj4VelZ
0,0.0000,295.8550,82.8998,-7.2537,-0.0173,0.9994,-0.0303,0,0.0081,-0.1627,0.0142,0.488031,-9.760560,0.854049,0,293.9001,81.3329,-5.5916,0.0122,-0.1627,0.0112,295.8494,81.1255,-4.1408,0.0083,-0.1631,0.0083,295.8514,81.0517,-3.5958,0.0083,-0.1631,0.0072,298.3581,80.8063,-0.7624,0.0033,-0.1635,0.0015,296.9812,80.5005,-3.0188,0.0060,-0.1608,0.0060
10,0.1667,295.8638,82.7236,-7.2383,-0.0497,0.9950,-0.0871,0,0.0895,-1.7894,0.1566,0.488030,-9.760561,0.854049,0,293.9133,81.1567,-5.5795,0.1342,-1.7893,0.1230,295.8584,80.9489,-4.1317,0.0918,-1.7938,0.0916,295.8604,80.8749,-3.5879,0.0918,-1.7944,0.0796,298.3617,80.6292,-0.7607,0.0365,-1.7980,0.0170,296.9878,80.3262,-3.0122,0.0664,-1.7698,0.0664
20,0.3333,295.8862,82.2763,-7.1992,-0.0497,0.9950,-0.0871,0,0.1708,-3.4162,0.2989,0.488030,-9.760560,0.854049,0,293.9468,80.7094,-5.5488,0.2562,-3.4159,0.2348,295.8545,80.8427,-4.1173,-0.0959,-0.0376,0.0732,295.8571,80.7637,-3.5749,-0.0896,-0.0894,0.0657,298.3563,80.5220,-0.7521,-0.0771,-0.0540,0.0577,296.9876,80.2562,-3.0064,-0.0305,-0.0054,0.0236
30,0.5000,295.9221,81.5580,-7.1341,-0.0497,0.9950,-0.0871,0,0.2519,-5.0313,0.5741,0.488031,-9.760584,0.853784,0,293.9700,80.4773,-5.5429,0.0708,-0.1791,-0.0889,295.8340,80.8339,-4.1019,-0.1457,-0.0664,0.1088,295.8382,80.7439,-3.5612,-0.1343,-0.1444,0.0959,298.3398,80.5104,-0.7399,-0.1177,-0.0822,0.0863,296.9810,80.2549,-3.0014,-0.0468,-0.0102,0.0355
40,0.6667,295.9582,80.8437,-6.9063,-0.0498,0.9951,-0.0854,1,0.0038,0.0144,2.0789,0.488073,-9.762294,0.833972,0,293.9569,80.4058,-5.5752,-0.0935,0.2700,-0.0960,295.8048,80.8191,-4.0805,-0.2010,-0.1108,0.1447,295.8115,80.7135,-3.5426,-0.1813,-0.2170,0.1240,298.3160,80.4939,-0.7228,-0.1644,-0.1136,0.1170,296.9715,80.2525,-2.9943,-0.0656,-0.0180,0.0482
50,0.8333,295.9573,80.8869,-6.3185,-0.0498,0.9957,-0.0786,1,0.0011,0.1516,4.0005,0.488209,-9.768087,0.763034,0,293.9635,80.3903,-5.5651,-0.0895,-0.0115,0.0302,295.7992,80.8466,-4.0523,0.0409,0.2376,0.1534,295.8076,80.7242,-3.5183,0.0743,0.2057,0.1278,298.3062,80.4269,-0.7055,0.0679,-0.3902,0.0585,296.9706,80.2511,-2.9868,0.0372,0.0007,0.0222
60,1.0000,295.9591,80.9221,-5.7552,-0.0498,0.9962,-0.0713,1,0.0026,0.1226,4.0015,0.488029,-9.773169,0.695069,0,293.9604,80.3888,-5.5691,0.0014,-0.0005,0.0010,295.7947,80.8993,-3.8748,-0.0025,-0.3275,1.2009,295.8047,80.7704,-3.3425,0.0065,-0.3662,1.1867,298.3071,80.3916,-0.5343,0.0063,-0.8474,1.1436,296.9691,80.1605,-2.4197,-0.0282,-0.5983,4.0517
70,1.1667,295.9594,80.9527,-5.1171,-0.0498,0.9967,-0.0638,1,0.0041,0.0925,4.0023,0.488062,-9.778337,0.618093,0,293.9618,80.3890,-5.5677,0.0139,0.0016,0.0140,295.7857,80.8335,-3.5098,-0.0636,-0.6679,2.7562,295.7969,80.6960,-2.9832,-0.0580,-0.7194,2.7182,298.3003,80.2409,-0.1841,-0.0789,-1.1161,2.7088,296.9670,79.9923,-1.7845,-0.0139,-1.2170,3.9381
80,1.3333,295.9603,80.9673,-4.4750,-0.0498,0.9972,-0.0559,1,0.0057,0.0609,4.0029,0.488103,-9.782920,0.540689,0,293.9656,80.3894,-5.5639,0.0318,0.0032,0.0320,295.7775,80.6640,-2.9460,-0.0309,-1.2522,3.6718,295.7887,80.5170,-2.4258,-0.0343,-1.3192,3.6532,298.2884,80.0045,0.3733,-0.0577,-1.6398,3.6161,296.9625,79.7726,-1.1776,-0.0365,-1.4612,3.5706
90,1.5000,295.9622,80.9581,-3.8327,-0.0498,0.9976,-0.0481,1,0.0072,0.0293,4.0032,0.488117,-9.786887,0.463333,0,293.9665,80.3895,-5.5630,-0.0000,-0.0000,-0.0000,295.8003,80.4964,-2.3577,0.2720,-0.8550,3.6318,295.8057,80.3317,-1.8426,0.2048,-1.0148,3.5825,298.2834,79.6650,0.9482,-0.0176,-2.5598,3.3736,296.9542,79.5112,-0.6110,-0.0694,-1.7031,3.3876
100,1.6667,295.9678,80.9202,-3.2468,-0.0497,0.9979,-0.0409,1,0.0087,0.0005,4.0033,0.487832,-9.789987,0.392808,0,293.9665,80.3895,-5.5630,-0.0000,-0.0000,-0.0000,295.8323,80.3517,-1.7568,-0.1107,-0.5497,3.7106,295.8273,80.1578,-1.2519,-0.1812,-0.7420,3.6247,298.2492,79.2989,1.4937,-0.6143,-0.5153,2.7704,296.9352,79.2561,-0.0743,-0.2534,-0.9293,3.5550
110,1.8333,295.9789,80.8536,-2.7143,-0.0496,0.9982,-0.0343,1,0.0099,-0.0256,4.0032,0.487004,-9.792389,0.328734,0,293.9665,80.3895,-5.5630,0.0000,-0.0000,0.0000,295.8369,80.2608,-1.1658,-0.0017,-0.3535,3.3327,295.8300,80.0840,-0.6826,-0.0707,-0.2050,3.1973,298.2025,79.2592,2.0389,-0.1833,0.2615,3.3952,296.9344,79.2075,0.4724,-0.1411,-0.0029,3.3645
120,2.0000,295.9933,80.7625,-2.2266,-0.0495,0.9984,-0.0279,1,0.0112,-0.0512,4.0030,0.485902,-9.794237,0.270026,0,293.9665,80.3895,-5.5630,0.0000,0.0000,0.0000,295.7903,80.2100,-0.6455,-0.5172,-0.3003,2.9990,295.7817,80.0592,-0.1684,-0.4423,-0.1369,3.0584,298.1854,79.3521,2.5585,-0.0123,0.6925,2.9490,296.8965,79.2380,0.9963,-0.3040,-0.0454,3.9987
130,2.1667,296.0049,80.6363,-1.7654,-0.0495,0.9985,-0.0224,1,0.0123,-0.0734,4.0026,0.485320,-9.795640,0.214458,0,293.9665,80.3895,-5.5630,-0.0000,-0.0000,-0.0000,295.7124,80.1549,-0.1663,-0.2209,-0.4228,2.8141,295.7191,80.0378,0.3210,-0.1252,-0.1966,2.8609,298.2054,79.5156,3.0314,0.2853,1.2305,3.1355,296.8928,79.3034,1.4907,0.5276,0.2405,4.0812
140,2.3333,296.0209,80.4709,-1.2782,-0.0494,0.9986,-0.0167,1,0.0134,-0.0962,4.0022,0.484428,-9.796796,0.155610,0,293.9665,80.3895,-5.5630,0.0000,0.0000,0.0000,295.7574,80.0618,0.3036,0.6726,-0.6704,2.8160,295.7793,79.9881,0.7982,0.7578,-0.3757,2.8588,298.2741,79.7309,3.6186,0.4675,1.2751,3.6511,297.0329,79.3777,2.0475,0.9101,0.3796,3.4894
150,2.5000,296.0522,80.2742,-0.8315,-0.0492,0.9987,-0.0109,1,0.0145,-0.1192,4.0015,0.481832,-9.797634,0.101491,0,293.9665,80.3895,-5.5630,0.0000,0.0000,0.0000,295.9388,79.9094,0.7633,1.4365,-1.1134,2.7451,295.9706,79.8863,1.2632,1.4946,-0.7867,2.7773,298.3374,79.9071,4.2692,0.3382,0.9292,4.1933,297.2178,79.4050,2.6547,1.1655,-0.0026,4.1542
160,2.6667,296.0948,80.0337,-0.3343,-0.0487,0.9988,-0.0050,1,0.0156,-0.1429,4.0008,0.478102,-9.798258,0.040926,0,293.9665,80.3895,-5.5630,-0.0000,0.0000,-0.0000,296.2408,79.6845,1.2465,1.9750,-1.5140,3.1232,296.2642,79.7156,1.7582,1.7478,-1.2030,3.1268,298.3937,80.0120,4.9576,0.3647,0.3745,3.9333,297.4001,79.3633,3.3094,0.9859,-0.4586,3.8756
170,2.8333,296.1112,79.6772,0.2797,-0.0488,0.9988,0.0027,1,0.0171,-0.1736,3.9995,0.478227,-9.798276,-0.034401,0,293.9665,80.3895,-5.5630,0.0000,0.0000,0.0000,296.5217,79.4377,1.7176,1.4622,-1.3388,2.4362,296.5183,79.5135,2.2254,1.3431,-1.1180,2.4045,298.4764,80.0344,5.5183,0.5730,0.0001,2.7965,297.5561,79.2684,3.8644,0.8801,-0.5791,2.7839
180,3.0000,296.1337,79.2464,0.9433,-0.0487,0.9988,0.0110,1,0.0187,-0.2070,3.9979,0.478015,-9.797653,-0.116620,0,293.9665,80.3895,-5.5630,0.0000,0.0000,0.0000,296.7194,79.2683,2.0239,0.9381,-0.7304,1.3340,296.7014,79.3704,2.5268,0.8760,-0.6215,1.3103,298.5651,80.0244,5.8542,0.4639,-0.0712,1.4354,297.6816,79.1909,4.2094,0.6245,-0.3467,1.4876
190,3.1667,296.1567,78.8043,1.6031,-0.0487,0.9986,0.0195,1,0.0204,-0.2406,3.9960,0.477771,-9.796332,-0.199282,0,293.9665,80.3895,-5.5630,0.0000,0.0000,0.0000,296.8123,79.2026,2.1464,0.2171,-0.1360,0.2598,296.7890,79.3143,2.6470,0.2078,-0.1168,0.2551,298.6168,80.0171,5.9844,0.1450,-0.0162,0.2684,297.7472,79.1593,4.3447,0.1688,-0.0660,0.2818
200,3.3333,296.1230,78.4379,2.2450,-0.0492,0.9984,0.0278,1,0.0221,-0.2738,3.9939,0.484102,-9.794038,-0.280324,0,293.9665,80.3895,-5.5630,0.0000,0.0000,0.0000,296.8477,79.1767,2.1558,0.5180,-0.2265,0.1464,296.8263,79.2915,2.6559,0.5437,-0.1931,0.1379,298.6635,80.0090,5.9865,0.6612,-0.0937,0.0077,297.8532,79.1503,4.3877,1.0933,-0.0849,0.4282
210,3.5000,296.0829,78.2679,2.8921,-0.0498,0.9981,0.0361,1,0.0238,-0.3068,3.9915,0.490023,-9.791073,-0.361796,0,293.9665,80.3895,-5.5630,0.0000,-0.0000,0.0000,296.9557,79.1398,2.2180,0.6104,-0.2027,0.4442,296.9404,79.2586,2.7164,0.6525,-0.1790,0.4394,298.8180,80.0002,6.0167,0.9317,-0.0377,0.2511,297.9979,79.1328,4.4501,1.0396,-0.0970,0.4322
220,3.6667,296.0316,78.3961,3.5291,-0.0504,0.9978,0.0442,1,0.0255,-0.3393,3.9889,0.495451,-9.787569,-0.440598,0,293.9665,80.3895,-5.5630,0.0000,0.0000,0.0000,297.0417,79.1102,2.2927,0.3010,0.0346,0.4311,297.0358,79.2308,2.7904,0.3847,0.0366,0.4318,298.9758,79.9965,6.0517,0.9334,0.0079,0.1142,298.1295,79.1192,4.5091,0.9730,0.0320,0.3361
230,3.8333,296.0095,78.6769,4.0763,-0.0507,0.9974,0.0510,1,0.0270,-0.3665,3.9864,0.496259,-9.784316,-0.506935,0,293.9665,80.3895,-5.5630,-0.0000,-0.0000,-0.0000,297.0837,79.1188,2.3649,0.2659,0.0551,0.3751,297.0951,79.2393,2.8624,0.3690,0.0535,0.3765,299.1471,79.9957,6.0567,0.9962,-0.0081,0.0088,298.2458,79.1228,4.5446,0.7248,0.0299,0.2126
240,4.0000,296.0005,78.9754,4.5568,-0.0506,0.9971,0.0570,1,0.0281,-0.3901,3.9842,0.495342,-9.781219,-0.564363,0,293.9665,80.3895,-5.5630,0.0000,0.0000,0.0000,297.1350,79.1263,2.4219,0.3231,0.0503,0.3407,297.1570,79.2465,2.9189,0.3864,0.0483,0.3353,299.2842,79.9947,6.0676,0.8032,-0.0053,0.0719,298.3423,79.1259,4.5771,0.5966,0.0189,0.1907
250,4.1667,295.9988,79.2688,5.0129,-0.0504,0.9968,0.0625,1,0.0292,-0.4121,3.9820,0.493562,-9.778044,-0.618356,0,293.9665,80.3895,-5.5630,0.0000,0.0000,0.0000,297.1808,79.1334,2.4706,0.2961,0.0505,0.2953,297.2117,79.2534,2.9670,0.3518,0.0490,0.2889,299.4019,79.9931,6.0765,0.7116,-0.0099,0.0535,298.4260,79.1283,4.6044,0.5324,0.0170,0.1606
260,4.3333,296.0001,79.5511,5.4645,-0.0502,0.9964,0.0679,1,0.0277,-0.4023,3.5141,0.491479,-9.774647,-0.671441,0,293.9665,80.3895,-5.5630,0.0000,0.0000,0.0000,297.2222,79.1403,2.5125,0.2720,0.0499,0.2596,297.2610,79.2600,3.0084,0.3216,0.0479,0.2550,299.5055,79.9909,6.0828,0.6335,-0.0140,0.0380,298.4997,79.1303,4.6273,0.4767,0.0140,0.1361
270,4.5000,295.9928,79.6424,5.6128,-0.0501,0.9963,0.0702,1,0.0082,-0.1629,-0.0115,0.491753,-9.773427,-0.688778,0,293.9665,80.3895,-5.5630,0.0000,-0.0000,0.0000,297.2324,79.1417,2.5230,-0.0000,-0.0000,0.0000,297.2730,79.2614,3.0188,-0.0000,-0.0000,-0.0000,299.5350,79.9899,6.0837,-0.0000,-0.0000,0.0000,298.5172,79.1307,4.6333,-0.0000,-0.0000,-0.0000
280,4.6667,295.9909,79.6418,5.6203,-0.0501,0.9963,0.0702,1,-0.1052,-0.2004,0.4397,0.491981,-9.773351,-0.689701,0,293.9665,80.3895,-5.5630,0.0000,-0.0000,0.0000,297.2324,79.1417,2.5230,-0.0000,-0.0000,-0.0000,297.2730,79.2614,3.0188,-0.0000,-0.0000,0.0000,299.5350,79.9899,6.0837,-0.0000,-0.0000,0.0000,298.5172,79.1307,4.6333,-0.0000,-0.0000,0.0000
290,4.8333,295.9178,79.8137,5.8928,-0.0508,0.9960,0.0730,1,-0.9143,-0.4792,3.6612,0.499731,-9.770669,-0.721392,0,293.9665,80.3895,-5.5630,-0.0000,-0.0000,-0.0000,297.2324,79.1417,2.5230,-0.0000,-0.0000,-0.0000,297.2730,79.2614,3.0188,-0.0000,-0.0000,-0.0000,299.5350,79.9899,6.0837,0.0000,-0.0000,-0.0000,298.5172,79.1307,4.6333,0.0000,-0.0000,0.0000
300,5.0000,295.7904,80.1380,6.3882,-0.0521,0.9955,0.0786,1,-1.2303,4.6221,4.2571,0.512977,-9.765601,-0.778461,0,293.9665,80.3895,-5.5630,-0.0000,0.0000,-0.0000,297.2324,79.1417,2.5230,-0.0000,-0.0000,-0.0000,297.2730,79.2614,3.0188,-0.0000,-0.0000,-0.0000,299.5350,79.9899,6.0837,0.0000,-0.0000,-0.0000,298.5172,79.1307,4.6333,-0.0000,-0.0000,0.0000
310,5.1667,295.5925,80.7589,7.0887,-0.0541,0.9948,0.0865,0,-1.1519,2.9917,4.1556,0.532558,-9.758016,-0.856525,0,293.9665,80.3895,-5.5630,-0.0000,-0.0000,-0.0000,297.2324,79.1417,2.5230,0.0000,0.0000,0.0000,297.2730,79.2614,3.0188,0.0000,-0.0000,-0.0000,299.5350,79.9899,6.0837,0.0000,0.0000,-0.0000,298.5172,79.1307,4.6333,-0.0000,-0.0000,-0.0000
320,5.3333,295.4081,81.1082,7.7700,-0.0561,0.9940,0.0944,0,-1.0670,1.3638,4.0282,0.551976,-9.749824,-0.934014,0,293.9665,80.3895,-5.5630,-0.0000,0.0000,0.0000,297.2324,79.1417,2.5230,-0.0000,-0.0000,-0.0000,297.2730,79.2614,3.0188,0.0000,-0.0000,-0.0000,299.5350,79.9899,6.0837,-0.0000,-0.0000,-0.0000,298.5172,79.1307,4.6333,0.0000,0.0000,-0.0000
330,5.5000,295.2386,81.1865,8.4277,-0.0580,0.9931,0.1023,0,-0.9757,-0.2615,3.8752,0.571286,-9.741009,-1.011181,0,293.9665,80.3895,-5.5630,-0.0000,-0.0000,-0.0000,297.2324,79.1417,2.5230,0.0000,0.0000,-0.0000,297.2730,79.2614,3.0188,-0.0000,0.0000,-0.0000,299.5350,79.9899,6.0837,0.0000,0.0000,-0.0000,298.5172,79.1307,4.6333,-0.0000,0.0000,-0.0000
340,5.6667,295.0889,80.9278,9.0504,-0.0600,0.9921,0.1102,1,-0.9527,-0.6481,3.8339,0.590562,-9.731544,-1.088305,0,293.9665,80.3895,-5.5630,0.0000,0.0000,0.0000,297.2324,79.1417,2.5230,-0.0000,-0.0000,0.0000,297.2730,79.2614,3.0188,0.0000,-0.0000,0.0000,299.5350,79.9899,6.0837,-0.0000,-0.0000,0.0000,298.5172,79.1307,4.6333,-0.0000,-0.0000,0.0000
350,5.8333,294.9210,80.9661,9.7061,-0.0620,0.9911,0.1180,1,-0.9504,-0.6803,3.8289,0.609825,-9.721423,-1.165391,0,293.9665,80.3895,-5.5630,-0.0000,-0.0000,-0.0000,297.2324,79.1417,2.5230,0.0000,0.0000,-0.0000,297.2730,79.2614,3.0188,0.0000,0.0000,0.0000,299.5350,79.9899,6.0837,0.0000,0.0000,-0.0000,298.5172,79.1307,4.6333,-0.0000,0.0000,-0.0000
360,6.0000,294.7563,80.9513,10.3563,-0.0639,0.9900,0.1259,1,-0.9481,-0.7125,3.8237,0.629013,-9.710670,-1.242309,0,293.9665,80.3895,-5.5630,-0.0000,-0.0000,-0.0000,297.2324,79.1417,2.5230,-0.0000,0.0000,0.0000,297.2730,79.2614,3.0188,-0.0000,0.0000,0.0000,299.5350,79.9899,6.0837,0.0000,0.0000,0.0000,298.5172,79.1307,4.6333,0.0000,-0.0000,0.0000
370,6.1667,294.5943,80.8950,11.0016,-0.0659,0.9888,0.1337,1,-0.9456,-0.7445,3.8181,0.648145,-9.699279,-1.319093,0,293.9665,80.3895,-5.5630,0.0000,0.0000,0.0000,297.2324,79.1417,2.5230,-0.0000,0.0000,0.0000,297.2730,79.2614,3.0188,-0.0000,0.0000,0.0000,299.5350,79.9899,6.0837,0.0000,0.0000,-0.0000,298.5172,79.1307,4.6333,-0.0000,0.0000,-0.0000
380,6.3333,294.4343,80.8069,11.6429,-0.0678,0.9876,0.1415,1,-0.9431,-0.7765,3.8124,0.667224,-9.687247,-1.395766,0,293.9665,80.3895,-5.5630,0.0000,0.0000,0.0000,297.2324,79.1417,2.5230,-0.0000,-0.0000,-0.0000,297.2730,79.2614,3.0188,0.0000,-0.0000,-0.0000,299.5350,79.9899,6.0837,-0.0000,0.0000,0.0000,298.5172,79.1307,4.6333,-0.0000,-0.0000,0.0000
390,6.5000,294.2759,80.6944,12.2807,-0.0698,0.9863,0.1493,1,-0.9406,-0.8085,3.8064,0.686266,-9.674572,-1.472347,0,293.9665,80.3895,-5.5630,0.0000,0.0000,0.0000,297.2324,79.1417,2.5230,-0.0000,-0.0000,-0.0000,297.2730,79.2614,3.0188,-0.0000,-0.0000,0.0000,299.5350,79.9899,6.0837,-0.0000,-0.0000,0.0000,298.5172,79.1307,4.6333,-0.0000,-0.0000,0.0000
400,6.6667,294.1190,80.5624,12.9154,-0.0717,0.9850,0.1571,1,-0.9379,-0.8404,3.8001,0.705263,-9.661252,-1.548844,0,293.9665,80.3895,-5.5630,-0.0000,-0.0000,-0.0000,297.2324,79.1417,2.5230,-0.0000,-0.0000,0.0000,297.2730,79.2614,3.0188,-0.0000,-0.0000,0.0000,299.5350,79.9899,6.0837,0.0000,-0.0000,0.0000,298.5172,79.1307,4.6333,-0.0000,-0.0000,0.0000
410,6.8333,293.9633,80.4142,13.5473,-0.0736,0.9836,0.1649,1,-0.9353,-0.8722,3.7936,0.724224,-9.647285,-1.625264,0,293.9665,80.3895,-5.5630,-0.0000,-0.0000,-0.0000,297.2324,79.1417,2.5230,-0.0000,0.0000,0.0000,297.2730,79.2614,3.0188,-0.0000,-0.0000,-0.0000,299.5350,79.9899,6.0837,0.0000,0.0000,0.0000,298.5172,79.1307,4.6333,0.0000,0.0000,-0.0000
420,7.0000,293.8105,80.2536,14.1691,-0.0756,0.9821,0.1727,1,-0.8223,-0.8173,3.3418,0.742921,-9.632846,-1.700720,0,293.9665,80.3895,-5.5630,-0.0000,-0.0000,-0.0000,297.2324,79.1417,2.5230,-0.0000,-0.0000,-0.0000,297.2730,79.2614,3.0188,-0.0000,-0.0000,0.0000,299.5350,79.9899,6.0837,-0.0000,-0.0000,-0.0000,298.5172,79.1307,4.6333,-0.0000,-0.0000,0.0000
430,7.1667,293.7605,80.1997,14.3501,-0.0763,0.9815,0.1756,1,-0.3104,-0.1709,-0.1107,0.749085,-9.628441,-1.722817,0,293.9665,80.3895,-5.5630,-0.0000,-0.0000,-0.0000,297.2324,79.1417,2.5230,-0.0000,0.0000,0.0000,297.2730,79.2614,3.0188,0.0000,0.0000,0.0000,299.5350,79.9899,6.0837,0.0000,-0.0000,0.0000,298.5172,79.1307,4.6333,-0.0000,-0.0000,0.0000
440,7.3333,293.4066,80.2389,14.2703,-0.0799,0.9814,0.1747,1,-3.5386,-0.2886,-0.9332,0.791072,-9.626988,-1.712137,0,293.9665,80.3895,-5.5630,0.0000,0.0000,0.0000,297.2324,79.1417,2.5230,-0.0000,0.0000,0.0000,297.2730,79.2614,3.0188,-0.0000,0.0000,-0.0000,299.5350,79.9899,6.0837,-0.0000,-0.0000,-0.0000,298.5172,79.1307,4.6333,-0.0000,-0.0000,-0.0000
450,7.5000,292.7509,80.3328,14.1266,-0.0877,0.9811,0.1727,1,-3.8568,-0.3319,-1.0206,0.868442,-9.623817,-1.692354,0,293.9665,80.3895,-5.5630,-0.0000,-0.0000,-0.0000,297.2324,79.1417,2.5230,0.0000,-0.0000,0.0000,297.2730,79.2614,3.0188,0.0000,-0.0000,0.0000,299.5350,79.9899,6.0837,0.0000,-0.0000,0.0000,298.5172,79.1307,4.6333,-0.0000,-0.0000,0.0000
460,7.6667,292.0934,80.4353,13.9841,-0.0956,0.9807,0.1707,1,-3.8525,-0.3638,-1.0258,0.945626,-9.620014,-1.672492,0,293.9665,80.3895,-5.5630,-0.0000,-0.0000,-0.0000,297.2324,79.1417,2.5230,0.0000,-0.0000,0.0000,297.2730,79.2614,3.0188,-0.0000,-0.0000,0.0000,299.5350,79.9899,6.0837,-0.0000,-0.0000,0.0000,298.5172,79.1307,4.6333,-0.0000,-0.0000,0.0000
470,7.8333,291.4341,80.5444,13.8425,-0.1035,0.9802,0.1687,1,-3.8480,-0.3955,-1.0310,1.022623,-9.615582,-1.652554,0,293.9665,80.3895,-5.5630,-0.0000,-0.0000,-0.0000,297.2324,79.1417,2.5230,0.0000,-0.0000,0.0000,297.2730,79.2614,3.0188,0.0000,-0.0000,-0.0000,299.5350,79.9899,6.0837,0.0000,-0.0000,0.0000,298.5172,79.1307,4.6333,0.0000,-0.0000,0.0000
480,8.0000,290.7730,80.6587,13.7015,-0.1113,0.9797,0.1666,1,-3.8433,-0.4272,-1.0361,1.099404,-9.610527,-1.632544,0,293.9665,80.3895,-5.5630,-0.0000,-0.0000,-0.0000,297.2324,79.1417,2.5230,0.0000,0.0000,0.0000,297.2730,79.2614,3.0188,-0.0000,0.0000,0.0000,299.5350,79.9899,6.0837,0.0000,0.0000,0.0000,298.5172,79.1307,4.6333,-0.0000,-0.0000,-0.0000
490,8.1667,290.1134,80.7811,13.5648,-0.1191,0.9791,0.1646,1,-3.8383,-0.4587,-1.0411,1.175513,-9.604843,-1.612848,0,293.9665,80.3895,-5.5630,0.0000,0.0000,0.0000,297.2324,79.1417,2.5230,0.0000,-0.0000,-0.0000,297.2730,79.2614,3.0188,-0.0000,-0.0000,-0.0000,299.5350,79.9899,6.0837,-0.0000,0.0000,0.0000,298.5172,79.1307,4.6333,-0.0000,-0.0000,-0.0000
500,8.3333,289.4632,80.8952,13.4351,-0.1267,0.9785,0.1627,1,-3.8332,-0.4895,-1.0460,1.250237,-9.598530,-1.594132,0,293.9665,80.3895,-5.5630,0.0000,0.0000,0.0000,297.2324,79.1417,2.5230,-0.0000,-0.0000,0.0000,297.2730,79.2614,3.0188,-0.0000,-0.0000,-0.0000,299.5350,79.9899,6.0837,0.0000,-0.0000,0.0000,298.5172,79.1307,4.6333,0.0000,-0.0000,0.0000
510,8.5000,288.8131,81.0069,13.3065,-0.1343,0.9778,0.1608,1,-3.8278,-0.5200,-1.0507,1.324584,-9.591621,-1.575555,0,293.9665,80.3895,-5.5630,-0.0000,-0.0000,-0.0000,297.2324,79.1417,2.5230,0.0000,-0.0000,0.0000,297.2730,79.2614,3.0188,0.0000,-0.0000,0.0000,299.5350,79.9899,6.0837,0.0000,-0.0000,0.0000,298.5172,79.1307,4.6333,-0.0000,-0.0000,0.0000
520,8.6667,288.1693,81.1083,13.1772,-0.1418,0.9771,0.1589,1,-3.3738,-0.5049,-0.9354,1.397981,-9.584217,-1.557093,0,293.9665,80.3895,-5.5630,0.0000,-0.0000,0.0000,297.2324,79.1417,2.5230,0.0000,0.0000,-0.0000,297.2730,79.2614,3.0188,-0.0000,0.0000,-0.0000,299.5350,79.9899,6.0837,-0.0000,0.0000,-0.0000,298.5172,79.1307,4.6333,-0.0000,0.0000,-0.0000
530,8.8333,287.9726,81.1558,13.1379,-0.1448,0.9768,0.1581,1,0.0237,-0.1597,-0.0259,1.420056,-9.581931,-1.551174,0,293.9665,80.3895,-5.5630,-0.0000,-0.0000,0.0000,297.2324,79.1417,2.5230,0.0000,0.0000,0.0000,297.2730,79.2614,3.0188,0.0000,-0.0000,-0.0000,299.5350,79.9899,6.0837,0.0000,0.0000,0.0000,298.5172,79.1307,4.6333,0.0000,0.0000,0.0000
540,9.0000,287.9726,81.1558,13.1379,-0.1448,0.9768,0.1581,1,0.0237,-0.1597,-0.0259,1.420056,-9.581931,-1.551174,0,293.9665,80.3895,-5.5630,0.0000,0.0000,0.0000,297.2324,79.1417,2.5230,-0.0000,-0.0000,-0.0000,297.2730,79.2614,3.0188,0.0000,-0.0000,0.0000,299.5350,79.9899,6.0837,0.0000,-0.0000,-0.0000,298.5172,79.1307,4.6333,-0.0000,-0.0000,-0.0000
550,9.1667,287.9732,81.1568,13.1325,-0.1448,0.9768,0.1581,1,0.0615,-0.1013,-0.3518,1.419980,-9.582047,-1.550533,0,293.9665,80.3895,-5.5630,0.0000,0.0000,0.0000,297.2324,79.1417,2.5230,-0.0000,0.0000,0.0000,297.2730,79.2614,3.0188,0.0000,0.0000,0.0000,299.5350,79.9899,6.0837,0.0000,0.0000,0.0000,298.5172,79.1307,4.6333,-0.0000,-0.0000,0.0000
560,9.3333,288.0058,81.2778,12.7885,-0.1443,0.9774,0.1545,1,0.4423,0.4694,-3.6138,1.415119,-9.589418,-1.508834,0,293.9665,80.3895,-5.5630,-0.0000,-0.0000,-0.0000,297.2324,79.1417,2.5230,0.0000,0.0000,0.0000,297.2730,79.2614,3.0188,0.0000,-0.0000,0.0000,299.5350,79.9899,6.0837,0.0000,-0.0000,0.0000,298.5172,79.1307,4.6333,-0.0000,-0.0000,0.0000
570,9.5000,288.0652,81.5056,12.1536,-0.1434,0.9787,0.1467,1,0.4847,0.4952,-3.9429,1.406094,-9.602539,-1.431871,0,293.9665,80.3895,-5.5630,0.0000,0.0000,0.0000,297.2324,79.1417,2.5230,-0.0000,0.0000,-0.0000,297.2730,79.2614,3.0188,-0.0000,-0.0000,-0.0000,299.5350,79.9899,6.0837,0.0000,0.0000,0.0000,298.5172,79.1307,4.6333,0.0000,0.0000,-0.0000
580,9.6667,288.1277,81.7132,11.5148,-0.1425,0.9800,0.1389,1,0.4891,0.4636,-3.9462,1.396991,-9.615026,-1.354920,0,293.9665,80.3895,-5.5630,-0.0000,-0.0000,-0.0000,297.2324,79.1417,2.5230,0.0000,-0.0000,-0.0000,297.2730,79.2614,3.0188,0.0000,-0.0000,-0.0000,299.5350,79.9899,6.0837,-0.0000,-0.0000,-0.0000,298.5172,79.1307,4.6333,-0.0000,-0.0000,0.0000
590,9.8333,288.1937,81.8973,10.8719,-0.1416,0.9812,0.1311,1,0.4935,0.4321,-3.9492,1.387810,-9.626884,-1.277968,0,293.9665,80.3895,-5.5630,0.0000,0.0000,0.0000,297.2324,79.1417,2.5230,0.0000,0.0000,-0.0000,297.2730,79.2614,3.0188,0.0000,-0.0000,-0.0000,299.5350,79.9899,6.0837,-0.0000,-0.0000,-0.0000,298.5172,79.1307,4.6333,-0.0000,0.0000,-0.0000
600,10.0000,288.2634,82.0559,10.2250,-0.1406,0.9824,0.1232,1,0.4979,0.4005,-3.9520,1.378554,-9.638117,-1.201003,0,293.9665,80.3895,-5.5630,-0.0000,0.0000,-0.0000,297.2324,79.1417,2.5230,-0.0000,-0.0000,-0.0000,297.2730,79.2614,3.0188,0.0000,-0.0000,-0.0000,299.5350,79.9899,6.0837,-0.0000,0.0000,0.0000,298.5172,79.1307,4.6333,-0.0000,0.0000,-0.0000
610,10.1667,288.3372,82.1871,9.5742,-0.1397,0.9835,0.1154,1,0.5022,0.3689,-3.9545,1.369208,-9.648730,-1.124009,0,293.9665,80.3895,-5.5630,0.0000,0.0000,0.0000,297.2324,79.1417,2.5230,0.0000,-0.0000,0.0000,297.2730,79.2614,3.0188,0.0000,0.0000,0.0000,299.5350,79.9899,6.0837,0.0000,0.0000,0.0000,298.5172,79.1307,4.6333,0.0000,-0.0000,0.0000
620,10.3333,288.4151,82.2897,8.9199,-0.1387,0.9845,0.1075,1,0.5065,0.3374,-3.9568,1.359774,-9.658726,-1.046970,0,293.9665,80.3895,-5.5630,-0.0000,-0.0000,-0.0000,297.2324,79.1417,2.5230,0.0000,-0.0000,-0.0000,297.2730,79.2614,3.0188,-0.0000,-0.0000,-0.0000,299.5350,79.9899,6.0837,-0.0000,-0.0000,-0.0000,298.5172,79.1307,4.6333,-0.0000,-0.0000,-0.0000
630,10.5000,288.4972,82.3625,8.2623,-0.1377,0.9854,0.0997,1,0.5107,0.3058,-3.9588,1.350258,-9.668105,-0.969867,0,293.9665,80.3895,-5.5630,-0.0000,-0.0000,-0.0000,297.2324,79.1417,2.5230,-0.0000,-0.0000,0.0000,297.2730,79.2614,3.0188,0.0000,-0.0000,0.0000,299.5350,79.9899,6.0837,0.0000,-0.0000,0.0000,298.5172,79.1307,4.6333,0.0000,-0.0000,0.0000
640,10.6667,288.5825,82.4041,7.6095,-0.1368,0.9863,0.0918,1,0.4575,0.2234,-3.5004,1.340763,-9.676775,-0.893585,0,293.9665,80.3895,-5.5630,-0.0000,-0.0000,-0.0000,297.2324,79.1417,2.5230,-0.0000,-0.0000,0.0000,297.2730,79.2614,3.0188,0.0000,-0.0000,0.0000,299.5350,79.9899,6.0837,0.0000,-0.0000,0.0000,298.5172,79.1307,4.6333,0.0000,-0.0000,0.0000
650,10.8333,288.6091,82.4061,7.4159,-0.1364,0.9867,0.0888,1,0.0223,-0.1613,-0.0145,1.337944,-9.679219,-0.871049,0,293.9665,80.3895,-5.5630,-0.0000,-0.0000,-0.0000,297.2324,79.1417,2.5230,0.0000,-0.0000,-0.0000,297.2730,79.2614,3.0188,-0.0000,-0.0000,-0.0000,299.5350,79.9899,6.0837,-0.0000,-0.0000,-0.0000,298.5172,79.1307,4.6333,-0.0000,-0.0000,-0.0000
660,11.0000,288.5974,82.4910,7.4235,-0.1364,0.9867,0.0888,1,-0.6819,4.9333,0.4440,1.337942,-9.679219,-0.871049,0,293.9665,80.3895,-5.5630,-0.0000,-0.0000,-0.0000,297.2324,79.1417,2.5230,-0.0000,-0.0000,0.0000,297.2730,79.2614,3.0188,0.0000,-0.0000,0.0000,299.5350,79.9899,6.0837,0.0000,-0.0000,0.0000,298.5172,79.1307,4.6333,0.0000,-0.0000,0.0000
670,11.1667,288.5042,83.1653,7.4842,-0.1364,0.9867,0.0888,0,-0.4589,3.3201,0.2988,1.337944,-9.679220,-0.871049,0,293.9665,80.3895,-5.5630,-0.0000,-0.0000,-0.0000,297.2324,79.1417,2.5230,-0.0000,-0.0000,-0.0000,297.2730,79.2614,3.0188,-0.0000,-0.0000,0.0000,299.5350,79.9899,6.0837,-0.0000,0.0000,0.0000,298.5172,79.1307,4.6333,-0.0000,-0.0000,0.0000
680,11.3333,288.4482,83.5708,7.5207,-0.1364,0.9867,0.0888,0,-0.2359,1.7069,0.1536,1.337942,-9.679220,-0.871049,0,293.9665,80.3895,-5.5630,0.0000,0.0000,0.0000,297.2324,79.1417,2.5230,-0.0000,-0.0000,0.0000,297.2730,79.2614,3.0188,-0.0000,-0.0000,0.0000,299.5350,79.9899,6.0837,0.0000,-0.0000,0.0000,298.5172,79.1307,4.6333,0.0000,-0.0000,0.0000
690,11.5000,288.4293,83.7074,7.5330,-0.1364,0.9867,0.0888,0,-0.0130,0.0937,0.0084,1.337943,-9.679220,-0.871049,0,293.9665,80.3895,-5.5630,-0.0000,-0.0000,-0.0000,297.2324,79.1417,2.5230,-0.0000,0.0000,0.0000,297.2730,79.2614,3.0188,-0.0000,0.0000,0.0000,299.5350,79.9899,6.0837,0.0000,-0.0000,-0.0000,298.5172,79.1307,4.6333,-0.0000,-0.0000,-0.0000
700,11.6667,288.4497,83.5754,7.5214,-0.1364,0.9867,0.0888,0,0.3411,-1.5030,-0.1186,1.337692,-9.679252,-0.871084,0,293.9665,80.3895,-5.5630,0.0000,0.0000,0.0000,297.2324,79.1417,2.5230,-0.0000,-0.0000,-0.0000,297.2730,79.2614,3.0188,-0.0000,-0.0000,-0.0000,299.5350,79.9899,6.0837,-0.0000,0.0000,0.0000,298.5172,79.1307,4.6333,-0.0000,-0.0000,-0.0000
710,11.8333,288.6471,83.1921,7.5050,-0.1350,0.9868,0.0890,0,1.8738,-2.9523,-0.0821,1.321171,-9.681314,-0.873374,0,293.9665,80.3895,-5.5630,0.0000,0.0000,0.0000,297.2324,79.1417,2.5230,0.0000,0.0000,-0.0000,297.2730,79.2614,3.0188,0.0000,0.0000,-0.0000,299.5350,79.9899,6.0837,0.0000,0.0000,-0.0000,298.5172,79.1307,4.6333,-0.0000,0.0000,-0.0000
720,12.0000,289.0996,82.5669,7.4945,-0.1309,0.9873,0.0895,0,3.4024,-4.4060,-0.0467,1.278797,-9.686472,-0.879233,0,293.9665,80.3895,-5.5630,0.0000,0.0000,0.0000,297.2324,79.1417,2.5230,0.0000,-0.0000,-0.0000,297.2730,79.2614,3.0188,-0.0000,-0.0000,0.0000,299.5350,79.9899,6.0837,-0.0000,0.0000,0.0000,298.5172,79.1307,4.6333,-0.0000,-0.0000,-0.0000
730,12.1667,289.7683,82.1928,7.5381,-0.1238,0.9882,0.0905,1,3.9586,0.2823,0.5260,1.206847,-9.694797,-0.889136,0,293.9665,80.3895,-5.5630,-0.0000,-0.0000,-0.0000,297.2324,79.1417,2.5230,-0.0000,-0.0000,-0.0000,297.2730,79.2614,3.0188,-0.0000,-0.0000,-0.0000,299.5350,79.9899,6.0837,-0.0000,0.0000,-0.0000,298.5172,79.1307,4.6333,-0.0000,0.0000,-0.0000
740,12.3333,290.4533,82.0302,7.6065,-0.1159,0.9890,0.0916,1,3.9611,0.2505,0.5229,1.129260,-9.703160,-0.899750,0,293.9665,80.3895,-5.5630,-0.0000,-0.0000,-0.0000,297.2324,79.1417,2.5230,0.0000,-0.0000,-0.0000,297.2730,79.2614,3.0188,0.0000,-0.0000,-0.0000,299.5350,79.9899,6.0837,0.0000,0.0000,0.0000,298.5172,79.1307,4.6333,0.0000,-0.0000,0.0000
750,12.5000,291.1382,81.8515,7.6731,-0.1080,0.9898,0.0927,1,3.9634,0.2185,0.5198,1.051372,-9.710922,-0.910337,0,293.9665,80.3895,-5.5630,0.0000,0.0000,0.0000,297.2324,79.1417,2.5230,0.0000,-0.0000,-0.0000,297.2730,79.2614,3.0188,0.0000,0.0000,0.0000,299.5350,79.9899,6.0837,-0.0000,-0.0000,-0.0000,298.5172,79.1307,4.6333,-0.0000,-0.0000,0.0000
760,12.6667,291.8224,81.6608,7.7383,-0.1000,0.9906,0.0938,1,3.9655,0.1864,0.5166,0.973176,-9.718075,-0.920896,0,293.9665,80.3895,-5.5630,0.0000,0.0000,-0.0000,297.2324,79.1417,2.5230,0.0000,0.0000,0.0000,297.2730,79.2614,3.0188,0.0000,0.0000,0.0000,299.5350,79.9899,6.0837,0.0000,0.0000,0.0000,298.5172,79.1307,4.6333,0.0000,-0.0000,0.0000
770,12.8333,292.5052,81.4642,7.8027,-0.0920,0.9912,0.0948,1,3.9673,0.1542,0.5134,0.894680,-9.724613,-0.931428,0,293.9665,80.3895,-5.5630,0.0000,0.0000,0.0000,297.2324,79.1417,2.5230,0.0000,0.0000,0.0000,297.2730,79.2614,3.0188,0.0000,0.0000,0.0000,299.5350,79.9899,6.0837,-0.0000,0.0000,0.0000,298.5172,79.1307,4.6333,-0.0000,0.0000,-0.0000
780,13.0000,293.1779,81.2699,7.8661,-0.0840,0.9918,0.0959,1,3.5075,0.0887,0.4488,0.816813,-9.730464,-0.941808,0,293.9665,80.3895,-5.5630,-0.0000,-0.0000,-0.0000,297.2324,79.1417,2.5230,-0.0000,-0.0000,0.0000,297.2730,79.2614,3.0188,-0.0000,-0.0000,-0.0000,299.5350,79.9899,6.0837,-0.0000,-0.0000,-0.0000,298.5172,79.1307,4.6333,-0.0000,-0.0000,0.0000
790,13.1667,293.3776,81.1951,7.8831,-0.0809,0.9921,0.0963,1,0.0132,-0.1622,-0.0157,0.793760,-9.732075,-0.944866,0,293.9665,80.3895,-5.5630,0.0000,0.0000,0.0000,297.2324,79.1417,2.5230,-0.0000,-0.0000,0.0000,297.2730,79.2614,3.0188,0.0000,-0.0000,-0.0000,299.5350,79.9899,6.0837,0.0000,-0.0000,-0.0000,298.5172,79.1307,4.6333,0.0000,-0.0000,0.0000
800,13.3333,293.3776,81.1951,7.8831,-0.0809,0.9921,0.0963,1,0.0132,-0.1622,-0.0157,0.793760,-9.732075,-0.944866,0,293.9665,80.3895,-5.5630,-0.0000,-0.0000,-0.0000,297.2324,79.1417,2.5230,0.0000,0.0000,0.0000,297.2730,79.2614,3.0188,0.0000,0.0000,0.0000,299.5350,79.9899,6.0837,0.0000,0.0000,0.0000,298.5172,79.1307,4.6333,-0.0000,-0.0000,-0.0000
810,13.5000,293.3776,81.1951,7.8831,-0.0809,0.9921,0.0963,1,0.0132,-0.1622,-0.0157,0.793760,-9.732075,-0.944866,0,293.9665,80.3895,-5.5630,0.0000,-0.0000,-0.0000,297.2324,79.1417,2.5230,-0.0000,0.0000,0.0000,297.2730,79.2614,3.0188,-0.0000,-0.0000,-0.0000,299.5350,79.9899,6.0837,-0.0000,0.0000,0.0000,298.5172,79.1307,4.6333,-0.0000,-0.0000,-0.0000
820,13.6667,295.8550,82.8998,-7.2537,-0.0173,0.9994,-0.0303,0,0.0081,-0.1627,0.0142,0.488031,-9.760560,0.854049,0,293.9001,81.3329,-5.5916,0.0122,-0.1627,0.0112,295.8494,81.1255,-4.1408,0.0083,-0.1631,0.0083,295.8514,81.0517,-3.5958,0.0083,-0.1631,0.0072,298.3581,80.8063,-0.7624,0.0033,-0.1635,0.0015,296.9812,80.5005,-3.0188,0.0060,-0.1608,0.0060
830,13.8333,295.8638,82.7236,-7.2383,-0.0497,0.9950,-0.0871,0,0.0895,-1.7894,0.1566,0.488030,-9.760561,0.854049,0,293.9133,81.1567,-5.5795,0.1342,-1.7893,0.1230,295.8584,80.9489,-4.1317,0.0918,-1.7938,0.0916,295.8604,80.8749,-3.5879,0.0918,-1.7944,0.0796,298.3617,80.6292,-0.7607,0.0365,-1.7980,0.0170,296.9878,80.3262,-3.0122,0.0664,-1.7698,0.0664
840,14.0000,295.8862,82.2763,-7.1992,-0.0497,0.9950,-0.0871,0,0.1708,-3.4162,0.2989,0.488030,-9.760560,0.854049,0,293.9468,80.7094,-5.5488,0.2562,-3.4159,0.2348,295.8545,80.8427,-4.1173,-0.0959,-0.0376,0.0732,295.8571,80.7637,-3.5749,-0.0896,-0.0894,0.0657,298.3563,80.5220,-0.7521,-0.0771,-0.0540,0.0577,296.9876,80.2562,-3.0064,-0.0305,-0.0054,0.0236
850,14.1667,295.9221,81.5578,-7.1363,-0.0497,0.9950,-0.0871,0,0.2521,-5.0430,0.4413,0.488031,-9.760560,0.854049,0,293.9700,80.4773,-5.5429,0.0708,-0.1791,-0.0889,295.8340,80.8339,-4.1019,-0.1457,-0.0664,0.1088,295.8382,80.7439,-3.5612,-0.1343,-0.1444,0.0959,298.3398,80.5104,-0.7399,-0.1177,-0.0822,0.0863,296.9810,80.2549,-3.0014,-0.0468,-0.0102,0.0355
860,14.3333,295.9584,80.8303,-7.0727,-0.0497,0.9950,-0.0871,1,0.0081,-0.1627,0.0142,0.488034,-9.760560,0.854049,0,293.9569,80.4058,-5.5752,-0.0935,0.2700,-0.0960,295.8048,80.8191,-4.0805,-0.2010,-0.1108,0.1447,295.8115,80.7135,-3.5426,-0.1813,-0.2170,0.1240,298.3160,80.4939,-0.7228,-0.1644,-0.1136,0.1170,296.9715,80.2525,-2.9943,-0.0656,-0.0180,0.0482
870,14.5000,295.9584,80.8303,-7.0726,-0.0497,0.9950,-0.0871,1,0.0081,-0.1627,0.0142,0.488034,-9.760560,0.854048,0,293.9635,80.3903,-5.5651,-0.0895,-0.0115,0.0302,295.7992,80.8466,-4.0523,0.0409,0.2376,0.1534,295.8076,80.7242,-3.5183,0.0743,0.2057,0.1278,298.3062,80.4269,-0.7055,0.0679,-0.3902,0.0585,296.9706,80.2511,-2.9868,0.0372,0.0007,0.0222
880,14.6667,295.9584,80.8303,-7.0726,-0.0497,0.9950,-0.0871,1,0.0081,-0.1627,0.0142,0.488034,-9.760560,0.854048,0,293.9604,80.3888,-5.5691,0.0014,-0.0005,0.0010,295.8083,80.8853,-4.0302,0.0703,0.2388,0.1253,295.8183,80.7545,-3.4982,0.0760,0.1918,0.1137,298.3303,80.3650,-0.7084,0.1448,-0.3706,-0.0247,296.9756,80.2508,-2.9828,0.0335,-0.0013,0.0219
890,14.8333,295.9584,80.8303,-7.0726,-0.0497,0.9950,-0.0871,1,0.0081,-0.1627,0.0142,0.488034,-9.760560,0.854047,0,293.9618,80.3890,-5.5677,0.0139,0.0016,0.0140,295.8209,80.9257,-4.0085,0.0799,0.2463,0.1342,295.8317,80.7868,-3.4786,0.0847,0.1972,0.1213,298.3542,80.3016,-0.7132,0.1427,-0.3907,-0.0325,296.9814,80.2505,-2.9791,0.0351,-0.0025,0.0227
