step,time,executed,fluid_dt,contained_mass,liquid_mass,retained_mass,tank_y,tank_vy,liquid_y,contained_Ix,contained_Iy,contained_Iz,body_Px,body_Py,body_Pz,liquid_Px,liquid_Py,liquid_Pz,gravity_Iy,residual_x,residual_y,residual_z,kinetic_J,hydro_Fy,drag_Fy,particle_ms,coupling_ms,batch_support_Ix,batch_support_Iy,batch_support_Iz
0,0.01666666753590107,1,0.01666666753590107,496.12503051757812,496.12503504753113,496.12503504753113,-0.0027250002603977919,-0.16350001096725464,0.22318333488743308,0,0,0,0,-32.700002193450928,0,5.5953191139018754e-05,-81.116472170068178,3.6876266012786374e-05,-113.81645403468984,5.5953191139018754e-05,-2.0328829265281456e-05,3.6876266012786374e-05,34.084702683859923,0,0,2.5270009999999998,2.5902729999999998,0,0,0
1,0.033333335071802139,0,0,496.12503051757812,496.12503504753113,496.12503504753113,-0.0081750005483627319,-0.32700002193450928,0.22318333488743308,0,0,0,0,-65.400004386901855,0,5.5953191139018754e-05,-81.116472170068178,3.6876266012786374e-05,-146.51645713885014,5.5953191139018754e-05,-1.9418119876490891e-05,3.6876266012786374e-05,42.10437875974764,0,0,0,0.032812000000000001,0,0,0
2,0.050000002607703209,1,0.033333335071802139,496.12503051757812,496.12503504753113,496.12503504753113,-0.017417958006262779,-0.55457741022109985,0.21066240565914685,0,-12.815473556518555,0,0,-110.91548204421997,0,5.605977791545147e-05,-230.53389314287011,3.6556628216111164e-05,-341.44936210406951,5.605977791545147e-05,-1.3083020576232229e-05,3.6556628216111164e-05,101.06440576268065,0,0,2.4196240000000002,2.4729719999999999,0,0,0
3,0.066666670143604279,0,0,496.12503051757812,496.12503504753113,496.12503504753113,-0.029385916888713837,-0.71807742118835449,0.21066240565914685,0,0,0,0,-143.6154842376709,0,5.605977791545147e-05,-230.53389314287011,3.6556628216111164e-05,-374.14936520822982,5.605977791545147e-05,-1.2172311187441665e-05,3.6556628216111164e-05,121.87231365197817,0,0,0,0.059593,0,0,0
4,0.083333337679505348,1,0.033333335071802139,496.12503051757812,496.12503504753113,496.12503504753113,-0.04480481892824173,-0.92513394355773926,0.18830902787673034,8.2161202286101798e-09,-8.7113094329833984,-1.7079182512702573e-09,8.2161180636752817e-09,-185.02678871154785,-1.7079185288260135e-09,5.6368880317125836e-05,-384.05550233211261,3.6665681916403514e-05,-569.08227017344916,5.6377096435189511e-05,-2.0870211301371455e-05,3.6663973997874688e-05,246.41023798609572,0,0,2.7593169999999998,2.8745829999999999,0,0,0
5,0.10000000521540642,0,0,496.12503051757812,496.12503504753113,496.12503504753113,-0.062948718667030334,-1.0886340141296387,0.18830902787673034,0,0,0,8.2161180636752817e-09,-217.72680282592773,-1.7079185288260135e-09,5.6368880317125836e-05,-384.05550233211261,3.6665681916403514e-05,-601.78227327760942,5.6377096435189511e-05,-3.1880430924502434e-05,3.6663973997874688e-05,279.3353583058273,0,0,0,0.069425000000000001,0,0,0
6,0.11666667275130749,1,0.033333335071802139,496.12503051757812,496.12503504753113,496.12503504753113,-0.083910703659057617,-1.2577188014984131,0.15523944990899491,2.7199120733456539e-09,-1.1169252395629883,-1.1416603218350474e-09,1.0936029859465179e-08,-251.54376029968262,-2.8495792531169073e-09,5.637398735552912e-05,-545.17146831775335,3.6188631673539362e-05,-796.71517824282898,5.6384923385388586e-05,-5.037460698531504e-05,3.6185782094286245e-05,468.24187466116382,0,0,2.4281030000000001,2.5158969999999998,0,0,0
7,0.13333334028720856,0,0,496.12503051757812,496.12503504753113,496.12503504753113,-0.10759768635034561,-1.4212188720703125,0.15523944990899491,0,0,0,1.0936029859465179e-08,-284.2437744140625,-2.8495792531169073e-09,5.637398735552912e-05,-545.17146831775335,3.6188631673539362e-05,-829.41518134698924,5.6384923385388586e-05,-6.1384826608446019e-05,3.6185782094286245e-05,512.04252452978449,0,0,0,0.037992999999999999,0,0,0
8,0.15000000782310963,1,0.033333335071802139,496.12503051757812,496.12503504753113,496.12503504753113,-0.13400967419147491,-1.5847189426422119,0.11134415041325854,0,0,0,1.0936029859465179e-08,-316.94378852844238,-2.8495792531169073e-09,5.6685605637152303e-05,-707.4043103399905,3.6422463051799525e-05,-1024.3480863122086,5.6696541667011768e-05,-1.2556224191939691e-05,3.6419613472546408e-05,764.96734502622303,0,0,2.3512810000000002,2.4134980000000001,0,0,0
9,0.1666666753590107,0,0,496.12503051757812,496.12503504753113,496.12503504753113,-0.16314665973186493,-1.7482190132141113,0.11134415041325854,0,0,0,1.0936029859465179e-08,-349.64380264282227,-2.8495792531169073e-09,5.6685605637152303e-05,-707.4043103399905,3.6422463051799525e-05,-1057.0480894163688,5.6696541667011768e-05,-2.356644381507067e-05,3.6419613472546408e-05,819.46090412565013,0,0,0,0.032946000000000003,0,0,0
10,0.18333334289491177,1,0.033333335071802139,496.12503051757812,496.12503504753113,496.12503504753113,-0.19500865042209625,-1.9117190837860107,0.056548854120734605,0,0,0,1.0936029859465179e-08,-382.34381675720215,-2.8495792531169073e-09,5.6735443783095807e-05,-869.63715296572423,3.6473562707861618e-05,-1251.9809943815883,5.6746379812955272e-05,2.4658661914145341e-05,3.6470713128608501e-05,1136.3573986951108,0,0,2.2479049999999998,2.3273980000000001,0,0,0
11,0.20000001043081284,0,0,496.12503051757812,496.12503504753113,496.12503504753113,-0.22959563136100769,-2.0752191543579102,0.056548854120734605,0,0,0,1.0936029859465179e-08,-415.04383087158203,-2.8495792531169073e-09,5.6735443783095807e-05,-869.63715296572423,3.6473562707861618e-05,-1284.6809974857488,5.6746379812955272e-05,1.3648442518388038e-05,3.6470713128608501e-05,1201.5438670253443,0,0,0,0.033742000000000001,0,0,0
12,0.21666667796671391,1,0.033333335071802139,496.12503051757812,496.12503504753113,496.12503504753113,-0.26690763235092163,-2.2387192249298096,-0.0091464389749125029,0,0,0,1.0936029859465179e-08,-447.74384498596191,-2.8495792531169073e-09,5.6912339309711513e-05,-1031.8700080637313,3.6547454900670573e-05,-1479.6139024509678,5.6923275339570978e-05,4.9401274509364157e-05,3.6544605321417456e-05,1582.337723780277,0,0,2.563901,2.6197979999999998,0,0,0
13,0.23333334550261497,0,0,496.12503051757812,496.12503504753113,496.12503504753113,-0.30694460868835449,-2.402219295501709,-0.0091464389749125029,0,0,0,1.0936029859465179e-08,-480.4438591003418,-2.8495792531169073e-09,5.6912339309711513e-05,-1031.8700080637313,3.6547454900670573e-05,-1512.313905555128,5.6923275339570978e-05,3.8391054886233178e-05,3.6544605321417456e-05,1658.2171013413172,0,0,0,0.033054,0,0,0
14,0.25000001303851604,1,0.033333335071802139,496.12503051757812,496.12503504753113,496.12503504753113,-0.34970659017562866,-2.5657193660736084,-0.085741730216814499,0,0,0,1.0936029859465179e-08,-513.14387321472168,-2.8495792531169073e-09,5.7203761255952834e-05,-1194.1028635640694,3.6814029765963596e-05,-1707.2468105203475,5.7214697285812299e-05,7.3741556434470112e-05,3.6811180186710479e-05,2102.8633643763314,0,0,2.0633509999999999,2.11694,0,0,0
15,0.26666668057441711,0,0,496.12503051757812,496.12503504753113,496.12503504753113,-0.39519357681274414,-2.7292194366455078,-0.085741730216814499,0,0,0,1.0936029859465179e-08,-545.84388732910156,-2.8495792531169073e-09,5.7203761255952834e-05,-1194.1028635640694,3.6814029765963596e-05,-1739.9468136245077,5.7214697285812299e-05,6.2731336811339133e-05,3.6811180186710479e-05,2189.4356511681776,0,0,0,0.032707,0,0,0
16,0.28333334811031818,1,0.033333335071802139,496.12503051757812,496.12503504753113,496.12503504753113,-0.44340556859970093,-2.8927195072174072,-0.17323701931353747,0,0,0,1.0936029859465179e-08,-578.54390144348145,-2.8495792531169073e-09,5.6979714068261522e-05,-1356.3357049828091,3.6783345352731089e-05,-1934.8797185897272,5.6990650098120987e-05,0.0001121634365972568,3.6780495773477972e-05,2697.9053740863219,0,0,2.257339,2.3125629999999999,0,0,0
17,0.30000001564621925,0,0,496.12503051757812,496.12503504753113,496.12503504753113,-0.49434256553649902,-3.0562195777893066,-0.17323701931353747,0,0,0,1.0936029859465179e-08,-611.24391555786133,-2.8495792531169073e-09,5.6979714068261522e-05,-1356.3357049828091,3.6783345352731089e-05,-1967.5797216938874,5.6990650098120987e-05,0.00010115321697412583,3.6780495773477972e-05,2795.170570108975,0,0,0,0.032946999999999997,0,0,0
18,0.31666668318212032,1,0.033333335071802139,496.12503051757812,496.12503504753113,496.12503504753113,-0.54800456762313843,-3.2197196483612061,-0.271632310003042,0,0,0,1.0936029859465179e-08,-643.94392967224121,-2.8495792531169073e-09,5.6957233936949514e-05,-1518.5685632994678,3.6857591044103799e-05,-2162.5126266591069,5.6968169966808979e-05,0.00013368739791985718,3.6854741464850682e-05,3367.4444305366605,0,0,2.2325539999999999,2.2932000000000001,0,0,0
19,0.33333335071802139,0,0,496.12503051757812,496.12503504753113,496.12503504753113,-0.60439157485961914,-3.3832197189331055,-0.271632310003042,0,0,0,1.0936029859465179e-08,-676.64394378662109,-2.8495792531169073e-09,5.6957233936949514e-05,-1518.5685632994678,3.6857591044103799e-05,-2195.2126297632672,5.6968169966808979e-05,0.0001226771782967262,3.6854741464850682e-05,3475.4025357901196,0,0,0,0.046893999999999998,0,0,0
20,0.35000001825392246,1,0.033333335071802139,496.12503051757812,496.12503504753113,496.12503504753113,-0.66350358724594116,-3.5467197895050049,-0.3809275901844712,0,0,0,1.0936029859465179e-08,-709.34395790100098,-2.8495792531169073e-09,5.6940267732730199e-05,-1680.8014119601723,3.6770066610181118e-05,-2390.1455347284864,5.6951203762589664e-05,0.00016486731328768656,3.6767217030928001e-05,4111.4671521332048,0,0,2.7455560000000001,2.890072,0,0,0
21,0.36666668578982353,0,0,496.12503051757812,496.12503504753113,496.12503504753113,-0.72534060478210449,-3.7102198600769043,-0.3809275901844712,0,0,0,1.0936029859465179e-08,-742.04397201538086,-2.8495792531169073e-09,5.6940267732730199e-05,-1680.8014119601723,3.6770066610181118e-05,-2422.8455378326466,5.6951203762589664e-05,0.00015385709366455558,3.6767217030928001e-05,4230.1181666174707,0,0,0,0.032972000000000001,0,0,0
22,0.3833333533257246,1,0.033333335071802139,496.12503051757812,496.12503504753113,496.12503504753113,-0.78990262746810913,-3.8737199306488037,-0.5011228730483932,0,0,0,1.0936029859465179e-08,-774.74398612976074,-2.8495792531169073e-09,5.6647652981300922e-05,-1843.0342356763315,3.6422479738007496e-05,-2617.7784427978659,5.6658589011160387e-05,0.00022099177385825897,3.6419630158754379e-05,4929.963963551093,0,0,2.1670739999999999,2.2389130000000002,0,0,0
23,0.40000002086162567,0,0,496.12503051757812,496.12503504753113,496.12503504753113,-0.85718965530395508,-4.0372200012207031,-0.5011228730483932,0,0,0,1.0936029859465179e-08,-807.44400024414062,-2.8495792531169073e-09,5.6647652981300922e-05,-1843.0342356763315,3.6422479738007496e-05,-2650.4784459020261,5.6658589011160387e-05,0.00020998155423512799,3.6419630158754379e-05,5059.3078872661654,0,0,0,0.032277,0,0,0
24,0.41666668839752674,1,0.033333335071802139,496.12503051757812,496.12503504753113,496.12503504753113,-0.92720162868499756,-4.2007198333740234,-0.63221815248735902,0,0,0,1.0936029859465179e-08,-840.14396667480469,-2.8495792531169073e-09,5.6628238314204715e-05,-2005.2671438820798,3.6241565816830246e-05,-2845.4113508672463,5.663917434406418e-05,0.00024031036173255416,3.6238716237577129e-05,5822.9279437625737,0,0,2.0497160000000001,2.1019369999999999,0,0,0
25,0.43333335593342781,0,0,496.12503051757812,496.12503504753113,496.12503504753113,-0.99993860721588135,-4.3642196655273438,-0.63221815248735902,0,0,0,1.0936029859465179e-08,-872.84393310546875,-2.8495792531169073e-09,5.6628238314204715e-05,-2005.2671438820798,3.6241565816830246e-05,-2878.1113539714065,5.663917434406418e-05,0.00027698385792973568,3.6238716237577129e-05,5962.9645608099454,0,0,0,0.032009000000000003,0,0,0
26,0.45000002346932888,1,0.033333335071802139,496.12503051757812,496.12503504753113,496.12503504753113,-1.0754005908966064,-4.5277194976806641,-0.77421345151200582,5.550682544708252e-07,-6.7168492989821971e-15,1.4901161193847656e-06,5.5256093034472542e-07,-905.54389953613281,1.4764291123015028e-06,5.6068657101282504e-05,-2167.5003095799134,3.4820852047090511e-05,-3073.0442589366257,5.662121803162723e-05,4.9820579533843556e-05,3.6297281159392014e-05,6790.1424831873919,0,0,2.3214459999999999,2.4010539999999998,0,0,0
27,0.46666669100522995,0,0,496.12503051757812,496.12503504753113,496.12503504753113,-1.1535875797271729,-4.6912193298339844,-0.77421345151200582,0,0,0,5.5256093034472542e-07,-938.24386596679688,1.4764291123015028e-06,5.6068657101282504e-05,-2167.5003095799134,3.4820852047090511e-05,-3105.744262040786,5.662121803162723e-05,8.6494075731025077e-05,3.6297281159392014e-05,6940.8719782804292,0,0,0,0.042315999999999999,0,0,0
28,0.48333335854113102,1,0.033333335071802139,496.12503051757812,496.12503504753113,496.12503504753113,-1.2344995737075806,-4.8547191619873047,-0.9271087650539116,1.0430838983666035e-06,-1.0436096431476471e-14,2.4549663066864014e-06,1.5720720725198589e-06,-970.94383239746094,3.9229231418858035e-06,5.4939640009799007e-05,-2329.7335171202108,3.2341706601712872e-05,-3300.6771670060048,5.6511712082318866e-05,-0.00018251166693517007,3.6264629743598675e-05,7831.6876525979769,0,0,2.6394820000000001,2.7027070000000002,0,0,0
29,0.50000002607703209,0,0,496.12503051757812,496.12503504753113,496.12503504753113,-1.3181365728378296,-5.018218994140625,-0.9271087650539116,0,0,0,1.5720720725198589e-06,-1003.643798828125,3.9229231418858035e-06,5.4939640009799007e-05,-2329.7335171202108,3.2341706601712872e-05,-3333.377170110165,5.6511712082318866e-05,-0.00014583817073798855,3.6264629743598675e-05,7993.1100257366797,0,0,0,0.032931000000000002,0,0,0
30,0.51666669361293316,1,0.033333335071802139,496.12503051757812,496.12503504753113,496.12503504753113,-1.4044985771179199,-5.1817188262939453,-1.0909040971678134,6.3338312372707151e-08,-2.4980018054066022e-15,2.8125941753387451e-07,1.6384351653186968e-06,-1036.3437652587891,4.1864257838142294e-06,5.4703496340180457e-05,-2491.9666892553441,3.1998220533679955e-05,-3528.3100750753847,5.6341931505499154e-05,-0.0003794387484958861,3.6184646317494185e-05,8947.9327723271745,0,0,2.096889,2.1500360000000001,0,0,0
31,0.53333336114883423,0,0,496.12503051757812,496.12503504753113,496.12503504753113,-1.4935855865478516,-5.3452186584472656,-1.0909040971678134,0,0,0,1.6384351653186968e-06,-1069.0437316894531,4.1864257838142294e-06,5.4703496340180457e-05,-2491.9666892553441,3.1998220533679955e-05,-3561.010078179545,5.6341931505499154e-05,-0.00034276525229870458,3.6184646317494185e-05,9120.0480235115429,0,0,0,0.031912999999999997,0,0,0
32,0.5500000286847353,1,0.033333335071802139,496.12503051757812,496.12503504753113,496.12503504753113,-1.5853976011276245,-5.5087184906005859,-1.2655994401497099,1.3226136275079625e-07,-2.7755575615628914e-16,1.862645149230957e-07,1.7717368905323383e-06,-1101.7436981201172,4.3694367235502796e-06,5.4579018179512495e-05,-2654.1998839210364,3.1748582273394277e-05,-3755.9429831447646,5.6350755070044833e-05,-0.00059889638896493125,3.6118018996944556e-05,10138.649752345656,0,0,2.1185350000000001,2.179249,0,0,0
33,0.56666669622063637,0,0,496.12503051757812,496.12503504753113,496.12503504753113,-1.6799346208572388,-5.6722183227539062,-1.2655994401497099,0,0,0,1.7717368905323383e-06,-1134.4436645507812,4.3694367235502796e-06,5.4579018179512495e-05,-2654.1998839210364,3.1748582273394277e-05,-3788.6429862489249,5.6350755070044833e-05,-0.00056222289276774973,3.6118018996944556e-05,10321.45788157569,0,0,0,0.031875000000000001,0,0,0
34,0.58333336375653744,1,0.033333335071802139,496.12503051757812,496.12503504753113,496.12503504753113,-1.7771966457366943,-5.8357181549072266,-1.4511948475221397,1.6393190094277088e-07,9.9920072216264089e-16,1.0058283805847168e-07,1.9331150014068044e-06,-1167.1436309814453,4.4731191195523934e-06,5.4298886529857704e-05,-2816.433088242683,3.1564159979957651e-05,-3983.5758912141446,5.6232001531264508e-05,-0.00082800998370657908,3.6037279099510044e-05,11403.832154393091,0,0,2.1123769999999999,2.1667149999999999,0,0,0
35,0.60000003129243851,0,0,496.12503051757812,496.12503504753113,496.12503504753113,-1.8771836757659912,-5.9992179870605469,-1.4511948475221397,0,0,0,1.9331150014068044e-06,-1199.8435974121094,4.4731191195523934e-06,5.4298886529857704e-05,-2816.433088242683,3.1564159979957651e-05,-4016.2758943183048,5.6232001531264508e-05,-0.00079133648750939756,3.6037279099510044e-05,11597.33316166879,0,0,0,0.032738999999999997,0,0,0
36,0.61666669882833958,1,0.033333335071802139,496.12503051757812,496.12503504753113,496.12503504753113,-1.9798955917358398,-6.1627178192138672,-1.6476902540038236,1.4717376473072363e-07,1.4710455076283324e-15,5.4016709327697754e-08,2.0778145426447736e-06,-1232.5435638427734,4.5304251017341812e-06,5.4056214382258716e-05,-2978.6662861270243,3.1444986149598009e-05,-4211.2087992835241,5.613402892490349e-05,-0.0010506862736292533,3.597541125133219e-05,12743.475089879565,0,0,2.1884649999999999,2.2456239999999998,0,0,0
37,0.63333336636424065,0,0,496.12503051757812,496.12503504753113,496.12503504753113,-2.0853326320648193,-6.3262176513671875,-1.6476902540038236,0,0,0,2.0778145426447736e-06,-1265.2435302734375,4.5304251017341812e-06,5.4056214382258716e-05,-2978.6662861270243,3.1444986149598009e-05,-4243.9088023876839,5.613402892490349e-05,-0.0010140127778868191,3.597541125133219e-05,12947.66897520093,0,0,0,0.032806000000000002,0,0,0
38,0.65000003390014172,1,0.033333335071802139,496.12503051757812,496.12503504753113,496.12503504753113,-2.1934945583343506,-6.4897174835205078,-1.8550856818958197,1.9747078283671726e-07,2.7478019859472624e-15,2.6077032089233398e-08,2.2743353866871985e-06,-1297.9434967041016,4.5641030510523706e-06,5.3804285375047556e-05,-3140.8995049326004,3.1315617165184051e-05,-4438.8417073529035,5.6078620761734754e-05,-0.0012942837984155631,3.5879720216236421e-05,14157.575008245823,0,0,2.1610689999999999,2.216761,0,0,0
39,0.66666670143604279,0,0,496.12503051757812,496.12503504753113,496.12503504753113,-2.3043816089630127,-6.6532173156738281,-1.8550856818958197,0,0,0,2.2743353866871985e-06,-1330.6434631347656,4.5641030510523706e-06,5.3804285375047556e-05,-3140.8995049326004,3.1315617165184051e-05,-4471.5417104570643,5.6078620761734754e-05,-0.0012576103017636342,3.5879720216236421e-05,14372.461771612854,0,0,0,0.033121999999999999,0,0,0
40,0.68333336897194386,1,0.033333335071802139,496.12503051757812,496.12503504753113,496.12503504753113,-2.4179935455322266,-6.8167171478271484,-2.0733811214667588,1.8816298563706368e-07,3.9135361618036768e-15,-2.2351741790771484e-08,2.459181658309717e-06,-1363.3434295654297,4.5316582486520929e-06,5.3455554961612251e-05,-3303.1326625838051,3.1328830146115649e-05,-4666.474615422283,5.5914736619921968e-05,-0.0014767269512958592,3.5860488394767742e-05,15646.128468869765,0,0,2.1295410000000001,2.1834769999999999,0,0,0
41,0.70000003650784492,0,0,496.12503051757812,496.12503504753113,496.12503504753113,-2.5343306064605713,-6.9802169799804688,-2.0733811214667588,0,0,0,2.459181658309717e-06,-1396.0433959960938,4.5316582486520929e-06,5.3455554961612251e-05,-3303.1326625838051,3.1328830146115649e-05,-4699.1746185264437,5.5914736619921968e-05,-0.0014400534546439303,3.5860488394767742e-05,15871.708110282461,0,0,0,0.081043000000000004,0,0,0
42,0.71666670404374599,1,0.033333335071802139,496.12503051757812,496.12503504753113,496.12503504753113,-2.6533925533294678,-7.1437168121337891,-2.3025765735275905,8.6471817439814913e-07,3.1086244689504383e-15,8.0466270446777344e-07,3.369992285229273e-06,-1428.7433624267578,5.2380666915041729e-06,5.2641304477130113e-05,-3465.3658250629874,3.0620922442103904e-05,-4894.1075234916625,5.6011296762359386e-05,-0.0016639980822219513,3.5858989133608077e-05,17209.050987827562,0,0,2.4050579999999999,2.4650810000000001,0,0,0
43,0.73333337157964706,0,0,496.12503051757812,496.12503504753113,496.12503504753113,-2.775179386138916,-7.3072166442871094,-2.3025765735275905,0,0,0,3.369992285229273e-06,-1461.4433288574219,5.2380666915041729e-06,5.2641304477130113e-05,-3465.3658250629874,3.0620922442103904e-05,-4926.8075265958232,5.6011296762359386e-05,-0.0016273245855700225,3.5858989133608077e-05,17445.323507285924,0,0,0,0.058789000000000001,0,0,0
44,0.75000003911554813,1,0.033333335071802139,496.12503051757812,496.12503504753113,496.12503504753113,-2.8996913433074951,-7.4707164764404297,-2.5426720615957863,8.6458135228895117e-07,-1.1102230246251565e-14,1.3709068298339844e-06,4.2341561368175462e-06,-1494.1432952880859,6.5795838111171179e-06,5.1755998442204465e-05,-3627.5990068540727,2.9253906809967312e-05,-5121.7404315610429,5.5990154579022011e-05,-0.0018705811153267859,3.583349062108443e-05,18846.369480897454,0,0,2.4138449999999998,2.484807,0,0,0
45,0.7666667066514492,0,0,496.12503051757812,496.12503504753113,496.12503504753113,-3.026928186416626,-7.63421630859375,-2.5426720615957863,0,0,0,4.2341561368175462e-06,-1526.84326171875,6.5795838111171179e-06,5.1755998442204465e-05,-3627.5990068540727,2.9253906809967312e-05,-5154.4404346652027,5.5990154579022011e-05,-0.0018339076195843518,3.583349062108443e-05,19093.334878401482,0,0,0,0.033099000000000003,0,0,0
46,0.78333337418735027,1,0.033333335071802139,496.12503051757812,496.12503504753113,496.12503504753113,-3.1568901538848877,-7.7977161407470703,-2.7936675337707122,4.1539561834724736e-07,2.3869795029440866e-15,2.5704503059387207e-07,4.6500325368015183e-06,-1559.5432281494141,6.8380735740447562e-06,5.1203846078928805e-05,-3789.8321822078606,2.903920246966063e-05,-5349.3733396304233,5.5853878615730324e-05,-0.0020707268513433519,3.5877276043705386e-05,20558.222351878212,0,0,2.590595,2.6480630000000001,0,0,0
47,0.80000004172325134,0,0,496.12503051757812,496.12503504753113,496.12503504753113,-3.2895770072937012,-7.9612159729003906,-2.7936675337707122,0,0,0,4.6500325368015183e-06,-1592.2431945800781,6.8380735740447562e-06,5.1203846078928805e-05,-3789.8321822078606,2.903920246966063e-05,-5382.0733427345831,5.5853878615730324e-05,-0.0020340533556009177,3.5877276043705386e-05,20815.880627427905,0,0,0,0.031947000000000003,0,0,0
48,0.81666670925915241,1,0.033333335071802139,496.12503051757812,496.12503504753113,496.12503504753113,-3.4249889850616455,-8.1247158050537109,-3.0555630687142701,1.3849204378857394e-06,-3.9163117193652397e-14,2.8880313038825989e-06,5.9782692574117391e-06,-1624.9431610107422,9.7607703253288491e-06,4.9652991668591717e-05,-3952.0653656082791,2.6271934347177339e-05,-5577.006247699801,5.5631260926003456e-05,-0.0022789192207710585,3.6032704672506188e-05,22344.388338771638,0,0,2.3244099999999999,2.4021309999999998,0,0,0
49,0.83333337679505348,0,0,496.12503051757812,496.12503504753113,496.12503504753113,-3.5631258487701416,-8.2882156372070312,-3.0555630687142701,0,0,0,5.9782692574117391e-06,-1657.6431274414062,9.7607703253288491e-06,4.9652991668591717e-05,-3952.0653656082791,2.6271934347177339e-05,-5609.7062508039617,5.5631260926003456e-05,-0.0022422457241191296,3.6032704672506188e-05,22612.739492366996,0,0,0,0.042671000000000001,0,0,0
50,0.85000004433095455,1,0.033333335071802139,496.12503051757812,496.12503504753113,496.12503504753113,-3.7039878368377686,-8.4517154693603516,-3.3283585610032889,3.7723501122854941e-07,-1.8041124150158794e-15,3.4179538488388062e-07,6.3571562236575119e-06,-1690.3430938720703,1.0094997549003892e-05,4.9326395887172581e-05,-4114.2984959009445,2.5986862155380486e-05,-5804.6391557691813,5.5683552110830092e-05,-0.002434003833513998,3.6081859704384378e-05,24205.142382658603,0,0,2.2252000000000001,2.2781899999999999,0,0,0
51,0.86666671186685562,0,0,496.12503051757812,496.12503504753113,496.12503504753113,-3.8475747108459473,-8.6152153015136719,-3.3283585610032889,0,0,0,6.3571562236575119e-06,-1723.0430603027344,1.0094997549003892e-05,4.9326395887172581e-05,-4114.2984959009445,2.5986862155380486e-05,-5837.3391588733421,5.5683552110830092e-05,-0.0023973303368620691,3.6081859704384378e-05,24484.186414299627,0,0,0,0.031934999999999998,0,0,0
52,0.88333337940275669,1,0.033333335071802139,496.12503051757812,496.12503504753113,496.12503504753113,-3.9938867092132568,-8.7787151336669922,-3.6120541598521143,3.4371257129350852e-07,-3.0531133177191805e-16,2.644956111907959e-07,6.7047047025425854e-06,-1755.7430267333984,1.0368503922109085e-05,4.8965867031069976e-05,-4276.5316696454065,2.5714927674558297e-05,-6032.2720638385617,5.5670571733612562e-05,-0.0026325402432121336,3.6083431596667381e-05,26140.351089596501,0,0,2.29372,2.3503449999999999,0,0,0
53,0.90000004693865776,0,0,496.12503051757812,496.12503504753113,496.12503504753113,-4.1429238319396973,-8.9422149658203125,-3.6120541598521143,0,0,0,6.7047047025425854e-06,-1788.4429931640625,1.0368503922109085e-05,4.8965867031069976e-05,-4276.5316696454065,2.5714927674558297e-05,-6064.9720669427224,5.5670571733612562e-05,-0.0025958667465602048,3.6083431596667381e-05,26430.087999283191,0,0,0,0.032960000000000003,0,0,0
54,0.91666671447455883,1,0.033333335071802139,496.12503051757812,496.12503504753113,496.12503504753113,-4.2946858406066895,-9.1057147979736328,-3.9066497273996563,2.9063215833957656e-07,-1.1934897514720433e-15,2.3655593395233154e-07,6.9947915903867397e-06,-1821.1429595947266,1.0603363165273549e-05,4.859549649438577e-05,-4438.7649077628903,2.5527036219330501e-05,-6259.9049719079403,5.559028808477251e-05,-0.0028954496765436488,3.6130399384604051e-05,28150.011598750451,0,0,2.2450559999999999,2.3003209999999998,0,0,0
55,0.9333333820104599,0,0,496.12503051757812,496.12503504753113,496.12503504753113,-4.4491729736328125,-9.2692146301269531,-3.9066497273996563,0,0,0,6.9947915903867397e-06,-1853.8429260253906,1.0603363165273549e-05,4.859549649438577e-05,-4438.7649077628903,2.5527036219330501e-05,-6292.6049750121001,5.559028808477251e-05,-0.0028587761808012147,3.6130399384604051e-05,28450.441386482806,0,0,0,0.031916,0,0,0
56,0.95000004954636097,1,0.033333335071802139,496.12503051757812,496.12503504753113,496.12503504753113,-4.6063847541809082,-9.4327144622802734,-4.2121453041933021,3.0274398454821494e-07,5.8286708792820718e-16,1.73225998878479e-07,7.2950854246300878e-06,-1886.5428924560547,1.0771792346986331e-05,4.8302920694187623e-05,-4600.9980750700415,2.5325380759610994e-05,-6487.5378799773207,5.5598006118817711e-05,-0.0030875487755110953,3.6097173106597324e-05,30234.120364594975,0,0,2.1350959999999999,2.2009650000000001,0,0,0
57,0.96666671708226204,0,0,496.12503051757812,496.12503504753113,496.12503504753113,-4.7663216590881348,-9.5962142944335938,-4.2121453041933021,0,0,0,7.2950854246300878e-06,-1919.2428588867188,1.0771792346986331e-05,4.8302920694187623e-05,-4600.9980750700415,2.5325380759610994e-05,-6520.2378830814805,5.5598006118817711e-05,-0.0030508752797686611,3.6097173106597324e-05,30545.243030372996,0,0,0,0.031968999999999997,0,0,0
58,0.98333338461816311,1,0.033333335071802139,496.12503051757812,496.12503504753113,496.12503504753113,-4.9289836883544922,-9.7597141265869141,-4.5285408707703088,2.9436651516334678e-07,2.248201624865942e-15,1.0058283805847168e-07,7.5899052376371401e-06,-1951.9428253173828,1.0871073641283147e-05,4.7966835822477183e-05,-4763.231235939902,2.5261487540506611e-05,-6715.1707880467011,5.5556741060114323e-05,-0.003273210583756736,3.6132561181789757e-05,32392.67608728099,0,0,2.1781009999999998,2.2508699999999999,0,0,0
59,1.0000000521540642,0,0,496.12503051757812,496.12503504753113,496.12503504753113,-5.0943708419799805,-9.9232139587402344,-4.5285408707703088,0,0,0,7.5899052376371401e-06,-1984.6427917480469,1.0871073641283147e-05,4.7966835822477183e-05,-4763.231235939902,2.5261487540506611e-05,-6747.8707911508609,5.5556741060114323e-05,-0.0032365370880143018,3.6132561181789757e-05,32714.491631104676,0,0,0,0.031870999999999997,0,0,0
60,1.0166667196899652,1,0.033333335071802139,496.12503051757812,496.12503504753113,496.12503504753113,-5.2624826431274414,-10.086713790893555,-4.8558364238868768,2.7481283382257971e-07,3.5527136788005009e-15,5.4948031902313232e-08,7.8662203861767921e-06,-2017.3427581787109,1.0930588700830413e-05,4.7662372682333309e-05,-4925.4644193403165,2.5186323265813382e-05,-6942.8036961160788,5.5528593068510101e-05,-0.0034814029486369691,3.6116911966643794e-05,34625.677555576229,0,0,2.2777180000000001,2.3345940000000001,0,0,0
61,1.0333333872258663,0,0,496.12503051757812,496.12503504753113,496.12503504753113,-5.4333195686340332,-10.250213623046875,-4.8558364238868768,0,0,0,7.8662203861767921e-06,-2050.042724609375,1.0930588700830413e-05,4.7662372682333309e-05,-4925.4644193403165,2.5186323265813382e-05,-6975.5036992202395,5.5528593068510101e-05,-0.0034447294519850402,3.6116911966643794e-05,34958.185977445581,0,0,0,0.037741999999999998,0,0,0
62,1.0500000547617674,1,0.033333335071802139,496.12503051757812,496.12503504753113,496.12503504753113,-5.6068816184997559,-10.413713455200195,-5.1940319911152315,2.6550327447694144e-07,3.6082248300317588e-15,2.7474015951156616e-08,8.1333972445918334e-06,-2082.7426910400391,1.0962217800170038e-05,4.7321204692307717e-05,-5087.6975898661276,2.5124814718724409e-05,-7170.4366041854591,5.545460193689955e-05,-0.0036767207075172337,3.6087032518894446e-05,36933.1232071454,0,0,2.3551299999999999,2.4312740000000002,0,0,0
63,1.0666667222976685,0,0,496.12503051757812,496.12503504753113,496.12503504753113,-5.7831683158874512,-10.577213287353516,-5.1940319911152315,0,0,0,8.1333972445918334e-06,-2115.4426574707031,1.0962217800170038e-05,4.7321204692307717e-05,-5087.6975898661276,2.5124814718724409e-05,-7203.1366072896199,5.545460193689955e-05,-0.0036400472108653048,3.6087032518894446e-05,37276.324507060417,0,0,0,0.032069,0,0,0
64,1.0833333898335695,1,0.033333335071802139,496.12503051757812,496.12503504753113,496.12503504753113,-5.9621801376342773,-10.740713119506836,-5.5431276892318193,2.3011638461412076e-07,4.496403249731884e-15,-7.9162418842315674e-09,8.3624826174855116e-06,-2148.1426239013672,1.0955742624219056e-05,4.7073305229794471e-05,-5249.9308344209066,2.5164022921297935e-05,-7398.0695122548386,5.5435787847279983e-05,-0.0039460674352085334,3.6119765545516991e-05,39315.012933053666,0,0,2.238089,2.2959130000000001,0,0,0
65,1.1000000573694706,0,0,496.12503051757812,496.12503504753113,496.12503504753113,-6.1439170837402344,-10.904212951660156,-5.5431276892318193,0,0,0,8.3624826174855116e-06,-2180.8425903320312,1.0955742624219056e-05,4.7073305229794471e-05,-5249.9308344209066,2.5164022921297935e-05,-7430.7695153589993,5.5435787847279983e-05,-0.0039093939385566046,3.6119765545516991e-05,39668.907111014349,0,0,0,0.032745000000000003,0,0,0
66,1.1166667249053717,1,0.033333335071802139,496.12503051757812,496.12503504753113,496.12503504753113,-6.3283791542053223,-11.067712783813477,-5.9031234241667256,5.1702880909942905e-07,-2.3703261575747092e-14,8.1863254308700562e-07,8.8577060353145498e-06,-2213.5425567626953,1.1742404382175664e-05,4.65495822719042e-05,-5412.1640113840194,2.4403849729154325e-05,-7625.702420324219,5.5407288307218749e-05,-0.0041478224957245402,3.614625411132999e-05,41771.294595912215,0,0,2.2882169999999999,2.3429229999999999,0,0,0
67,1.1333333924412727,0,0,496.12503051757812,496.12503504753113,496.12503504753113,-6.5155658721923828,-11.231212615966797,-5.9031234241667256,0,0,0,8.8577060353145498e-06,-2246.2425231933594,1.1742404382175664e-05,4.65495822719042e-05,-5412.1640113840194,2.4403849729154325e-05,-7658.4024234283797,5.5407288307218749e-05,-0.0041111489990726113,3.614625411132999e-05,42135.881651918564,0,0,0,0.031870999999999997,0,0,0
68,1.1500000599771738,1,0.033333335071802139,496.12503051757812,496.12503504753113,496.12503504753113,-6.7054777145385742,-11.394712448120117,-6.2740191472630995,2.4415265897914651e-07,1.5265566588595902e-15,6.5192580223083496e-08,9.0997026802597247e-06,-2278.9424896240234,1.1813455813580731e-05,4.6246366397939553e-05,-5574.3971786911752,2.4337417628750302e-05,-7853.3353283935985,5.5346069078199278e-05,-0.0043399216001489549,3.6150873442331033e-05,44302.059129794012,0,0,2.281965,2.3608820000000001,0,0,0
69,1.1666667275130749,0,0,496.12503051757812,496.12503504753113,496.12503504753113,-6.8981146812438965,-11.558212280273438,-6.2740191472630995,0,0,0,9.0997026802597247e-06,-2311.6424560546875,1.1813455813580731e-05,4.6246366397939553e-05,-5574.3971786911752,2.4337417628750302e-05,-7886.0353314977592,5.5346069078199278e-05,-0.004303248103497026,3.6150873442331033e-05,44677.339063846026,0,0,0,0.043770999999999997,0,0,0
70,1.1833333950489759,1,0.033333335071802139,496.12503051757812,496.12503504753113,496.12503504753113,-7.0934767723083496,-11.721712112426758,-6.6558149363718915,2.0270999812055379e-07,1.0269562977782698e-15,4.0978193283081055e-08,9.3008708290653885e-06,-2344.3424224853516,1.1851208370217137e-05,4.5964499376383028e-05,-5736.6303653102404,2.4345760276794914e-05,-8080.968236462978,5.5265370205448416e-05,-0.0045513326140280697,3.6196968647012051e-05,46907.267369797904,0,0,2.7158699999999998,2.7771180000000002,0,0,0
71,1.200000062584877,0,0,496.12503051757812,496.12503504753113,496.12503504753113,-7.2915635108947754,-11.885211944580078,-6.6558149363718915,0,0,0,9.3008708290653885e-06,-2377.0423889160156,1.1851208370217137e-05,4.5964499376383028e-05,-5736.6303653102404,2.4345760276794914e-05,-8113.6682395671378,5.5265370205448416e-05,-0.0045146591182856355,3.6196968647012051e-05,47293.240181895584,0,0,0,0.044589999999999998,0,0,0
72,1.2166667301207781,1,0.033333335071802139,496.12503051757812,496.12503504753113,496.12503504753113,-7.492375373840332,-12.048711776733398,-7.0485107266173088,1.719770068575599e-07,1.27675647831893e-15,2.6542693376541138e-08,9.4742325984498166e-06,-2409.7423553466797,1.1877947514449261e-05,4.5764232990741505e-05,-5898.8635615852609,2.4417290067635378e-05,-8308.6011445323584,5.5238465589191321e-05,-0.0047723995830892818,3.6295237582084638e-05,49586.918107773701,0,0,2.2452260000000002,2.3055240000000001,0,0,0
73,1.2333333976566792,0,0,496.12503051757812,496.12503504753113,496.12503504753113,-7.6959123611450195,-12.212211608886719,-7.0485107266173088,0,0,0,9.4742325984498166e-06,-2442.4423217773438,1.1877947514449261e-05,4.5764232990741505e-05,-5898.8635615852609,2.4417290067635378e-05,-8341.3011476365191,5.5238465589191321e-05,-0.0047357260864373529,3.6295237582084638e-05,49983.583797917046,0,0,0,0.032072000000000003,0,0,0
74,1.2500000651925802,1,0.033333335071802139,496.12503051757812,496.12503504753113,496.12503504753113,-7.9021739959716797,-12.375711441040039,-7.4521065179993524,1.5567907496460975e-07,4.8572257327350599e-15,-4.3306499719619751e-08,9.6298869323163672e-06,-2475.1422882080078,1.1830735502371681e-05,4.5642673235757325e-05,-6061.0968157959969,2.4448176007108025e-05,-8536.2340526017379,5.5272560168073692e-05,-0.0050514022677816683,3.6278911509479705e-05,52341.011056251045,0,0,2.8761389999999998,2.9359869999999999,0,0,0
75,1.2666667327284813,0,0,496.12503051757812,496.12503504753113,496.12503504753113,-8.1111612319946289,-12.539211273193359,-7.4521065179993524,0,0,0,9.6298869323163672e-06,-2507.8422546386719,1.1830735502371681e-05,4.5642673235757325e-05,-6061.0968157959969,2.4448176007108025e-05,-8568.9340557058986,5.5272560168073692e-05,-0.0050147287711297395,3.6278911509479705e-05,52748.369624440056,0,0,0,0.033167000000000002,0,0,0
76,1.2833334002643824,1,0.033333335071802139,496.12503051757812,496.12503504753113,496.12503504753113,-8.3228731155395508,-12.70271110534668,-7.8666022229356871,1.421746986807193e-07,4.801714581503802e-15,-6.3329935073852539e-08,9.7731017945079657e-06,-2540.5422210693359,1.1760488405343494e-05,4.5472118437417386e-05,-6223.3300442575255,2.4564624718489969e-05,-8763.8669606711173,5.5245220231925352e-05,-0.0053046557441120967,3.6325113123833463e-05,55169.544506075355,0,0,2.7521939999999998,2.8166799999999999,0,0,0
77,1.3000000678002834,0,0,496.12503051757812,496.12503504753113,496.12503504753113,-8.5373096466064453,-12.8662109375,-7.8666022229356871,0,0,0,9.7731017945079657e-06,-2573.2421875,1.1760488405343494e-05,4.5472118437417386e-05,-6223.3300442575255,2.4564624718489969e-05,-8796.5669637752781,5.5245220231925352e-05,-0.0052679822474601679,3.6325113123833463e-05,55587.595952310032,0,0,0,0.044153999999999999,0,0,0
78,1.3166667353361845,1,0.033333335071802139,496.12503051757812,496.12503504753113,496.12503504753113,-8.7544717788696289,-13.02971076965332,-8.2919980392975106,1.2215058120546018e-07,6.7168492989821971e-15,-9.9651515483856201e-08,9.8967717576670111e-06,-2605.9421539306641,1.1658248411094974e-05,4.538331106168636e-05,-6385.5633177801665,2.4714361899519366e-05,-8991.4998687404968,5.5280082819353371e-05,-0.0056029703337117098,3.6372610310614339e-05,58072.518743871493,0,0,2.3198439999999998,2.3920530000000002,0,0,0
79,1.3333334028720856,0,0,496.12503051757812,496.12503504753113,496.12503504753113,-8.9743585586547852,-13.193210601806641,-8.2919980392975106,0,0,0,9.8967717576670111e-06,-2638.6421203613281,1.1658248411094974e-05,4.538331106168636e-05,-6385.5633177801665,2.4714361899519366e-05,-9024.1998718446575,5.5280082819353371e-05,-0.005566296837059781,3.6372610310614339e-05,58501.263068151835,0,0,0,0.032912999999999998,0,0,0
80,1.3500000704079866,1,0.033333335071802139,496.12503051757812,496.12503504753113,496.12503504753113,-9.1969699859619141,-13.356710433959961,-8.7282938470645899,1.2447776498447638e-07,7.3552275381416621e-15,-1.1222437024116516e-07,1.0020822571732424e-05,-2671.3420867919922,1.154922344426268e-05,4.5251954063074695e-05,-6547.7964657754183,2.4799221141083572e-05,-9219.1327768098763,5.5272776634807119e-05,-0.0057757575341383927,3.6348444585346251e-05,61049.931051843254,0,0,2.3111579999999998,2.3688760000000002,0,0,0
81,1.3666667379438877,0,0,496.12503051757812,496.12503504753113,496.12503504753113,-9.422307014465332,-13.520210266113281,-8.7282938470645899,0,0,0,1.0020822571732424e-05,-2704.0420532226562,1.154922344426268e-05,4.5251954063074695e-05,-6547.7964657754183,2.4799221141083572e-05,-9251.832779914037,5.5272776634807119e-05,-0.0057390840374864638,3.6348444585346251e-05,61489.368254169261,0,0,0,0.032738000000000003,0,0,0
82,1.3833334054797888,1,0.033333335071802139,496.12503051757812,496.12503504753113,496.12503504753113,-9.6503686904907227,-13.683710098266602,-9.1754896656996507,1.1842264058259389e-07,6.8556271770603416e-15,-9.7323209047317505e-08,1.0140897188648523e-05,-2736.7420196533203,1.1451042780663556e-05,4.5142298434830419e-05,-6710.0296910182951,2.4892627872349915e-05,-9446.7656848792558,5.5283195623478942e-05,-0.0060257923596509499,3.6343670653013471e-05,64101.78362339086,0,0,2.40924,2.467247,0,0,0
83,1.4000000730156898,0,0,496.12503051757812,496.12503504753113,492.75003480911255,-9.8811559677124023,-13.847209930419922,-9.1754896656996507,0,0,0,1.0140897188648523e-05,-2769.4419860839844,1.1451042780663556e-05,4.5142298434830419e-05,-6710.0296910182951,2.4892627872349915e-05,-9479.4656879834165,5.5283195623478942e-05,-0.0059891188629990211,3.6343670653013471e-05,64551.913703762533,0,0,0,0.033036999999999997,0,0,0
84,1.4166667405515909,1,0.033333335071802139,496.12503051757812,496.12503504753113,496.12503504753113,-10.114667892456055,-14.010709762573242,-9.6335855081778803,8.8152710020494851e-08,4.8572257327350599e-15,-7.1711838245391846e-08,1.022857816224132e-05,-2802.1419525146484,1.137444414212041e-05,4.5063261492228612e-05,-6872.2628583254555,2.4973699553315631e-05,-9674.3985929486371,5.5291839654469932e-05,-0.0062178914668038487,3.6348143695436042e-05,67228.074292024423,0,0,2.5470839999999999,2.6062940000000001,0,0,0
85,1.433333408087492,0,0,496.12503051757812,496.12503504753113,479.25003385543823,-10.35090446472168,-14.174209594726562,-9.6335855081778803,0,0,0,1.022857816224132e-05,-2834.8419189453125,1.137444414212041e-05,4.5063261492228612e-05,-6872.2628583254555,2.4973699553315631e-05,-9707.098596052796,5.5291839654469932e-05,-0.0061812179719709093,3.6348143695436042e-05,67688.897250441747,0,0,0,0.032837999999999999,0,0,0
86,1.4500000756233931,1,0.033333335071802139,496.12503051757812,496.12503504753113,496.12503504753113,-10.589866638183594,-14.337709426879883,-10.102581478300543,4.856920199358683e-08,4.9960036108132044e-15,-8.3819031715393066e-08,1.0277372552991437e-05,-2867.5418853759766,1.1291771073729251e-05,4.5003292418327456e-05,-7034.4960449445134,2.5002114542010956e-05,-9902.0315010180148,5.5280664971318894e-05,-0.0064293024752259953,3.6293885615740207e-05,70428.803787470475,0,0,2.2410009999999998,2.2989679999999999,0,0,0
87,1.4666667431592941,0,0,496.12503051757812,496.12503504753113,479.25003385543823,-10.83155345916748,-14.501209259033203,-10.102581478300543,0,0,0,1.0277372552991437e-05,-2900.2418518066406,1.1291771073729251e-05,4.5003292418327456e-05,-7034.4960449445134,2.5002114542010956e-05,-9934.7315041221755,5.5280664971318894e-05,-0.0063926289785740664,3.6293885615740207e-05,70900.319623933479,0,0,0,0.032745999999999997,0,0,0
88,1.4833334106951952,1,0.033333335071802139,496.12503051757812,496.12503504753113,496.12503504753113,-11.07596492767334,-14.664709091186523,-10.582477251688641,5.6948472604290146e-08,4.7878367936959876e-15,-7.9162418842315674e-08,1.0333441480270267e-05,-2932.9418182373047,1.1211107420194821e-05,4.4927518689674706e-05,-7196.7291929397761,2.5058091922824932e-05,-10129.664409087394,5.5260960169944973e-05,-0.0066020896865666145,3.6269199343019753e-05,73703.971007649176,0,0,2.3637869999999999,2.4219819999999999,0,0,0
89,1.5000000782310963,0,0,496.12503051757812,496.12503504753113,465.75003290176392,-11.323101997375488,-14.828208923339844,-10.582477251688641,0,0,0,1.0333441480270267e-05,-2965.6417846679688,1.1211107420194821e-05,4.4927518689674706e-05,-7196.7291929397761,2.5058091922824932e-05,-10162.364412191555,5.5260960169944973e-05,-0.0065654161899146857,3.6269199343019753e-05,74186.179722157831,0,0,0,0.044893000000000002,0,0,0
90,1.5166667457669973,1,0.033333335071802139,496.12503051757812,496.12503504753113,496.12503504753113,-11.572963714599609,-14.991708755493164,-11.073273275985201,5.8109744571765987e-08,4.5519144009631418e-15,-6.9849193096160889e-08,1.039086896525987e-05,-2998.3417510986328,1.1141442968209958e-05,4.4866154819356296e-05,-7358.9624149639985,2.5098460976091808e-05,-10357.297317156776,5.5257023784616166e-05,-0.0068489058558043325,3.6239903944301766e-05,77053.577359660238,0,0,2.4806919999999999,2.5427460000000002,0,0,0
91,1.5333334133028984,0,0,496.12503051757812,496.12503504753113,465.75003290176392,-11.825550079345703,-15.155208587646484,-11.073273275985201,0,0,0,1.039086896525987e-05,-3031.0417175292969,1.1141442968209958e-05,4.4866154819356296e-05,-7358.9624149639985,2.5098460976091808e-05,-10389.997320260936,5.5257023784616166e-05,-0.0068122323591524037,3.6239903944301766e-05,77546.478952214587,0,0,0,0.041341999999999997,0,0,0
92,1.5500000808387995,1,0.033333335071802139,496.12503051757812,496.12503504753113,496.12503504753113,-12.080862045288086,-15.318708419799805,-11.574969239786366,6.2763255925801786e-08,3.9968028886505635e-15,-5.9604644775390625e-08,1.0454169796503265e-05,-3063.7416839599609,1.1082665452022411e-05,4.4817710471434236e-05,-7521.195601583071,2.5175247874625883e-05,-10584.930225226155,5.5271880267937501e-05,-0.0070603168769594049,3.6257913326648294e-05,80477.621052780276,0,0,2.3280020000000001,2.3855460000000002,0,0,0
93,1.5666667483747005,0,0,496.12503051757812,496.12503504753113,465.75003290176392,-12.338898658752441,-15.482208251953125,-11.574969239786366,0,0,0,1.0454169796503265e-05,-3096.441650390625,1.1082665452022411e-05,4.4817710471434236e-05,-7521.195601583071,2.5175247874625883e-05,-10617.630228330316,5.5271880267937501e-05,-0.007023643380307476,3.6257913326648294e-05,80981.215523380277,0,0,0,0.032675000000000003,0,0,0
94,1.5833334159106016,1,0.033333335071802139,496.12503051757812,496.12503504753113,496.12503504753113,-12.599660873413086,-15.645708084106445,-12.087565240405864,7.0210518288149615e-08,3.7331249203020889e-15,-5.657784640789032e-08,1.0524661320232553e-05,-3129.1416168212891,1.1027627522253169e-05,4.4744273649616195e-05,-7683.4287463596647,2.5274144792614139e-05,-10812.563133295533,5.5268934969848749e-05,-0.0072298854211112484,3.6301772314867309e-05,83976.101772405076,0,0,2.8107280000000001,2.8948260000000001,0,0,0
95,1.6000000834465027,0,0,496.12503051757812,496.12503504753113,465.75003290176392,-12.863147735595703,-15.809207916259766,-12.087565240405864,0,0,0,1.0524661320232553e-05,-3161.8415832519531,1.1027627522253169e-05,4.4744273649616195e-05,-7683.4287463596647,2.5274144792614139e-05,-10845.263136399693,5.5268934969848749e-05,-0.0071932119244593196,3.6301772314867309e-05,84490.389121050743,0,0,0,0.033152000000000001,0,0,0
96,1.6166667509824038,1,0.033333335071802139,496.12503051757812,496.12503504753113,496.12503504753113,-13.129359245300293,-15.972707748413086,-12.611061050778344,7.5329332105411595e-08,3.677613769070831e-15,-5.005858838558197e-08,1.0599605104744114e-05,-3194.5415496826172,1.0978449438425741e-05,4.4681580378597152e-05,-7845.6619619465855,2.5332182162496331e-05,-11040.196041364916,5.5281185483341266e-05,-0.0074702642868942348,3.6310631600922072e-05,87549.021099617923,0,0,2.6719080000000002,2.7304210000000002,0,0,0
97,1.6333334185183048,0,0,496.12503051757812,496.12503504753113,465.75003290176392,-13.398296356201172,-16.136207580566406,-12.611061050778344,0,0,0,1.0599605104744114e-05,-3227.2415161132812,1.0978449438425741e-05,4.4681580378597152e-05,-7845.6619619465855,2.5332182162496331e-05,-11072.896044469077,5.5281185483341266e-05,-0.007433590790242306,3.6310631600922072e-05,88074.001326309255,0,0,0,0.032828000000000003,0,0,0
98,1.6500000860542059,1,0.033333335071802139,496.12503051757812,496.12503504753113,496.12503504753113,-13.669958114624023,-16.299707412719727,-13.145457183422694,3.0256842364906333e-07,2.6367796834847468e-15,4.1211023926734924e-08,1.0903210068136104e-05,-3259.9414825439453,1.1020838996955717e-05,4.437148112237943e-05,-8007.8945692084662,2.5284308325823623e-05,-11267.828949434293,5.5274691190515535e-05,-0.007102318118995754,3.6305147322779341e-05,91196.365028629065,0,0,2.8271009999999999,2.9130470000000002,0,0,0
99,1.666666753590107,0,0,496.12503051757812,496.12503504753113,452.2500319480896,-13.944344520568848,-16.463207244873047,-13.145457183422694,0,0,0,1.0903210068136104e-05,-3292.6414489746094,1.1020838996955717e-05,4.437148112237943e-05,-8007.8945692084662,2.5284308325823623e-05,-11300.528952538454,5.5274691190515535e-05,-0.0070656446223438252,3.6305147322779341e-05,91732.038133366063,0,0,0,0.045128000000000001,0,0,0
100,1.683333421126008,1,0.033333335071802139,496.12503051757812,496.12503504753113,496.12503504753113,-14.221456527709961,-16.626707077026367,-13.690753190695826,1.0976588527000786e-07,4.1217029789208937e-15,-4.4936314225196838e-08,1.1013678147264727e-05,-3325.3414154052734,1.0973172237527251e-05,4.42572762368032e-05,-8170.1263653702754,2.5322039339290003e-05,-11495.461857503671,5.5270954384067927e-05,-0.0059232718776911497,3.6295211576817255e-05,94918.135173705974,0,0,2.265809,2.3243870000000002,0,0,0
101,1.7000000886619091,0,0,496.12503051757812,496.12503504753113,452.2500319480896,-14.501293182373047,-16.790206909179688,-13.690753190695826,0,0,0,1.1013678147264727e-05,-3358.0413818359375,1.0973172237527251e-05,4.42572762368032e-05,-8170.1263653702754,2.5322039339290003e-05,-11528.161860607832,5.5270954384067927e-05,-0.0058865983810392208,3.6295211576817255e-05,95464.501156488637,0,0,0,0.031948999999999998,0,0,0
102,1.7166667561978102,1,0.033333335071802139,496.12503051757812,496.12503504753113,496.12503504753113,-14.783855438232422,-16.953706741333008,-14.246949130986016,1.0230309044345631e-07,3.6498581934552021e-15,-4.1211023926734924e-08,1.111670542286447e-05,-3390.7413482666016,1.0931653804391317e-05,4.4161443200463335e-05,-8332.3580746285115,2.5371618648094285e-05,-11723.094765573054,5.5278148623327805e-05,-0.0046573220588470576,3.6303272452485602e-05,98714.340258229626,0,0,2.2961179999999999,2.3501609999999999,0,0,0
103,1.7333334237337112,0,0,496.12503051757812,496.12503504753113,425.25003004074097,-15.06914234161377,-17.117206573486328,-14.246949130986016,0,0,0,1.111670542286447e-05,-3423.4413146972656,1.0931653804391317e-05,4.4161443200463335e-05,-8332.3580746285115,2.5371618648094285e-05,-11755.794768677215,5.5278148623327805e-05,-0.0046206485621951288,3.6303272452485602e-05,99271.399119057955,0,0,0,0.032899999999999999,0,0,0
104,1.7500000912696123,1,0.033333335071802139,496.12503051757812,496.12503504753113,496.12503504753113,-15.35715389251709,-17.280706405639648,-14.814044900491929,1.0718156318034744e-07,4.3021142204224816e-15,-4.8195943236351013e-08,1.1224194196302051e-05,-3456.1412811279297,1.0885439394314744e-05,4.4077154818217279e-05,-8494.5896744526053,2.5406540105715747e-05,-11950.727673642432,5.530134901451933e-05,-0.0032819381031004013,3.6291979500030491e-05,102584.97966965698,0,0,2.3188589999999998,2.3932799999999999,0,0,0
105,1.7666667588055134,0,0,496.12503051757812,496.12503504753113,425.25003004074097,-15.647891044616699,-17.444206237792969,-14.814044900491929,0,0,0,1.1224194196302051e-05,-3488.8412475585938,1.0885439394314744e-05,4.4077154818217279e-05,-8494.5896744526053,2.5406540105715747e-05,-11983.427676746593,5.530134901451933e-05,-0.0032452646064484725,3.6291979500030491e-05,103152.73140853098,0,0,0,0.031852999999999999,0,0,0
106,1.7833334263414145,1,0.033333335071802139,496.12503051757812,496.12503504753113,496.12503504753113,-15.941352844238281,-17.607706069946289,-15.392040557601824,1.1043133696375662e-07,3.6914915568786455e-15,-3.8882717490196228e-08,1.1333651883660423e-05,-3521.5412139892578,1.0846584075352439e-05,4.4003172720533112e-05,-8656.8213386497282,2.5443848062689511e-05,-12178.360581711811,5.5336824604193535e-05,-0.0019709271746251034,3.629043213804195e-05,106530.05619265109,0,0,2.805523,2.89236,0,0,0
107,1.8000000938773155,0,0,496.12503051757812,496.12503504753113,425.25003004074097,-16.237539291381836,-17.771205902099609,-15.392040557601824,0,0,0,1.1333651883660423e-05,-3554.2411804199219,1.0846584075352439e-05,4.4003172720533112e-05,-8656.8213386497282,2.5443848062689511e-05,-12211.06058481597,5.5336824604193535e-05,-0.0019342536797921639,3.629043213804195e-05,107108.50080957075,0,0,0,0.047370000000000002,0,0,0
108,1.8166667614132166,1,0.033333335071802139,496.12503051757812,496.12503504753113,496.12503504753113,-16.53645133972168,-17.93470573425293,-15.980936277480348,1.1135380617588453e-07,3.0114799542957371e-15,-2.7939677238464355e-08,1.1446270065107456e-05,-3586.9411468505859,1.0819881168799839e-05,4.389036188789941e-05,-8819.0530221587542,2.5476457071557657e-05,-12405.993489781193,5.5336631953006865e-05,-0.00067922814741905313,3.6296338240357495e-05,110549.56897363004,0,0,2.3522720000000001,2.413462,0,0,0
109,1.8333334289491177,0,0,496.12503051757812,496.12503504753113,425.25003004074097,-16.838088989257812,-18.09820556640625,-15.980936277480348,0,0,0,1.1446270065107456e-05,-3619.64111328125,1.0819881168799839e-05,4.389036188789941e-05,-8819.0530221587542,2.5476457071557657e-05,-12438.693492885353,5.5336631953006865e-05,-0.00064255465076712426,3.6296338240357495e-05,111138.70646859537,0,0,0,0.032979000000000001,0,0,0
110,1.8500000964850187,1,0.033333335071802139,496.12503051757812,496.12503504753113,496.12503504753113,-17.142450332641602,-18.26170539855957,-16.580732008226864,1.0517585735669854e-07,1.9984014443252818e-15,-1.8044374883174896e-08,1.1551497181017112e-05,-3652.3410797119141,1.0803329075770307e-05,4.3778187458223816e-05,-8981.2847893527105,2.5496238430469664e-05,-12633.626397850572,5.5329684639240928e-05,0.00052878594760841224,3.6299567506239971e-05,114643.51911166492,0,0,2.220189,2.2778890000000001,0,0,0
111,1.8666667640209198,0,0,496.12503051757812,496.12503504753113,425.25003004074097,-17.44953727722168,-18.425205230712891,-16.580732008226864,0,0,0,1.1551497181017112e-05,-3685.0410461425781,1.0803329075770307e-05,4.3778187458223816e-05,-8981.2847893527105,2.5496238430469664e-05,-12666.326400954731,5.5329684639240928e-05,0.00056545944244135171,3.6299567506239971e-05,115243.34948467591,0,0,0,0.032545999999999999,0,0,0
112,1.8833334315568209,1,0.033333335071802139,496.12503051757812,496.12503504753113,496.12503504753113,-17.759349822998047,-18.588705062866211,-17.191427178934315,1.0214195356184064e-07,2.2620794126737565e-15,-2.0721927285194397e-08,1.1653376930098602e-05,-3717.7410125732422,1.0783227111232918e-05,4.3671340295522998e-05,-9143.5167818522459,2.5518359375673733e-05,-12861.25930591995,5.53247172256216e-05,0.0015114944617380388,3.6301586486906651e-05,118811.90921457902,0,0,2.266931,2.325431,0,0,0
113,1.9000000990927219,0,0,496.12503051757812,496.12503504753113,411.75002908706665,-18.07188606262207,-18.752204895019531,-17.191427178934315,0,0,0,1.1653376930098602e-05,-3750.4409790039062,1.0783227111232918e-05,4.3671340295522998e-05,-9143.5167818522459,2.5518359375673733e-05,-12893.959309024111,5.53247172256216e-05,0.0015481679583899677,3.6301586486906651e-05,119422.43246563568,0,0,0,0.032680000000000001,0,0,0
114,1.916666766628623,1,0.033333335071802139,496.12503051757812,496.12503504753113,496.12503504753113,-18.387147903442383,-18.915704727172852,-17.813022652450883,9.7129742471224745e-08,1.8665624601510444e-15,-1.3853423297405243e-08,1.1750798734055934e-05,-3783.1409454345703,1.07687675665602e-05,4.3586905318582225e-05,-9305.7485426088879,2.5526635208827919e-05,-13088.892213989333,5.5337704052638159e-05,0.002725945874772151,3.6295402775388119e-05,123054.73086305265,0,0,2.8448959999999999,2.9046340000000002,0,0,0
115,1.9333334341645241,0,0,496.12503051757812,496.12503504753113,398.25002813339233,-18.705135345458984,-19.079204559326172,-17.813022652450883,0,0,0,1.1750798734055934e-05,-3815.8409118652344,1.07687675665602e-05,4.3586905318582225e-05,-9305.7485426088879,2.5526635208827919e-05,-13121.592217093492,5.5337704052638159e-05,0.0027626193696050905,3.6295402775388119e-05,123675.94699215498,0,0,0,0.032994999999999997,0,0,0
116,1.9500001017004251,1,0.033333335071802139,496.12503051757812,496.12503504753113,496.12503504753113,-19.025846481323242,-19.242704391479492,-18.445518013571391,9.1043887096020626e-08,6.2450045135165055e-16,1.280568540096283e-08,1.1841521541100519e-05,-3848.5408782958984,1.0779965009533043e-05,4.3502433075388869e-05,-9467.9801746195026,2.5509190612268973e-05,-13316.525122058711,5.5343954616489388e-05,0.0040691433096071705,3.6289155621802016e-05,127371.98478290101,0,0,2.5632890000000002,2.6488619999999998,0,0,0
117,1.9666667692363262,0,0,496.12503051757812,496.12503504753113,371.2500262260437,-19.349283218383789,-19.406204223632812,-18.445518013571391,0,0,0,1.1841521541100519e-05,-3881.2408447265625,1.0779965009533043e-05,4.3502433075388869e-05,-9467.9801746195026,2.5509190612268973e-05,-13349.225125162871,5.5343954616489388e-05,0.0041058168062590994,3.6289155621802016e-05,128003.893790049,0,0,0,0.032975999999999998,0,0,0
118,1.9833334367722273,1,0.033333335071802139,496.12503051757812,496.12503504753113,496.12503504753113,-19.675445556640625,-19.569704055786133,-19.088913482873608,8.6967993695452606e-08,4.3715031594615539e-16,7.3341652750968933e-09,1.1928703713692812e-05,-3913.9408111572266,1.0787732662720373e-05,4.340608936761331e-05,-9630.2121799936303,2.5503219858950127e-05,-13544.158030128088,5.5334793081306122e-05,0.0050389772313792491,3.62909525216705e-05,131763.68241615925,0,0,2.5693320000000002,2.627116,0,0,0
119,2.0000001043081284,0,0,496.12503051757812,496.12503504753113,371.2500262260437,-20.004331588745117,-19.733203887939453,-19.088913482873608,0,0,0,1.1928703713692812e-05,-3946.6407775878906,1.0787732662720373e-05,4.340608936761331e-05,-9630.2121799936303,2.5503219858950127e-05,-13576.858033232249,5.5334793081306122e-05,0.005075650728031178,3.62909525216705e-05,132406.28430135289,0,0,0,0.032829999999999998,0,0,0
