frame,wall_ms,fixed_ms,steps,integration_ms,bodies,active,pending,live_estimate,retained_estimate,resource_bytes,rss_kb
0,1179.99,0.240223,1,0,1,0,0,0,0,107319,316760
1,19.461,0.341118,1,0.111914,1,0,1,0,0,132751,316776
2,21.157,0.272964,1,0.346506,6,0,1,313534,0,180452,316784
3,30.9867,1.16394,1,0.270898,10,0,1,313534,0,232091,316792
4,755.586,0.337435,1,0.515979,10,1,0,313534,0,1014136,317120
5,449.393,0.52577,1,0.113046,10,1,0,313534,14314,1103389,317188
6,18.6417,0.441706,1,0.10103,10,1,0,313534,14314,1153917,317188
7,22.2869,0.610899,1,0.158309,10,1,0,313534,14314,1154553,317188
8,24.3176,0.349374,1,0.100775,10,1,0,313534,14314,1154553,317188
9,31.8466,0.563566,1,0.196768,10,1,0,313534,14314,1154553,317188
10,22.5548,0.575906,1,0.115038,10,1,0,313534,14314,1154553,317188
11,26.2353,0.56742,1,0.160337,10,1,0,313534,14314,1154553,317188
12,27.4639,0.612118,1,0.156167,10,1,0,313534,14314,1154553,317188
13,26.8329,0.620053,1,0.179602,10,1,0,313534,14314,1154553,317188
14,23.0346,0.572249,1,0.167974,10,1,0,313534,14314,1154553,317188
15,26.4062,0.422251,1,0.152421,10,1,0,313534,14314,1154553,317188
16,21.6552,0.592802,1,0.162902,10,1,0,313534,14314,1154553,317188
17,26.8826,0.614081,1,0.162264,10,1,0,313534,14314,1154553,317188
18,20.4711,0.616512,1,0.112387,10,1,0,313534,14314,1154553,317188
19,23.4636,0.828242,1,0.15952,10,1,0,313534,14314,1154553,317188
20,21.2641,0.682987,1,1.56268,10,1,0,313534,14314,1154553,317188
21,23.2826,0.645421,1,0.197302,10,1,0,313534,14314,1154553,317188
22,25.6374,0.619636,1,0.156706,10,1,0,313534,14314,1154553,317188
23,23.1962,0.748863,1,0.187525,10,1,0,313534,14314,1154553,317188
24,23.1043,0.779604,1,0.10587,10,1,0,313534,14314,1154553,317188
25,23.3939,0.661122,1,0.152221,10,1,0,313534,14314,1154553,317188
26,25.338,0.575953,1,0.130361,10,1,0,313534,14314,1154553,317188
27,22.6658,0.637069,1,0.159965,10,1,0,313534,14314,1154553,317188
28,24.1159,0.671353,1,0.174265,10,1,0,313534,14314,1154553,317188
29,24.61,0.567522,1,0.152073,10,1,0,313534,14314,1154553,317188
30,23.5892,0.509045,1,0.156629,10,1,0,313534,14314,1154553,317188
31,22.6123,0.627217,1,0.168269,10,1,0,313534,14314,1154553,317188
32,23.1484,0.622433,1,0.156795,10,1,0,313534,14314,1154553,317188
33,22.8594,0.703147,1,0.157005,10,1,0,313534,14314,1154553,317188
34,28.2716,0.466379,1,0.121587,10,1,0,313534,14314,1154553,317188
35,22.9868,0.642866,1,0.183968,10,1,0,313534,14314,1154553,317188
36,23.01,0.637647,1,0.181825,10,1,0,313534,14314,1154553,317188
37,22.5307,0.637149,1,0.168129,10,1,0,313534,14314,1154553,317188
38,22.4593,0.617583,1,0.156658,10,1,0,313534,14314,1154553,317188
39,26.7566,0.615617,1,0.140081,10,1,0,313534,14314,1154553,317188
40,19.1299,0.417099,1,0.157469,10,1,0,313534,14314,1154553,317188
41,22.1137,0.651707,1,0.161239,10,1,0,313534,14314,1154553,317188
42,24.7189,0.660581,1,0.110407,10,1,0,313534,14314,1154553,317188
43,25.2047,0.640938,1,0.172441,10,1,0,313534,14314,1154553,317188
44,20.9489,0.688502,1,0.174515,10,1,0,313534,14314,1154553,317188
45,24.3782,0.726359,1,0.154777,10,1,0,313534,14314,1154553,317188
46,22.8522,0.67526,1,0.164696,10,1,0,313534,14314,1154553,317188
47,23.619,0.755053,1,0.171667,10,1,0,313534,14314,1154553,317188
48,22.4738,0.59381,1,0.161791,10,1,0,313534,14314,1154553,317188
49,26.2051,0.629937,1,0.163431,10,1,0,313534,14314,1154553,317188
50,20.9466,0.647901,1,0.137722,10,1,0,313534,14314,1154553,317188
51,22.2274,0.635128,1,0.164983,10,1,0,313534,14314,1154553,317188
52,25.8809,0.616864,1,0.165754,10,1,0,313534,14314,1154553,317188
53,22.4086,0.655569,1,0.163534,10,1,0,313534,14314,1154553,317188
54,25.0182,1.4552,1,0.159417,10,1,0,313534,14314,1154553,317188
55,19.7654,0.646596,1,0.124764,10,1,0,313534,14314,1154553,317188
56,23.3466,0.655907,1,0.160312,10,1,0,313534,14314,1154553,317188
57,22.4097,0.629662,1,0.102114,10,1,0,313534,14314,1154553,317188
58,22.9194,0.682719,1,0.167325,10,1,0,313534,14314,1154553,317188
59,25.3171,0.604156,1,0.125064,10,1,0,313534,14314,1154553,317188
60,21.6732,0.616176,1,0.159444,10,1,0,313534,14314,1154553,317188
61,26.1233,0.602699,1,0.154945,10,1,0,313534,14314,1154553,317188
62,19.8186,0.595252,1,0.153199,10,1,0,313534,14314,1154553,317188
63,23.819,0.772744,1,0.156356,10,1,0,313534,14314,1154553,317188
64,21.8727,0.657915,1,0.176014,10,1,0,313534,14314,1154553,317188
65,23.9355,0.642317,1,0.124708,10,1,0,313534,14314,1154553,317188
66,22.0888,0.732484,1,0.157096,10,1,0,313534,14314,1154553,317188
67,23.9747,0.604547,1,0.15959,10,1,0,313534,14314,1154553,317188
68,23.1717,0.623295,1,0.123125,10,1,0,313534,14314,1154553,317188
69,24.7493,0.645682,1,0.164105,10,1,0,313534,14314,1154553,317188
70,21.7325,0.610415,1,0.153064,10,1,0,313534,14314,1154553,317188
71,23.899,0.640853,1,0.169179,10,1,0,313534,14314,1154553,317188
72,26.137,0.716022,1,0.152533,10,1,0,313534,14314,1154553,317188
73,24.5838,0.635421,1,0.117137,10,1,0,313534,14314,1154553,317188
74,22.6408,0.651259,1,0.162268,10,1,0,313534,14314,1154553,317188
75,23.4033,0.617422,1,0.154139,10,1,0,313534,14314,1154553,317188
76,23.707,0.555868,1,0.103979,10,1,0,313534,14314,1154553,317188
77,23.0714,0.625045,1,0.164195,10,1,0,313534,14314,1154553,317188
78,23.3324,0.62635,1,0.172254,10,1,0,313534,14314,1154553,317188
79,27.1289,0.631359,1,0.166181,10,1,0,313534,14314,1154553,317188
80,20.0213,0.451745,1,0.106564,10,1,0,313534,14314,1154553,317188
81,22.5754,0.732206,1,0.167765,10,1,0,313534,14314,1154553,317188
82,23.1984,1.01986,1,0.158564,10,1,0,313534,14314,1154553,317188
83,22.8761,0.645405,1,0.15647,10,1,0,313534,14314,1154553,317188
84,26.6226,0.632535,1,0.148496,10,1,0,313534,14314,1154553,317188
85,22.0491,0.659329,1,0.16069,10,1,0,313534,14314,1154553,317188
86,24.4416,0.607671,1,0.155943,10,1,0,313534,14314,1154553,317188
87,23.1458,0.642947,1,0.177022,10,1,0,313534,14314,1154553,317188
88,24.2101,0.668812,1,0.134473,10,1,0,313534,14314,1154553,317188
89,25.3921,0.650202,1,0.169421,10,1,0,313534,14314,1154553,317188
90,22.9089,0.618146,1,0.158947,10,1,0,313534,14314,1154553,317188
91,24.2463,0.618905,1,0.164097,10,1,0,313534,14314,1154553,317188
92,22.9422,0.644682,1,0.182087,10,1,0,313534,14314,1154553,317188
93,25.83,0.613221,1,0.114711,10,1,0,313534,14314,1154553,317188
94,27.0175,2.83343,1,0.130134,10,1,0,313534,14314,1154553,317188
95,23.939,0.616887,1,0.16187,10,1,0,313534,14314,1154553,317188
96,25.3473,0.646868,1,0.157843,10,1,0,313534,14314,1154553,317188
97,25.8754,0.613999,1,0.157572,10,1,0,313534,14314,1154553,317188
98,25.8086,0.655146,1,0.165628,10,1,0,313534,14314,1154553,317188
99,30.4707,0.625233,1,0.176003,10,1,0,313534,14314,1154553,317188
100,21.5006,0.394149,1,0.135435,10,1,0,313534,14314,1154553,317188
101,24.8751,0.69139,1,0.105899,10,1,0,313534,14314,1154553,317188
102,25.6072,0.661118,1,0.160299,10,1,0,313534,14314,1154553,317188
103,23.5543,0.646228,1,0.156188,10,1,0,313534,14314,1154553,317188
104,25.0423,0.690118,1,0.151456,10,1,0,313534,14314,1154553,317188
105,24.2214,0.604466,1,0.163771,10,1,0,313534,14314,1154553,317188
106,26.8287,0.417023,1,0.099948,10,1,0,313534,14314,1154553,317188
107,26.1983,0.489692,1,0.149145,10,1,0,313534,14314,1154553,317188
108,25.1116,0.793364,1,0.189829,10,1,0,313534,14314,1154553,317188
109,24.3856,0.771948,1,0.155847,10,1,0,313534,14314,1154553,317188
110,25.3596,0.623797,1,0.103856,10,1,0,313534,14314,1154553,317188
111,25.0263,0.759967,1,0.224657,10,1,0,313534,14314,1154553,317188
112,25.6201,0.675778,1,0.161172,10,1,0,313534,14314,1154553,317188
113,28.9753,0.709455,1,0.176938,10,1,0,313534,14314,1154553,317188
114,23.1153,0.670065,1,0.161078,10,1,0,313534,14314,1154553,317188
115,24.147,0.627043,1,0.159336,10,1,0,313534,14314,1154553,317188
116,24.3878,0.628821,1,0.105634,10,1,0,313534,14314,1154553,317188
117,24.2353,0.730497,1,0.177425,10,1,0,313534,14314,1154553,317188
118,24.7363,0.648134,1,0.163292,10,1,0,313534,14314,1154553,317188
119,24.1483,0.618074,1,0.165304,10,1,0,313534,14314,1154553,317188
120,24.5513,0.707998,1,0.16106,10,1,0,313534,14314,1154553,317188
121,24.6165,0.648319,1,0.177489,10,1,0,313534,14314,1154553,317188
122,28.1574,0.661865,1,0.163786,10,1,0,313534,14314,1154553,317188
123,19.8097,0.654595,1,0.162463,10,1,0,313534,14314,1154553,317188
124,25.0517,0.621067,1,0.156381,10,1,0,313534,14314,1154553,317188
125,23.1063,0.639759,1,0.166293,10,1,0,313534,14314,1154553,317188
126,24.1747,0.644552,1,0.163193,10,1,0,313534,14314,1154553,317188
127,25.1067,0.643841,1,0.10151,10,1,0,313534,14314,1154553,317188
128,23.6337,0.636796,1,0.17279,10,1,0,313534,14314,1154553,317188
129,23.9582,0.606364,1,0.161313,10,1,0,313534,14314,1154553,317188
130,24.1975,0.659885,1,0.275578,10,1,0,313534,14314,1154553,317188
131,22.3485,0.658563,1,0.20576,10,1,0,313534,14314,1154553,317188
132,25.5355,0.790077,1,0.181111,10,1,0,313534,14314,1154553,317188
133,22.7956,0.587435,1,0.153908,10,1,0,313534,14314,1154553,317188
134,22.9327,0.639007,1,0.170436,10,1,0,313534,14314,1154553,317188
135,24.0789,0.668359,1,0.16951,10,1,0,313534,14314,1154553,317188
136,26.7549,0.642241,1,0.154872,10,1,0,313534,14314,1154553,317188
137,23.1119,0.613495,1,0.128375,10,1,0,313534,14314,1154553,317188
138,23.3924,0.650869,1,0.157698,10,1,0,313534,14314,1154553,317188
139,23.9755,0.60474,1,0.165061,10,1,0,313534,14314,1154553,317188
140,23.179,0.632285,1,0.159525,10,1,0,313534,14314,1154553,317188
141,23.8984,0.668559,1,0.108955,10,1,0,313534,14314,1154553,317188
142,23.2556,0.640606,1,0.126896,10,1,0,313534,14314,1154553,317188
143,23.369,0.624381,1,0.167683,10,1,0,313534,14314,1154553,317188
144,22.187,0.657029,1,0.159118,10,1,0,313534,14314,1154553,317188
145,24.0756,0.648898,1,0.145014,10,1,0,313534,14314,1154553,317188
146,23.5917,0.62388,1,0.159409,10,1,0,313534,14314,1154553,317188
147,23.669,0.634018,1,0.159773,10,1,0,313534,14314,1154553,317188
148,27.6263,0.641287,1,0.12928,10,1,0,313534,14314,1154553,317188
149,21.0216,0.635395,1,0.10941,10,1,0,313534,14314,1154553,317188
150,22.8567,0.627124,1,0.158649,10,1,0,313534,14314,1154553,317188
151,23.254,0.69241,1,0.159899,10,1,0,313534,14314,1154553,317188
152,24.4544,0.637495,1,0.107091,10,1,0,313534,14314,1154553,317188
153,27.8526,2.44199,1,0.128002,10,1,0,313534,14314,1154553,317188
154,23.2244,0.618235,1,0.166579,10,1,0,313534,14314,1154553,317188
155,23.29,0.687747,1,0.160018,10,1,0,313534,14314,1154553,317188
156,25.1821,0.890077,1,0.17124,10,1,0,313534,14314,1154553,317188
157,26.7482,0.650994,1,0.105193,10,1,0,313534,14314,1154553,317188
158,22.6884,0.657386,1,0.165511,10,1,0,313534,14314,1154553,317188
159,22.8125,0.658706,1,0.172156,10,1,0,313534,14314,1154553,317188
160,26.152,3.52928,1,0.145826,10,1,0,313534,14314,1154553,317188
161,23.6747,0.662785,1,0.169766,10,1,0,313534,14314,1154553,317188
162,24.2922,0.616644,1,0.358669,10,1,1,313534,14314,1154553,317200
163,23.4043,0.63879,1,0.674208,10,1,1,313534,14314,1155737,317200
164,24.5162,0.670421,1,0.252659,15,1,1,366424,14314,1155737,317200
165,28.2683,0.721552,1,0.307024,15,2,0,366424,14314,1155737,317200
166,30.4198,0.492044,1,0.15865,15,2,0,366424,14314,1155737,317200
167,28.247,0.741875,1,0.268833,15,2,0,366424,14314,1155737,317200
168,25.1017,0.713422,1,0.227006,15,2,0,366424,14314,1155737,317200
169,29.0824,0.704637,1,0.279696,15,2,0,366424,14314,1155737,317200
170,20.6937,0.473109,1,0.155734,15,2,0,366424,14314,1155737,317200
171,22.7524,0.723605,1,0.229129,15,2,0,366424,14314,1155737,317200
172,27.2437,0.82008,1,0.23949,15,2,0,366424,14314,1155737,317200
173,31.2751,0.750497,1,0.269678,15,2,0,366424,14314,1155737,317200
174,32.3113,0.680336,1,1.02493,15,2,0,366424,14314,1155737,317200
175,30.154,0.77759,1,0.183088,15,2,0,366424,14314,1155737,317200
176,30.1357,0.724202,1,0.222705,15,2,0,366424,14314,1155737,317200
177,29.5248,0.794045,1,0.242344,15,2,0,366424,14314,1155737,317200
178,28.7366,0.732854,1,0.244198,15,2,0,366424,14314,1155737,317200
179,30.736,0.682027,1,0.263835,15,2,0,366424,14314,1155737,317200
180,24.5327,0.517179,1,0.224305,15,2,0,366424,14314,1155737,317200
181,25.4388,0.773304,1,0.1818,15,2,0,366424,14314,1155737,317200
182,24.6516,0.706234,1,0.224933,15,2,0,366424,14314,1155737,317200
183,24.5685,0.709448,1,0.217841,15,2,0,366424,14314,1155737,317200
184,26.0738,0.747104,1,0.24397,15,2,0,366424,14314,1155737,317200
185,20.3171,0.673231,1,0.233974,15,2,0,366424,14314,1155737,317200
186,23.6676,0.688621,1,0.225729,15,2,0,366424,14314,1155737,317200
187,25.1557,0.731018,1,0.239721,15,2,0,366424,14314,1155737,317200
188,23.6743,0.774796,1,0.229774,15,2,0,366424,14314,1155737,317200
189,27.026,0.655339,1,0.137217,15,2,0,366424,14314,1155737,317200
190,26.0976,0.696756,1,0.205208,15,2,0,366424,14314,1155737,317200
191,24.2648,0.736188,1,0.233394,15,2,0,366424,14314,1155737,317200
192,25.2839,0.719594,1,0.230943,15,2,0,366424,14314,1155737,317200
193,25.2574,0.493334,1,0.223364,15,2,0,366424,14314,1155737,317200
194,24.9741,0.712435,1,0.22274,15,2,0,366424,14314,1155737,317200
195,23.4371,0.710454,1,0.22805,15,2,0,366424,14314,1155737,317200
196,23.953,0.70723,1,0.232368,15,2,0,366424,14314,1155737,317200
197,24.9567,0.758808,1,0.250453,15,2,0,366424,14314,1155737,317200
198,22.6669,0.727502,1,0.230248,15,2,0,366424,14314,1155737,317200
199,28.8679,0.70082,1,0.148076,15,2,0,366424,14314,1155737,317200
200,21.8891,0.668158,1,0.472192,15,2,0,366424,14314,1155737,317200
201,20.4862,0.686687,1,0.142229,15,2,0,366424,14314,1155737,317200
202,24.3638,0.726455,1,0.133505,15,2,0,366424,14314,1155737,317200
203,22.0957,0.762599,1,0.232669,15,2,0,366424,14314,1155737,317200
204,23.9007,0.743515,1,0.232814,15,2,0,366424,14314,1155737,317200
205,26.1328,0.752165,1,0.230452,15,2,0,366424,14314,1155737,317200
206,20.8211,0.736346,1,0.222585,15,2,0,366424,14314,1155737,317200
207,25.0498,0.688669,1,0.148455,15,2,0,366424,14314,1155737,317200
208,24.0328,0.710648,1,0.228545,15,2,0,366424,14314,1155737,317200
209,26.6868,0.695417,1,0.236076,15,2,0,366424,14314,1155737,317200
210,19.9824,0.731563,1,0.216657,15,2,0,366424,14314,1155737,317200
211,24.1796,0.765692,1,0.227546,15,2,0,366424,14314,1155737,317200
212,24.4624,0.781267,1,0.233128,15,2,0,366424,14314,1155737,317200
213,23.7112,0.720535,1,0.222523,15,2,0,366424,14314,1155737,317200
214,25.4914,0.730976,1,0.220622,15,2,0,366424,14314,1155737,317200
215,23.0646,0.714825,1,0.258734,15,2,0,366424,14314,1155737,317200
216,24.1307,0.686837,1,0.135745,15,2,0,366424,14314,1155737,317200
217,23.382,0.722242,1,0.275399,15,2,0,366424,14314,1155737,317200
218,24.6796,0.738414,1,0.233293,15,2,0,366424,14314,1155737,317200
219,22.2311,0.744823,1,0.239798,15,2,0,366424,14314,1155737,317200
220,22.6855,0.717539,1,0.210194,15,2,0,366424,14314,1155737,317200
221,25.0157,0.719448,1,0.242633,15,2,0,366424,14314,1155737,317200
222,23.5021,0.739803,1,0.231543,15,2,0,366424,14314,1155737,317200
223,23.9729,0.733568,1,0.219355,15,2,0,366424,14314,1155737,317200
224,23.5907,0.71845,1,0.221506,15,2,0,366424,14314,1155737,317200
225,23.3334,0.683995,1,0.22064,15,2,0,366424,14314,1155737,317200
226,26.5149,0.729993,1,0.226361,15,2,0,366424,14314,1155737,317200
227,21.8584,0.718458,1,0.279025,15,2,0,366424,14314,1155737,317200
228,24.5028,0.674341,1,0.221142,15,2,0,366424,14314,1155737,317200
229,25.2013,0.780241,1,0.226362,15,2,0,366424,14314,1155737,317200
230,21.3807,0.71578,1,0.220836,15,2,0,366424,14314,1155737,317200
231,25.8376,0.754557,1,0.211411,15,2,0,366424,14314,1155737,317200
232,24.4998,0.748396,1,0.25518,15,2,0,366424,14314,1155737,317200
233,23.4374,0.778335,1,0.220665,15,2,0,366424,14314,1155737,317200
234,24.7006,0.791807,1,0.225703,15,2,0,366424,14314,1155737,317200
235,26.3162,0.823325,1,0.236557,15,2,0,366424,14314,1155737,317200
236,26.951,0.950492,1,0.216863,15,2,0,366424,14314,1155737,317200
237,22.4993,0.634301,1,0.21518,15,2,0,366424,14314,1155737,317200
238,23.3762,0.767506,1,0.237865,15,2,0,366424,14314,1155737,317200
239,23.1655,0.839539,1,0.244991,15,2,0,366424,14314,1155737,317200
240,25.2013,0.788576,1,0.248869,15,2,0,366424,14314,1155737,317200
241,21.7008,0.813969,1,0.238334,15,2,0,366424,14314,1155737,317200
242,22.2426,0.80545,1,0.241865,15,2,0,366424,14314,1155737,317200
243,23.3951,0.846429,1,0.230485,15,2,0,366424,14314,1155737,317200
244,23.1078,0.815939,1,0.222132,15,2,0,366424,14314,1155737,317200
245,21.4409,0.902327,1,0.213367,15,2,0,366424,14314,1155737,317200
246,25.066,0.8395,1,0.180448,15,2,0,366424,14314,1155737,317200
247,24.0397,0.826677,1,0.162947,15,2,0,366424,14314,1155737,317200
248,22.6338,0.808959,1,0.242523,15,2,0,366424,14314,1155737,317200
249,28.1966,0.814942,1,0.164823,15,2,0,366424,14314,1155737,317200
250,23.0678,0.593589,1,0.210115,15,2,0,366424,14314,1155737,317200
251,20.0341,0.695673,1,0.225341,15,2,0,366424,14314,1155737,317200
252,23.7922,0.891688,1,0.188925,15,2,0,366424,14314,1155737,317200
253,23.6415,0.789422,1,0.229444,15,2,0,366424,14314,1155737,317200
254,23.997,0.80351,1,0.234401,15,2,0,366424,14314,1155737,317200
255,22.5447,0.784746,1,0.23899,15,2,0,366424,14314,1155737,317200
256,24.3698,0.857431,1,0.226876,15,2,0,366424,14314,1155737,317200
257,24.1339,0.81632,1,0.227472,15,2,0,366424,14314,1155737,317200
258,24.7396,0.770034,1,0.215569,15,2,0,366424,14314,1155737,317200
259,26.9054,0.781897,1,0.183889,15,2,0,366424,14314,1155737,317200
260,25.4381,0.885218,1,0.235377,15,2,0,366424,14314,1155737,317200
261,22.5547,0.78748,1,0.249863,15,2,0,366424,14314,1155737,317200
262,24.1834,0.75171,1,0.238166,15,2,0,366424,14314,1155737,317200
263,24.9009,0.769685,1,0.227605,15,2,0,366424,14314,1155737,317200
264,24.7488,0.760099,1,0.203536,15,2,0,366424,14314,1155737,317200
265,22.5801,0.856091,1,0.223062,15,2,0,366424,14314,1155737,317200
266,23.7638,0.846467,1,0.231556,15,2,0,366424,14314,1155737,317200
267,24.7556,0.780951,1,0.229517,15,2,0,366424,14314,1155737,317200
268,23.0253,0.762602,1,0.235567,15,2,0,366424,14314,1155737,317200
269,25.679,1.84627,1,0.276422,15,2,0,366424,14314,1155737,317200
270,21.8043,0.738699,1,0.221084,15,2,0,366424,14314,1155737,317200
271,24.8004,0.793125,1,0.238737,15,2,0,366424,14314,1155737,317200
272,27.7756,0.797196,1,0.227299,15,2,0,366424,14314,1155737,317200
273,23.268,0.759241,1,0.229261,15,2,0,366424,14314,1155737,317200
274,23.7724,0.750902,1,0.331748,15,2,0,366424,14314,1155737,317200
275,26.9798,0.840679,1,0.24373,15,2,0,366424,14314,1155737,317200
276,24.0744,0.729195,1,0.229307,15,2,0,366424,14314,1155737,317200
277,28.3178,3.84962,1,0.174859,15,2,0,366424,14314,1155737,317200
278,23.7864,0.81097,1,0.253671,15,2,0,366424,14314,1155737,317200
279,24.3465,0.799066,1,0.249029,15,2,0,366424,14314,1155737,317200
280,24.5104,0.807158,1,0.214649,15,2,0,366424,14314,1155737,317200
281,23.81,0.755153,1,0.19728,15,2,0,366424,14314,1155737,317200
282,22.3943,0.766824,1,0.221962,15,2,0,366424,14314,1155737,317200
283,22.6588,0.792209,1,0.239341,15,2,0,366424,14314,1155737,317200
284,22.4552,0.837876,1,0.230565,15,2,0,366424,14314,1155737,317200
285,22.0763,0.784717,1,0.218042,15,2,0,366424,14314,1155737,317200
286,24.5131,0.783511,1,0.226151,15,2,0,366424,14314,1155737,317200
287,22.3223,0.775593,1,0.23466,15,2,0,366424,14314,1155737,317200
288,22.7773,0.771777,1,0.226444,15,2,0,366424,14314,1155737,317200
289,27.9535,0.737999,1,0.201859,15,2,0,366424,14314,1155737,317200
290,26.4633,0.854896,1,0.232416,15,2,0,366424,14314,1155737,317200
291,26.4501,0.861615,1,0.241989,15,2,0,366424,14314,1155737,317200
292,23.0637,0.809776,1,0.221957,15,2,0,366424,14314,1155737,317200
293,24.5268,0.783507,1,0.234512,15,2,0,366424,14314,1155737,317200
294,23.4071,0.809941,1,0.241689,15,2,0,366424,14314,1155737,317200
295,26.5777,0.802515,1,0.255273,15,2,0,366424,14314,1155737,317200
296,27.5855,0.836407,1,0.25074,15,2,0,366424,14314,1155737,317200
297,39.6894,0.856506,1,0.230616,15,2,0,366424,14314,1155737,317200
298,25.8355,0.857204,1,0.239553,15,2,0,366424,14314,1155737,317200
299,31.9351,1.85159,1,0.265825,15,2,0,366424,14314,1155737,317200
300,32.125,0.814408,1,0.381771,15,2,0,366424,14314,1155737,317200
301,24.3366,1.11318,1,0.288201,15,2,0,366424,14314,1155737,317200
302,26.9808,0.6807,1,0.222255,15,2,0,366424,14314,1155737,317200
303,26.6177,0.735805,1,0.238004,15,2,0,366424,14314,1155737,317200
304,22.1663,0.622917,1,1.12596,15,2,0,366424,14314,1155737,317200
305,23.1184,0.801218,1,0.257103,15,2,0,366424,14314,1155737,317200
306,23.4966,0.698538,1,0.23488,15,2,0,366424,14314,1155737,317200
307,24.0106,0.736529,1,0.303332,15,2,0,366424,14314,1155737,317200
308,23.395,0.971161,1,0.232989,15,2,0,366424,14314,1155737,317200
309,27.147,0.694641,1,0.221828,15,2,0,366424,14314,1155737,317200
310,20.3871,0.728908,1,0.274685,15,2,0,366424,14314,1155737,317200
311,22.6196,0.698951,1,0.229981,15,2,0,366424,14314,1155737,317200
312,27.5765,0.577637,1,0.144263,15,2,0,366424,14314,1155737,317200
313,24.2792,0.699968,1,0.234958,15,2,0,366424,14314,1155737,317200
314,20.8763,0.716627,1,0.218486,15,2,0,366424,14314,1155737,317200
315,23.2276,0.745928,1,0.217272,15,2,0,366424,14314,1155737,317200
316,25.8123,0.745251,1,0.238155,15,2,0,366424,14314,1155737,317200
317,25.0377,0.672767,1,0.219866,15,2,0,366424,14314,1155737,317200
318,22.292,0.681244,1,0.223443,15,2,0,366424,14314,1155737,317200
319,22.9474,0.671652,1,0.226457,15,2,0,366424,14314,1155737,317200
320,24.451,0.719518,1,0.209182,15,2,0,366424,14314,1155737,317200
321,21.8866,0.694372,1,2.41109,15,2,0,366424,14314,1155737,317200
322,23.6334,0.745755,1,0.218459,15,2,0,366424,14314,1155737,317200
323,23.4003,0.73039,1,0.25286,15,2,0,366424,14314,1155737,317200
324,23.875,0.725748,1,0.209808,15,2,0,366424,14314,1155737,317200
325,23.349,0.718632,1,0.227521,15,2,0,366424,14314,1155737,317200
326,24.8744,1.79964,1,0.233675,15,2,0,366424,14314,1155737,317200
327,23.78,0.701013,1,0.223771,15,2,0,366424,14314,1155737,317200
328,22.8754,0.725193,1,0.224817,15,2,0,366424,14314,1155737,317200
329,24.4206,0.720777,1,0.267407,15,2,0,366424,14314,1155737,317200
330,25.7678,0.425897,1,0.134826,15,2,0,366424,14314,1155737,317200
331,24.3134,0.700777,1,0.239009,15,2,0,366424,14314,1155737,317200
332,23.6658,0.718038,1,0.214063,15,2,0,366424,14314,1155737,317200
333,25.261,0.490034,1,0.152365,15,2,0,366424,14314,1155737,317200
334,24.2659,0.70409,1,0.233014,15,2,0,366424,14314,1155737,317200
335,24.196,1.53645,1,0.217622,15,2,0,366424,14314,1155737,317200
336,22.8732,0.789165,1,0.225818,15,2,0,366424,14314,1155737,317200
337,23.9944,0.719314,1,0.150635,15,2,0,366424,14314,1155737,317200
338,23.0848,0.769953,1,0.214764,15,2,0,366424,14314,1155737,317200
339,25.0162,0.611806,1,0.139376,15,2,0,366424,14314,1155737,317200
340,27.6817,0.758875,1,0.147664,15,2,0,366424,14314,1155737,317200
341,24.8305,0.712626,1,0.235401,15,2,0,366424,14314,1155737,317200
342,22.8646,1.12089,1,0.230198,15,2,0,366424,14314,1155737,317200
343,23.1351,0.721285,1,0.244677,15,2,0,366424,14314,1155737,317200
344,23.5298,0.722035,1,0.217936,15,2,0,366424,14314,1155737,317200
345,23.3171,0.693486,1,0.235846,15,2,0,366424,14314,1155737,317200
346,24.7979,0.729195,1,0.201646,15,2,0,366424,14314,1155737,317200
347,23.7013,0.460054,1,0.197347,15,2,0,366424,14314,1155737,317200
348,25.1459,0.751021,1,0.137257,15,2,0,366424,14314,1155737,317200
349,25.7098,0.463504,1,0.136764,15,2,0,366424,14314,1155737,317200
350,23.7626,0.717155,1,0.219263,15,2,0,366424,14314,1155737,317200
351,23.3853,0.933192,1,0.21296,15,2,0,366424,14314,1155737,317200
352,25.2441,0.496668,1,0.138099,15,2,0,366424,14314,1155737,317200
353,26.491,0.694144,1,0.231247,15,2,0,366424,14314,1155737,317200
354,23.4331,0.747467,1,0.225977,15,2,0,366424,14314,1155737,317200
355,24.8217,0.710774,1,0.16735,15,2,0,366424,14314,1155737,317200
356,25.6598,0.508729,1,0.162271,15,2,0,366424,14314,1155737,317200
357,25.8284,0.725056,1,0.230745,15,2,0,366424,14314,1155737,317200
358,25.4887,0.708104,1,0.215694,15,2,0,366424,14314,1155737,317200
359,26.5706,1.4098,1,0.179164,15,2,0,366424,14314,1155737,317200
360,24.6063,0.592618,1,0.248562,15,2,0,366424,14314,1155737,317200
361,24.0011,0.806224,1,0.229162,15,2,0,366424,14314,1155737,317200
362,22.4348,0.734781,1,0.230532,15,2,0,366424,14314,1155737,317200
363,24.5667,0.747149,1,0.565967,15,2,0,366424,14314,1155737,317200
364,22.9652,0.708333,1,0.221316,15,2,0,366424,14314,1155737,317200
365,23.0231,0.725261,1,0.222644,15,2,0,366424,14314,1155737,317200
366,22.9595,0.668042,1,0.279794,15,2,0,366424,14314,1155737,317200
367,25.2515,0.694348,1,0.167871,15,2,0,366424,14314,1155737,317200
368,24.5993,0.685342,1,0.226728,15,2,0,366424,14314,1155737,317200
369,24.0828,0.668891,1,0.212813,15,2,0,366424,14314,1155737,317200
370,23.4701,0.468664,1,0.224399,15,2,0,366424,14314,1155737,317200
371,25.1684,0.690722,1,0.217036,15,2,0,366424,14314,1155737,317200
372,23.6047,0.704849,1,0.221778,15,2,0,366424,14314,1155737,317200
373,23.2004,0.693771,1,0.236751,15,2,0,366424,14314,1155737,317200
374,25.0666,0.720651,1,0.300532,15,2,0,366424,14314,1155737,317200
375,23.5002,0.739867,1,0.221365,15,2,0,366424,14314,1155737,317200
376,24.5293,0.704945,1,0.236127,15,2,0,366424,14314,1155737,317200
377,24.2624,0.707214,1,0.213176,15,2,0,366424,14314,1155737,317200
378,25.1755,0.737231,1,0.212969,15,2,0,366424,14314,1155737,317200
379,25.0137,0.700946,1,0.235497,15,2,0,366424,14314,1155737,317200
380,25.4696,0.696274,1,0.194783,15,2,0,366424,14314,1155737,317200
381,27.7588,0.720075,1,0.229409,15,2,0,366424,14314,1155737,317200
382,21.0487,0.703137,1,0.262713,15,2,0,366424,14314,1155737,317200
383,26.0983,0.715873,1,0.211001,15,2,0,366424,14314,1155737,317200
384,21.2061,0.74875,1,0.22667,15,2,0,366424,14314,1155737,317200
385,24.0379,0.771533,1,0.238175,15,2,0,366424,14314,1155737,317200
386,371.378,0.712698,1,0.227239,15,2,0,366424,14314,1155737,317252
387,26.118,0.786114,1,0.249308,15,2,0,366424,14314,1155737,317252
388,24.2567,0.711759,1,0.22477,15,2,0,366424,14314,1155737,317252
389,25.16,0.71697,1,0.226054,15,2,0,366424,14314,1155737,317252
390,27.1665,0.492765,1,0.139978,15,2,0,366424,14314,1155737,317252
391,24.2807,0.714739,1,0.213226,15,2,0,366424,14314,1155737,317252
392,24.1829,0.797628,1,0.213366,15,2,0,366424,14314,1155737,317252
393,22.639,0.7014,1,0.244774,15,2,0,366424,14314,1155737,317252
394,23.3835,0.692018,1,0.223,15,2,0,366424,14314,1155737,317252
395,24.7069,0.700535,1,0.22861,15,2,0,366424,14314,1155737,317252
396,24.2159,0.686918,1,0.217427,15,2,0,366424,14314,1155737,317252
397,31.5757,0.699797,1,0.140563,15,2,0,366424,14314,1155737,317252
398,23.1946,0.725403,1,0.231572,15,2,0,366424,14314,1155737,317252
399,26.9009,2.03365,1,0.2323,15,2,0,366424,14314,1155737,317252
400,23.9979,0.724274,1,0.245202,15,2,0,366424,14314,1155737,317252
401,22.9067,0.453976,1,0.177642,15,2,0,366424,14314,1155737,317252
402,30.1322,0.76509,1,0.216442,15,2,0,366424,14314,1155737,317252
403,29.5968,0.519588,1,0.229887,15,2,0,366424,14314,1155737,317252
404,35.0712,0.487104,1,0.156106,15,2,0,366424,14314,1155737,317252
405,27.9788,0.724019,1,0.237155,15,2,0,366424,14314,1155737,317252
406,34.2341,0.887385,1,0.26027,15,2,0,366424,14314,1155737,317252
407,33.8721,0.639258,1,0.182331,15,2,0,366424,14314,1155737,317252
408,44.9772,0.721659,1,0.275239,15,2,0,366424,14314,1155737,317252
409,52.2527,3.80083,1,0.208587,15,2,0,366424,14314,1155737,317252
410,37.2951,0.768403,1,0.22327,15,2,0,366424,14314,1155737,317252
411,25.4843,0.669735,1,0.184398,15,2,0,366424,14314,1155737,317252
412,24.9224,1.54547,1,0.212654,15,2,0,366424,14314,1155737,317252
413,23.8293,0.968716,1,0.237243,15,2,0,366424,14314,1155737,317252
414,26.6205,0.862773,1,0.227458,15,2,0,366424,14314,1155737,317252
415,26.4761,0.733278,1,0.23216,15,2,0,366424,14314,1155737,317252
416,24.6355,0.754904,1,1.27942,15,2,0,366424,14314,1155737,317252
417,25.0552,0.705529,1,0.230504,15,2,0,366424,14314,1155737,317252
418,24.2112,0.700365,1,0.224322,15,2,0,366424,14314,1155737,317252
419,27.8692,0.725897,1,0.264683,15,2,0,366424,14314,1155737,317252
420,24.2379,1.01927,1,0.248702,15,2,0,366424,14314,1155737,317252
421,25.2003,0.709502,1,0.189268,15,2,0,366424,14314,1155737,317252
422,22.7842,0.806209,1,0.231883,15,2,0,366424,14314,1155737,317252
423,25.7189,0.854279,1,0.264104,15,2,0,366424,14314,1155737,317252
424,23.4698,0.785478,1,0.238279,15,2,0,366424,14314,1155737,317252
425,23.4869,0.558946,1,0.165718,15,2,0,366424,14314,1155737,317252
426,25.1202,0.709618,1,0.312662,15,2,0,366424,14314,1155737,317252
427,24.0457,0.684947,1,0.225407,15,2,0,366424,14314,1155737,317252
428,26.3722,0.694733,1,0.249391,15,2,0,366424,14314,1155737,317252
429,20.8821,0.602197,1,0.218994,15,2,0,366424,14314,1155737,317252
430,23.6266,0.712697,1,0.21934,15,2,0,366424,14314,1155737,317252
431,24.1331,0.688776,1,0.231818,15,2,0,366424,14314,1155737,317252
432,22.7814,0.6955,1,0.229552,15,2,0,366424,14314,1155737,317252
433,27.314,0.682762,1,0.226195,15,2,0,366424,14314,1155737,317252
434,23.7037,0.72718,1,0.167061,15,2,0,366424,14314,1155737,317252
435,21.919,0.524648,1,0.147089,15,2,0,366424,14314,1155737,317252
436,26.2028,0.723185,1,0.163972,15,2,0,366424,14314,1155737,317252
437,27.522,0.732914,1,0.194832,15,2,0,366424,14314,1155737,317252
438,27.5073,0.772095,1,0.226105,15,2,0,366424,14314,1155737,317252
439,24.1019,0.697192,1,0.224761,15,2,0,366424,14314,1155737,317252
440,26.95,0.689586,1,0.239962,15,2,0,366424,14314,1155737,317252
441,21.0396,0.749884,1,0.232763,15,2,0,366424,14314,1155737,317252
442,25.2285,0.70794,1,0.230257,15,2,0,366424,14314,1155737,317252
443,30.5289,2.04535,1,0.218146,15,2,0,366424,14314,1155737,317252
444,31.1218,0.742502,1,0.279379,15,2,0,366424,14314,1155737,317252
445,31.7162,0.713343,1,0.225741,15,2,0,366424,14314,1155737,317252
446,26.7817,1.43206,1,0.246287,15,2,0,366424,14314,1155737,317252
447,26.9699,0.904404,1,0.219734,15,2,0,366424,14314,1155737,317252
448,30.428,0.705057,1,0.233764,15,2,0,366424,14314,1155737,317252
449,26.813,0.676484,1,0.21308,15,2,0,366424,14314,1155737,317252
450,28.8155,0.737135,1,0.22438,15,2,0,366424,14314,1155737,317252
451,25.6891,0.781367,1,0.155125,15,2,0,366424,14314,1155737,317252
452,24.817,0.722823,1,0.263023,15,2,0,366424,14314,1155737,317252
453,24.7261,0.718329,1,0.223375,15,2,0,366424,14314,1155737,317252
454,25.5498,0.707032,1,0.222441,15,2,0,366424,14314,1155737,317252
455,25.4576,0.722389,1,0.218158,15,2,0,366424,14314,1155737,317252
456,23.2121,0.719345,1,0.210348,15,2,0,366424,14314,1155737,317252
457,27.5117,0.454271,1,0.144039,15,2,0,366424,14314,1155737,317252
458,27.3516,0.736042,1,0.165732,15,2,0,366424,14314,1155737,317252
459,24.5575,0.719163,1,0.21816,15,2,0,366424,14314,1155737,317252
460,24.0473,0.695377,1,0.220154,15,2,0,366424,14314,1155737,317252
461,25.2676,0.731866,1,0.220932,15,2,0,366424,14314,1155737,317252
462,24.3821,0.704054,1,0.213149,15,2,0,366424,14314,1155737,317252
463,22.8661,0.716893,1,0.226098,15,2,0,366424,14314,1155737,317252
464,23.1282,0.699672,1,0.239101,15,2,0,366424,14314,1155737,317252
465,27.0139,0.481505,1,0.171061,15,2,0,366424,14314,1155737,317252
466,23.39,0.858217,1,0.243815,15,2,0,366424,14314,1155737,317252
467,22.9607,0.737873,1,0.223975,15,2,0,366424,14314,1155737,317252
468,24.6526,0.695104,1,0.21978,15,2,0,366424,14314,1155737,317252
469,22.5892,0.705461,1,0.2216,15,2,0,366424,14314,1155737,317252
470,24.1922,0.729328,1,0.222198,15,2,0,366424,14314,1155737,317252
471,24.4969,0.763774,1,0.144205,15,2,0,366424,14314,1155737,317252
472,24.1162,0.725623,1,0.23708,15,2,0,366424,14314,1155737,317252
473,24.6667,0.714806,1,0.220713,15,2,0,366424,14314,1155737,317252
474,23.2802,0.722078,1,0.38373,15,2,0,366424,14314,1155737,317252
475,27.2521,0.464963,1,0.144197,15,2,0,366424,14314,1155737,317252
476,22.3749,0.648036,1,0.227122,15,2,0,366424,14314,1155737,317252
477,23.3535,0.734903,1,0.217936,15,2,0,366424,14314,1155737,317252
478,23.1388,0.757484,1,0.220364,15,2,0,366424,14314,1155737,317252
479,23.8274,0.711449,1,0.226762,15,2,0,366424,14314,1155737,317252
480,24.2443,0.828555,1,0.23639,15,2,0,366424,14314,1155737,317252
481,25.6251,0.735189,1,0.224212,15,2,0,366424,14314,1155737,317252
482,24.1157,0.735342,1,0.221886,15,2,0,366424,14314,1155737,317252
483,24.294,0.802807,1,0.232043,15,2,0,366424,14314,1155737,317252
484,23.8844,0.714381,1,0.222513,15,2,0,366424,14314,1155737,317252
485,23.8781,0.728484,1,0.232005,15,2,0,366424,14314,1155737,317252
486,22.6235,0.751411,1,0.220655,15,2,0,366424,14314,1155737,317252
487,24.8857,1.77945,1,0.185762,15,2,0,366424,14314,1155737,317252
488,22.7705,0.732466,1,0.228903,15,2,0,366424,14314,1155737,317252
489,22.1927,0.706927,1,0.222647,15,2,0,366424,14314,1155737,317252
490,23.232,0.695258,1,0.213228,15,2,0,366424,14314,1155737,317252
491,23.1686,0.68969,1,0.237059,15,2,0,366424,14314,1155737,317252
492,22.9429,0.725255,1,0.222976,15,2,0,366424,14314,1155737,317252
493,23.7113,1.64646,1,0.2401,15,2,0,366424,14314,1155737,317252
494,24.1622,0.723788,1,0.164416,15,2,0,366424,14314,1155737,317252
495,22.919,0.739687,1,0.224035,15,2,0,366424,14314,1155737,317252
496,27.182,0.715608,1,0.233602,15,2,0,366424,14314,1155737,317252
497,22.1671,0.741672,1,0.224045,15,2,0,366424,14314,1155737,317252
498,25.62,0.69883,1,0.215493,15,2,0,366424,14314,1155737,317252
499,21.3358,0.650029,1,0.14601,15,2,0,366424,14314,1155737,317252
500,25.96,0.753613,1,0.491245,15,2,0,366424,14314,1155737,317252
501,28.0495,0.704016,1,0.219736,15,2,0,366424,14314,1155737,317252
502,24.0494,0.746137,1,0.220806,15,2,0,366424,14314,1155737,317252
503,24.7024,0.610188,1,0.160717,15,2,0,366424,14314,1155737,317252
504,24.7043,0.689303,1,0.224436,15,2,0,366424,14314,1155737,317252
505,25.7277,0.690361,1,0.209055,15,2,0,366424,14314,1155737,317252
506,23.6538,0.703893,1,0.220787,15,2,0,366424,14314,1155737,317252
507,22.5603,0.741104,1,0.219874,15,2,0,366424,14314,1155737,317252
508,25.2654,0.767294,1,0.223405,15,2,0,366424,14314,1155737,317252
509,20.9048,0.683286,1,0.232162,15,2,0,366424,14314,1155737,317252
510,24.4985,0.704342,1,0.220667,15,2,0,366424,14314,1155737,317252
511,23.8657,0.715753,1,0.238088,15,2,0,366424,14314,1155737,317252
512,24.2576,0.74411,1,0.220761,15,2,0,366424,14314,1155737,317252
513,23.7013,0.694795,1,0.212578,15,2,0,366424,14314,1155737,317252
514,25.0453,0.708548,1,0.234939,15,2,0,366424,14314,1155737,317252
515,23.8916,0.713862,1,0.211914,15,2,0,366424,14314,1155737,317252
516,23.2611,0.750424,1,0.225807,15,2,0,366424,14314,1155737,317252
517,23.3942,0.755844,1,0.220872,15,2,0,366424,14314,1155737,317252
518,24.8267,0.620431,1,0.14283,15,2,0,366424,14314,1155737,317252
519,24.9854,0.698788,1,0.213885,15,2,0,366424,14314,1155737,317252
520,24.0458,0.696606,1,0.219611,15,2,0,366424,14314,1155737,317252
521,22.3492,1.46734,1,0.213818,15,2,0,366424,14314,1155737,317252
522,25.8112,0.533182,1,0.215212,15,2,0,366424,14314,1155737,317252
523,25.1517,0.734116,1,0.139386,15,2,0,366424,14314,1155737,317252
524,26.2275,0.716462,1,0.265668,15,2,0,366424,14314,1155737,317252
525,20.634,0.893741,1,0.218329,15,2,0,366424,14314,1155737,317252
526,23.2936,0.732788,1,0.172829,15,2,0,366424,14314,1155737,317252
527,23.7513,0.748759,1,0.240634,15,2,0,366424,14314,1155737,317252
528,26.8761,0.479727,1,0.150465,15,2,0,366424,14314,1155737,317252
529,22.825,0.722136,1,0.224522,15,2,0,366424,14314,1155737,317252
530,24.2232,0.711733,1,0.211521,15,2,0,366424,14314,1155737,317252
531,23.9416,0.70992,1,0.2262,15,2,0,366424,14314,1155737,317252
532,22.8157,0.697674,1,0.214645,15,2,0,366424,14314,1155737,317252
533,23.2326,0.73018,1,0.2185,15,2,0,366424,14314,1155737,317252
534,23.8834,0.692521,1,0.164981,15,2,0,366424,14314,1155737,317252
535,29.8414,0.712668,1,0.226394,15,2,0,366424,14314,1155737,317252
536,25.2896,0.780161,1,0.257698,15,2,0,366424,14314,1155737,317252
537,25.3418,0.727934,1,0.227164,15,2,0,366424,14314,1155737,317252
538,25.0763,1.29033,1,0.231183,15,2,0,366424,14314,1155737,317252
539,23.7347,0.694956,1,0.252656,15,2,0,366424,14314,1155737,317252
540,22.6039,0.682821,1,0.231755,15,2,0,366424,14314,1155737,317252
541,28.0059,0.749219,1,0.215819,15,2,0,366424,14314,1155737,317252
542,32.0821,0.688567,1,0.227033,15,2,0,366424,14314,1155737,317252
543,31.1477,0.430649,1,0.127243,15,2,0,366424,14314,1155737,317252
544,25.7365,0.724462,1,0.145494,15,2,0,366424,14314,1155737,317252
545,27.0841,0.685531,1,0.18242,15,2,0,366424,14314,1155737,317252
546,26.8669,0.727759,1,0.235597,15,2,0,366424,14314,1155737,317252
547,29.3312,0.709412,1,0.219829,15,2,0,366424,14314,1155737,317252
548,26.9273,0.830448,1,0.19928,15,2,0,366424,14314,1155737,317252
549,29.0632,0.757224,1,0.179563,15,2,0,366424,14314,1155737,317252
550,23.9877,0.770946,1,0.24904,15,2,0,366424,14314,1155737,317252
551,21.2593,0.737536,1,0.218196,15,2,0,366424,14314,1155737,317252
552,26.8809,0.530547,1,0.180004,15,2,0,366424,14314,1155737,317252
553,21.2692,0.757572,1,0.239299,15,2,0,366424,14314,1155737,317252
554,22.8134,1,1,0.225128,15,2,0,366424,14314,1155737,317252
555,22.3115,0.752917,1,0.219322,15,2,0,366424,14314,1155737,317252
556,22.2934,0.80433,1,0.217673,15,2,0,366424,14314,1155737,317252
557,23.0668,0.795002,1,0.221955,15,2,0,366424,14314,1155737,317252
558,25.4671,0.769128,1,0.222632,15,2,0,366424,14314,1155737,317252
559,20.6958,0.718468,1,0.240935,15,2,0,366424,14314,1155737,317252
560,23.6422,0.767821,1,0.167931,15,2,0,366424,14314,1155737,317252
561,23.2004,0.820116,1,0.219084,15,2,0,366424,14314,1155737,317252
562,23.905,0.894285,1,0.238095,15,2,0,366424,14314,1155737,317252
563,23.405,0.834807,1,0.24075,15,2,0,366424,14314,1155737,317252
564,24.9318,0.827906,1,0.1639,15,2,0,366424,14314,1155737,317252
565,29.4033,0.850852,1,0.2234,15,2,0,366424,14314,1155737,317252
566,21.6179,0.705711,1,0.198191,15,2,0,366424,14314,1155737,317252
567,25.0777,0.842974,1,0.158331,15,2,0,366424,14314,1155737,317252
568,23.0058,0.843973,1,0.202904,15,2,0,366424,14314,1155737,317252
569,29.4896,0.831986,1,0.190011,15,2,0,366424,14314,1155737,317252
570,20.4489,0.575568,1,0.174454,15,2,0,366424,14314,1155737,317252
571,27.8074,0.802016,1,0.222936,15,2,0,366424,14314,1155737,317252
572,21.7629,0.761268,1,0.147218,15,2,0,366424,14314,1155737,317252
573,24.0377,0.819211,1,0.254841,15,2,0,366424,14314,1155737,317252
574,23.1431,0.761952,1,0.229847,15,2,0,366424,14314,1155737,317252
575,24.5669,0.779103,1,0.244845,15,2,0,366424,14314,1155737,317252
576,23.2961,0.821259,1,0.216702,15,2,0,366424,14314,1155737,317252
577,24.5017,0.771025,1,0.224916,15,2,0,366424,14314,1155737,317252
578,27.4856,0.875608,1,0.248833,15,2,0,366424,14314,1155737,317252
579,25.0118,0.735334,1,0.445018,15,2,0,366424,14314,1155737,317252
580,23.352,0.602817,1,0.245486,15,2,0,366424,14314,1155737,317252
581,25.0014,1.03253,1,0.257556,15,2,0,366424,14314,1155737,317252
582,25.997,0.7854,1,0.242051,15,2,0,366424,14314,1155737,317252
583,23.8629,0.734926,1,0.229613,15,2,0,366424,14314,1155737,317252
584,21.4974,0.813371,1,0.207179,15,2,0,366424,14314,1155737,317252
585,25.1615,0.790516,1,0.214726,15,2,0,366424,14314,1155737,317252
586,23.548,1.60865,1,0.253026,15,2,0,366424,14314,1155737,317252
587,26.1194,2.29816,1,0.164558,15,2,0,366424,14314,1155737,317252
588,22.7797,0.809654,1,0.212512,15,2,0,366424,14314,1155737,317252
589,26.0415,1.48156,1,0.226746,15,2,0,366424,14314,1155737,317252
590,22.864,0.559299,1,0.235021,15,2,0,366424,14314,1155737,317252
591,20.8696,0.764224,1,0.233704,15,2,0,366424,14314,1155737,317252
592,25.7501,2.00642,1,2.2369,15,2,1,366424,14314,1155737,317260
593,22.152,0.773903,1,0.50798,20,2,1,665648,14314,1155737,317260
594,33.1552,0.668881,1,1.59104,23,3,0,665648,14314,1205941,317260
595,31.9579,1.32737,1,0.352269,23,3,0,665648,14314,1205941,317260
596,20.4007,0.798491,1,0.275212,23,3,0,665648,14314,1205941,317260
597,25.7106,0.965523,1,0.372606,23,3,0,665648,14314,1205941,317260
598,25.5642,1.11069,1,0.454559,23,3,0,665648,14314,1205941,317260
599,26.5046,0.966993,1,0.351779,23,3,0,665648,14314,1205941,317260
600,20.9883,0.941863,1,0.383229,23,3,0,665648,14314,1205941,317260
601,26.3454,0.945601,1,0.22747,23,3,0,665648,14314,1205941,317260
602,28.1443,1.12946,1,0.340451,23,3,0,665648,14314,1205941,317260
603,22.288,0.650388,1,0.317596,23,3,0,665648,14314,1205941,317260
604,25.3922,0.971868,1,0.365352,23,3,0,665648,14314,1205941,317260
605,28.0014,0.798729,1,0.401281,23,3,0,665648,14314,1205941,317260
606,24.1922,1.03086,1,0.46685,23,3,0,665648,14314,1205941,317260
607,24.406,0.938233,1,0.334243,23,3,0,665648,14314,1205941,317260
608,23.5403,0.945404,1,0.340193,23,3,0,665648,14314,1205941,317260
609,29.1136,0.971533,1,0.248743,23,3,0,665648,14314,1205941,317260
610,22.6239,1.24166,1,0.364945,23,3,0,665648,14314,1205941,317260
611,24.0384,1.46055,1,0.344748,23,3,0,665648,14314,1205941,317260
612,25.3512,1.0052,1,0.280651,23,3,0,665648,14314,1205941,317260
613,26.8968,1.37589,1,0.428935,23,3,0,665648,14314,1205941,317260
614,23.991,0.955021,1,0.390918,23,3,0,665648,14314,1205941,317260
615,25.4991,0.966591,1,0.350098,23,3,0,665648,14314,1205941,317260
616,25.0042,0.921857,1,0.369283,23,3,0,665648,14314,1205941,317260
617,25.6658,1.1242,1,0.34438,23,3,0,665648,14314,1205941,317260
618,26.0057,0.601824,1,0.220065,23,3,0,665648,14314,1205941,317260
619,27.0612,0.939008,1,0.364555,23,3,0,665648,14314,1205941,317260
620,25.4431,1.00086,1,0.348723,23,3,0,665648,14314,1205941,317260
621,28.6351,1.02524,1,0.359931,23,3,0,665648,14314,1205941,317260
622,23.1124,0.920672,1,0.356,23,3,0,665648,14314,1205941,317260
623,25.1631,0.956525,1,0.345968,23,3,0,665648,14314,1205941,317260
624,25.6476,2.79508,1,0.353426,23,3,0,665648,14314,1205941,317260
625,26.5027,1.57041,1,0.284283,23,3,0,665648,14314,1205941,317260
626,24.3396,1.11128,1,0.345698,23,3,0,665648,14314,1205941,317260
627,26.5103,1.19477,1,0.364401,23,3,0,665648,14314,1205941,317260
628,24.2299,1.04516,1,0.383616,23,3,0,665648,14314,1205941,317260
629,26.3013,1.08314,1,0.277467,23,3,0,665648,14314,1205941,317260
630,23.6655,1.16863,1,0.387053,23,3,0,665648,14314,1205941,317260
631,26.7678,0.970822,1,0.255793,23,3,0,665648,14314,1205941,317260
632,24.3178,1.06431,1,0.444143,23,3,0,665648,14314,1205941,317260
633,24.9973,1.10885,1,0.387505,23,3,0,665648,14314,1205941,317260
634,25.9775,1.05447,1,0.359985,23,3,0,665648,14314,1205941,317260
635,29.7007,0.985338,1,0.35521,23,3,0,665648,14314,1205941,317260
636,22.6868,0.943956,1,0.225934,23,3,0,665648,14314,1205941,317260
637,26.0595,0.969269,1,0.348309,23,3,0,665648,14314,1205941,317260
638,25.9991,0.972068,1,0.326725,23,3,0,665648,14314,1205941,317260
639,30.2409,1.06243,1,0.369499,23,3,0,665648,14314,1205941,317260
640,24.009,0.615521,1,0.387686,23,3,0,665648,14314,1205941,317260
641,28.1407,0.995449,1,0.357765,23,3,0,665648,14314,1205941,317260
642,25.0697,0.973405,1,0.351679,23,3,0,665648,14314,1205941,317260
643,25.0696,1.21073,1,0.376197,23,3,0,665648,14314,1205941,317260
644,31.8283,0.689441,1,0.32123,23,3,0,665648,14314,1205941,317260
645,24.4319,0.819047,1,0.340901,23,3,0,665648,14314,1205941,317260
646,25.7545,0.987121,1,0.371982,23,3,0,665648,14314,1205941,317260
647,27.4709,1.09421,1,0.366852,23,3,0,665648,14314,1205941,317260
648,24.1717,1.02235,1,0.355625,23,3,0,665648,14314,1205941,317260
649,26.6937,0.97235,1,0.34883,23,3,0,665648,14314,1205941,317260
650,25.8707,0.991237,1,0.33959,23,3,0,665648,14314,1205941,317260
651,25.4896,0.997521,1,0.360793,23,3,0,665648,14314,1205941,317260
652,25.4567,0.967349,1,0.340042,23,3,0,665648,14314,1205941,317260
653,27.3078,1.00734,1,0.34728,23,3,0,665648,14314,1205941,317260
654,27.2572,0.977611,1,0.354162,23,3,0,665648,14314,1205941,317260
655,31.6979,1.00935,1,0.374846,23,3,0,665648,14314,1205941,317260
656,26.0522,0.977749,1,0.393947,23,3,0,665648,14314,1205941,317260
657,27.3428,1.02848,1,0.39312,23,3,0,665648,14314,1205941,317260
658,28.4285,0.970115,1,0.36158,23,3,0,665648,14314,1205941,317260
659,28.5278,2.11739,1,0.37692,23,3,0,665648,14314,1205941,317260
660,26.506,0.94913,1,0.348261,23,3,0,665648,14314,1205941,317260
661,29.5851,0.968752,1,0.348292,23,3,0,665648,14314,1205941,317260
662,39.9592,1.08168,1,0.407123,23,3,0,665648,14314,1205941,317260
663,31.8153,0.906423,1,0.259505,23,3,0,665648,14314,1205941,317260
664,31.4935,1.14578,1,0.373585,23,3,0,665648,14314,1205941,317260
665,30.0928,2.95906,1,0.358759,23,3,0,665648,14314,1205941,317260
666,30.4908,0.959387,1,0.278826,23,3,0,665648,14314,1205941,317260
667,28.3308,0.620967,1,0.187054,23,3,0,665648,14314,1205941,317260
668,25.687,0.997745,1,0.351596,23,3,0,665648,14314,1205941,317260
669,24.1201,0.960026,1,0.348648,23,3,0,665648,14314,1205941,317260
670,27.467,0.961795,1,0.243349,23,3,0,665648,14314,1205941,317260
671,25.1284,0.687946,1,0.264379,23,3,0,665648,14314,1205941,317260
672,27.3493,0.954565,1,0.301969,23,3,0,665648,14314,1205941,317260
673,24.6137,0.976219,1,0.339901,23,3,0,665648,14314,1205941,317260
674,26.4136,0.986804,1,0.339245,23,3,0,665648,14314,1205941,317260
675,25.0845,0.972715,1,0.355163,23,3,0,665648,14314,1205941,317260
676,24.4876,0.985072,1,0.372925,23,3,0,665648,14314,1205941,317260
677,24.6334,1.07255,1,0.376509,23,3,0,665648,14314,1205941,317260
678,24.815,0.986062,1,0.400848,23,3,0,665648,14314,1205941,317260
679,29.482,0.951883,1,0.22196,23,3,0,665648,14314,1205941,317260
680,23.1342,0.940192,1,0.343925,23,3,0,665648,14314,1205941,317260
681,24.461,0.993782,1,0.366387,23,3,0,665648,14314,1205941,317260
682,23.9269,0.986952,1,0.37905,23,3,0,665648,14314,1205941,317260
683,26.2897,0.952297,1,0.220812,23,3,0,665648,14314,1205941,317260
684,24.919,0.969638,1,0.381695,23,3,0,665648,14314,1205941,317260
685,23.7398,0.973714,1,0.347692,23,3,0,665648,14314,1205941,317260
686,25.9293,1.06085,1,0.353139,23,3,0,665648,14314,1205941,317260
687,26.15,1.05236,1,0.743608,23,3,0,665648,14314,1205941,317260
688,24.0321,0.913546,1,0.345047,23,3,0,665648,14314,1205941,317260
689,28.4239,0.948433,1,0.29163,23,3,0,665648,14314,1205941,317260
690,27.1561,1.01203,1,0.367383,23,3,0,665648,14314,1205941,317260
691,25.3027,1.03046,1,0.377228,23,3,0,665648,14314,1205941,317260
692,29.5085,0.954368,1,0.352043,23,3,0,665648,14314,1205941,317260
693,29.579,1.03536,1,0.3536,23,3,0,665648,14314,1205941,317260
694,30.9556,0.918055,1,0.332451,23,3,0,665648,14314,1205941,317260
695,32.1469,0.922335,1,0.205882,23,3,0,665648,14314,1205941,317260
696,24.627,0.90564,1,0.317098,23,3,0,665648,14314,1205941,317260
697,25.9044,0.956445,1,0.347161,23,3,0,665648,14314,1205941,317260
698,24.3945,0.985169,1,0.355916,23,3,0,665648,14314,1205941,317260
699,28.404,0.962889,1,0.351336,23,3,0,665648,14314,1205941,317260
700,25.2084,1.11264,1,0.376502,23,3,0,665648,14314,1205941,317260
701,24.4025,0.98995,1,0.346744,23,3,0,665648,14314,1205941,317260
702,24.5055,1.02303,1,0.359664,23,3,0,665648,14314,1205941,317260
703,25.7265,0.938683,1,0.339111,23,3,0,665648,14314,1205941,317260
704,25.1606,0.965547,1,0.36166,23,3,0,665648,14314,1205941,317260
705,24.7669,0.992886,1,0.337241,23,3,0,665648,14314,1205941,317260
706,26.8361,0.988425,1,0.359477,23,3,0,665648,14314,1205941,317260
707,30.1597,0.694121,1,0.28379,23,3,0,665648,14314,1205941,317260
708,28.3171,0.958336,1,0.367089,23,3,0,665648,14314,1205941,317260
709,23.8691,0.877858,1,0.325361,23,3,0,665648,14314,1205941,317260
710,23.3338,0.959469,1,0.351496,23,3,0,665648,14314,1205941,317260
711,25.0425,0.958743,1,0.337354,23,3,0,665648,14314,1205941,317260
712,28.1381,0.993451,1,0.267111,23,3,0,665648,14314,1205941,317260
713,23.8797,0.943472,1,0.221669,23,3,0,665648,14314,1205941,317260
714,26.1031,0.948218,1,0.356696,23,3,0,665648,14314,1205941,317260
715,24.395,1.00206,1,0.351229,23,3,0,665648,14314,1205941,317260
716,26.2863,0.961063,1,0.349794,23,3,0,665648,14314,1205941,317260
717,27.4515,0.997787,1,0.330866,23,3,0,665648,14314,1205941,317260
718,26.7403,1.04833,1,0.364261,23,3,0,665648,14314,1205941,317260
719,29.6514,2.09056,1,0.373054,23,3,0,665648,14314,1205941,317260
720,26.4883,0.892723,1,0.335089,23,3,0,665648,14314,1205941,317260
721,25.5355,0.963049,1,0.370836,23,3,0,665648,14314,1205941,317260
722,25.9943,1.10942,1,0.379411,23,3,0,665648,14314,1205941,317260
723,26.9055,0.95425,1,0.21453,23,3,0,665648,14314,1205941,317260
724,25.6875,1.00907,1,0.366235,23,3,0,665648,14314,1205941,317260
725,25.9251,0.953996,1,0.346819,23,3,0,665648,14314,1205941,317260
726,29.0496,0.97366,1,0.245307,23,3,0,665648,14314,1205941,317260
727,27.3342,0.911215,1,0.365409,23,3,0,665648,14314,1205941,317260
728,26.9836,0.949122,1,0.272655,23,3,0,665648,14314,1205941,317260
729,25.6756,1.14253,1,0.22786,23,3,0,665648,14314,1205941,317260
730,23.7358,0.94153,1,1.06445,23,3,0,665648,14314,1205941,317260
731,24.0091,0.974747,1,0.339948,23,3,0,665648,14314,1205941,317260
732,28.3063,0.943983,1,0.398262,23,3,0,665648,14314,1205941,317260
733,27.3649,1.19697,1,0.376687,23,3,0,665648,14314,1205941,317260
734,27.8384,1.12863,1,0.421096,23,3,0,665648,14314,1205941,317260
735,28.0055,0.944703,1,0.255179,23,3,0,665648,14314,1205941,317260
736,26.7403,0.993097,1,0.347053,23,3,0,665648,14314,1205941,317260
737,25.419,1.09289,1,0.372256,23,3,0,665648,14314,1205941,317260
738,26.2164,0.984708,1,0.395697,23,3,0,665648,14314,1205941,317260
739,29.3774,0.978434,1,0.314509,23,3,0,665648,14314,1205941,317260
740,22.182,0.934923,1,0.368686,23,3,0,665648,14314,1205941,317260
741,23.9734,1.02271,1,0.357508,23,3,0,665648,14314,1205941,317260
742,25.5304,0.976908,1,0.272862,23,3,0,665648,14314,1205941,317260
743,24.501,1.0246,1,0.347696,23,3,0,665648,14314,1205941,317260
744,24.57,1.07022,1,0.348731,23,3,0,665648,14314,1205941,317260
745,24.9386,0.950447,1,0.348538,23,3,0,665648,14314,1205941,317260
746,25.9984,0.970465,1,0.337682,23,3,0,665648,14314,1205941,317260
747,24.9765,0.710819,1,0.26606,23,3,0,665648,14314,1205941,317260
748,26.6314,1.92106,1,0.338573,23,3,0,665648,14314,1205941,317260
749,29.969,0.949084,1,0.242983,23,3,0,665648,14314,1205941,317260
750,22.7218,0.985022,1,0.376075,23,3,0,665648,14314,1205941,317260
751,25.5375,1.29669,1,0.371149,23,3,0,665648,14314,1205941,317260
752,25.2061,1.9317,1,0.341082,23,3,0,665648,14314,1205941,317260
753,25.5624,0.814126,1,0.335174,23,3,0,665648,14314,1205941,317260
754,26.3905,1.08146,1,0.366995,23,3,0,665648,14314,1205941,317260
755,24.8811,1.12613,1,0.363319,23,3,0,665648,14314,1205941,317260
756,25.6353,1.02149,1,0.347295,23,3,0,665648,14314,1205941,317260
757,26.7699,1.01953,1,0.354633,23,3,0,665648,14314,1205941,317260
758,25.2428,0.970112,1,0.349818,23,3,0,665648,14314,1205941,317260
759,24.8671,0.928237,1,0.283996,23,3,0,665648,14314,1205941,317260
760,24.5615,1.07201,1,0.356018,23,3,0,665648,14314,1205941,317260
761,26.1564,0.977844,1,0.340926,23,3,0,665648,14314,1205941,317260
762,24.5054,1.31348,1,0.351731,23,3,0,665648,14314,1205941,317260
763,24.6477,1.02395,1,0.349131,23,3,0,665648,14314,1205941,317260
764,28.9411,0.946946,1,0.216671,23,3,0,665648,14314,1205941,317260
765,22.0447,0.944615,1,0.25066,23,3,0,665648,14314,1205941,317260
766,28.0042,1.06653,1,0.355789,23,3,0,665648,14314,1205941,317260
767,22.5227,0.701672,1,0.339501,23,3,0,665648,14314,1205941,317260
768,25.535,0.984461,1,0.340464,23,3,0,665648,14314,1205941,317260
769,29.8257,1.11125,1,0.472251,23,3,0,665648,14314,1205941,317260
770,23.1786,0.641688,1,0.346658,23,3,0,665648,14314,1205941,317260
771,26.4613,1.32847,1,0.339286,23,3,0,665648,14314,1205941,317260
772,27.2688,1.10693,1,0.348321,23,3,0,665648,14314,1205941,317260
773,27.3144,1.06887,1,0.386746,23,3,0,665648,14314,1205941,317260
774,26.0757,1.02226,1,0.349502,23,3,0,665648,14314,1205941,317260
775,26.7772,0.959524,1,0.350292,23,3,0,665648,14314,1205941,317260
776,24.0514,0.981533,1,0.362903,23,3,0,665648,14314,1205941,317260
777,26.4172,0.955997,1,0.379585,23,3,0,665648,14314,1205941,317260
778,24.4236,2.25824,1,0.380069,23,3,0,665648,14314,1205941,317260
779,29.5836,0.909869,1,0.344626,23,3,0,665648,14314,1205941,317260
780,29.4083,0.973205,1,0.37075,23,3,0,665648,14314,1205941,317260
781,28.4564,1.07839,1,0.374148,23,3,0,665648,14314,1205941,317260
782,27.664,0.998106,1,0.399972,23,3,0,665648,14314,1205941,317260
783,24.6194,0.967653,1,0.376706,23,3,0,665648,14314,1205941,317260
784,25.1376,0.945706,1,0.337606,23,3,0,665648,14314,1205941,317260
785,29.3706,1.02314,1,0.384582,23,3,0,665648,14314,1205941,317260
786,34.9154,1.01777,1,0.369521,23,3,0,665648,14314,1205941,317260
787,31.3651,2.04502,1,0.341463,23,3,0,665648,14314,1205941,317260
788,30.1468,1.61869,1,0.35423,23,3,0,665648,14314,1205941,317260
789,29.5865,0.949608,1,0.342507,23,3,0,665648,14314,1205941,317260
790,34.3296,0.958353,1,0.35908,23,3,0,665648,14314,1205941,317260
791,27.1805,0.932944,1,0.38246,23,3,0,665648,14314,1205941,317260
792,29.9634,0.935177,1,0.299812,23,3,0,665648,14314,1205941,317260
793,27.2887,1.85624,1,0.419219,23,3,0,665648,14314,1205941,317260
794,25.1568,1.0622,1,0.372813,23,3,0,665648,14314,1205941,317260
795,24.5604,0.993173,1,0.369121,23,3,0,665648,14314,1205941,317260
796,27.5229,2.73758,1,0.369283,23,3,0,665648,14314,1205941,317260
797,24.0599,0.977713,1,0.357334,23,3,0,665648,14314,1205941,317260
798,27.2055,0.981472,1,0.385647,23,3,0,665648,14314,1205941,317260
799,23.7802,1.00428,1,0.346091,23,3,0,665648,14314,1205941,317260
800,27.6281,0.973143,1,0.347466,23,3,0,665648,14314,1205941,317260
801,22.3925,0.817358,1,0.347137,23,3,0,665648,14314,1205941,317260
802,25.1673,1.09891,1,0.330888,23,3,0,665648,14314,1205941,317260
803,26.5232,0.999301,1,0.417313,23,3,0,665648,14314,1205941,317260
804,24.3893,1.05888,1,0.366335,23,3,0,665648,14314,1205941,317260
805,25.0319,1.00011,1,0.371864,23,3,0,665648,14314,1205941,317260
806,27.3503,1.02048,1,0.393664,23,3,0,665648,14314,1205941,317260
807,22.6449,0.943641,1,0.343885,23,3,0,665648,14314,1205941,317260
808,25.4285,0.969437,1,0.29347,23,3,0,665648,14314,1205941,317260
809,28.9395,1.02376,1,0.426596,23,3,0,665648,14314,1205941,317260
810,22.3396,0.99546,1,0.379871,23,3,0,665648,14314,1205941,317260
811,26.9585,0.913508,1,0.249222,23,3,0,665648,14314,1205941,317260
812,25.0095,0.99061,1,0.357036,23,3,0,665648,14314,1205941,317260
813,25.468,1.00728,1,0.370643,23,3,0,665648,14314,1205941,317260
814,26.3376,1.0015,1,0.338301,23,3,0,665648,14314,1205941,317260
815,27.4502,1.13008,1,0.238536,23,3,0,665648,14314,1205941,317260
816,24.541,0.615427,1,0.355228,23,3,0,665648,14314,1205941,317260
817,24.8016,0.951984,1,0.379413,23,3,0,665648,14314,1205941,317260
818,23.8185,0.95663,1,0.340129,23,3,0,665648,14314,1205941,317260
819,25.9059,0.924031,1,0.255911,23,3,0,665648,14314,1205941,317260
820,24.35,0.961151,1,0.342595,23,3,0,665648,14314,1205941,317260
821,28.6187,1.00728,1,0.338102,23,3,0,665648,14314,1205941,317260
822,21.8917,1.01891,1,0.349977,23,3,0,665648,14314,1205941,317260
823,23.5475,0.977143,1,0.351824,23,3,0,665648,14314,1205941,317260
824,24.3526,0.997387,1,0.356679,23,3,0,665648,14314,1205941,317260
825,23.4709,0.954983,1,0.33917,23,3,0,665648,14314,1205941,317260
826,24.7219,0.961518,1,0.333868,23,3,0,665648,14314,1205941,317260
827,27.2571,0.655509,1,0.255443,23,3,0,665648,14314,1205941,317260
828,25.1017,0.9557,1,0.357465,23,3,0,665648,14314,1205941,317260
829,27.1909,0.970623,1,0.40419,23,3,0,665648,14314,1205941,317260
830,23.6592,0.998517,1,0.348149,23,3,0,665648,14314,1205941,317260
831,23.5077,0.973227,1,0.355864,23,3,0,665648,14314,1205941,317260
832,25.9104,0.980478,1,0.352799,23,3,0,665648,14314,1205941,317260
833,23.9712,0.942235,1,0.361168,23,3,0,665648,14314,1205941,317260
834,24.5342,1.12956,1,0.42362,23,3,0,665648,14314,1205941,317260
835,25.3882,0.948526,1,0.34386,23,3,0,665648,14314,1205941,317260
836,24.6777,0.991315,1,0.345921,23,3,0,665648,14314,1205941,317260
837,24.0586,0.973793,1,0.356978,23,3,0,665648,14314,1205941,317260
838,24.3402,0.993953,1,0.391477,23,3,0,665648,14314,1205941,317260
839,25.5313,0.973594,1,0.335055,23,3,0,665648,14314,1205941,317260
840,24.157,2.84693,1,0.333024,23,3,0,665648,14314,1205941,317260
841,23.6708,0.998049,1,0.351905,23,3,0,665648,14314,1205941,317260
842,26.0145,1.01036,1,0.35434,23,3,0,665648,14314,1205941,317260
843,26.2548,0.9833,1,0.368242,23,3,0,665648,14314,1205941,317260
844,26.1101,1.19022,1,0.335482,23,3,0,665648,14314,1205941,317260
845,21.5342,0.67286,1,0.345732,23,3,0,665648,14314,1205941,317260
846,23.9727,0.952454,1,0.343142,23,3,0,665648,14314,1205941,317260
847,26.6232,0.668059,1,0.277643,23,3,0,665648,14314,1205941,317260
848,23.1828,0.953217,1,0.338315,23,3,0,665648,14314,1205941,317260
849,26.366,0.969355,1,0.30077,23,3,0,665648,14314,1205941,317260
850,25.8828,1.01808,1,0.36844,23,3,0,665648,14314,1205941,317260
851,25.7148,1.03507,1,0.314261,23,3,0,665648,14314,1205941,317260
852,24.4521,0.997337,1,0.338211,23,3,0,665648,14314,1205941,317260
853,23.8975,1.04894,1,0.405857,23,3,0,665648,14314,1205941,317260
854,23.5959,1.05067,1,0.343126,23,3,0,665648,14314,1205941,317260
855,24.4217,1.122,1,0.430249,23,3,0,665648,14314,1205941,317260
856,24.1228,1.034,1,0.365669,23,3,0,665648,14314,1205941,317260
857,24.8111,1.05543,1,0.341019,23,3,0,665648,14314,1205941,317260
858,22.96,1.24313,1,0.338644,23,3,0,665648,14314,1205941,317260
859,27.836,0.930215,1,0.242821,23,3,0,665648,14314,1205941,317260
860,21.657,0.94993,1,0.337094,23,3,0,665648,14314,1205941,317260
861,23.582,0.888768,1,0.342964,23,3,0,665648,14314,1205941,317260
862,24.2773,1.04426,1,0.396838,23,3,0,665648,14314,1205941,317260
863,25.4281,1.15271,1,0.397556,23,3,0,665648,14314,1205941,317260
864,24.1701,0.926541,1,0.361463,23,3,0,665648,14314,1205941,317260
865,25.0039,1.83738,1,0.353817,23,3,0,665648,14314,1205941,317260
866,24.5849,1.00901,1,0.345766,23,3,0,665648,14314,1205941,317260
867,24.8647,0.888831,1,0.335334,23,3,0,665648,14314,1205941,317260
868,24.771,0.990503,1,0.243511,23,3,0,665648,14314,1205941,317260
869,26.301,1.18608,1,0.364023,23,3,0,665648,14314,1205941,317260
870,22.0273,0.972276,1,0.252347,23,3,0,665648,14314,1205941,317260
871,25.7226,0.984778,1,0.433606,23,3,0,665648,14314,1205941,317260
872,23.2191,0.968549,1,0.345986,23,3,0,665648,14314,1205941,317260
873,26.1575,0.921518,1,0.25934,23,3,0,665648,14314,1205941,317260
874,27.1026,0.990737,1,0.338644,23,3,0,665648,14314,1205941,317260
875,28.9952,0.916253,1,0.247251,23,3,0,665648,14314,1205941,317260
876,23.2669,0.966417,1,0.336293,23,3,0,665648,14314,1205941,317260
877,26.4776,1.15269,1,0.467459,23,3,0,665648,14314,1205941,317260
878,24.424,1.07801,1,0.389418,23,3,0,665648,14314,1205941,317260
879,26.3701,0.968072,1,0.444338,23,3,0,665648,14314,1205941,317260
880,22.8439,0.91273,1,0.344619,23,3,0,665648,14314,1205941,317260
881,24.0265,0.924908,1,0.468006,23,3,0,665648,14314,1205941,317260
882,27.0887,0.951235,1,0.272846,23,3,0,665648,14314,1205941,317260
883,25.8388,1.02411,1,0.354746,23,3,0,665648,14314,1205941,317260
884,28.23,0.907157,1,0.348698,23,3,0,665648,14314,1205941,317260
885,22.0366,0.941488,1,0.349275,23,3,0,665648,14314,1205941,317260
886,28.8526,0.93504,1,0.339483,23,3,0,665648,14314,1205941,317260
887,23.0105,0.977221,1,0.391599,23,3,0,665648,14314,1205941,317260
888,25.8743,0.911579,1,0.3485,23,3,0,665648,14314,1205941,317260
889,28.9609,0.905389,1,0.352944,23,3,0,665648,14314,1205941,317260
890,23.0832,0.814019,1,0.352408,23,3,0,665648,14314,1205941,317260
891,30.1008,0.651141,1,0.270046,23,3,0,665648,14314,1205941,317260
892,24.8001,0.917967,1,0.363022,23,3,0,665648,14314,1205941,317260
893,25.0002,0.9323,1,0.230579,23,3,0,665648,14314,1205941,317260
894,24.8272,0.910717,1,0.356288,23,3,0,665648,14314,1205941,317260
895,24.6068,2.13007,1,0.386831,23,3,0,665648,14314,1205941,317260
896,25.4986,0.914078,1,0.325726,23,3,0,665648,14314,1205941,317260
897,24.1339,0.914702,1,0.350597,23,3,0,665648,14314,1205941,317260
898,24.4535,0.956197,1,0.358586,23,3,0,665648,14314,1205941,317260
899,25.1459,0.911615,1,0.352637,23,3,0,665648,14314,1205941,317260
900,24.2737,0.972892,1,0.525384,23,3,0,665648,14314,1205941,317260
901,25.117,0.923317,1,0.216452,23,3,0,665648,14314,1205941,317260
902,25.0035,0.916154,1,0.401954,23,3,0,665648,14314,1205941,317260
903,29.0155,4.0777,1,0.266553,23,3,0,665648,14314,1205941,317260
904,31.7781,0.950665,1,0.301495,23,3,0,665648,14314,1205941,317260
905,26.7327,1.16885,1,0.391227,23,3,0,665648,14314,1205941,317260
906,25.5715,0.941441,1,0.349091,23,3,0,665648,14314,1205941,317260
907,23.6501,0.983062,1,0.344973,23,3,0,665648,14314,1205941,317260
908,26.3052,0.909776,1,0.226704,23,3,0,665648,14314,1205941,317260
909,27.8329,1.04074,1,0.426243,23,3,0,665648,14314,1205941,317260
910,30.4183,0.927701,1,0.493356,23,3,0,665648,14314,1205941,317260
911,39.6148,0.918699,1,0.361981,23,3,0,665648,14314,1205941,317260
912,32.4447,0.982707,1,0.373868,23,3,0,665648,14314,1205941,317260
913,26.4803,0.870266,1,0.258783,23,3,0,665648,14314,1205941,317260
914,28.952,0.852428,1,0.276009,23,3,0,665648,14314,1205941,317260
915,31.0967,0.924983,1,0.311634,23,3,0,665648,14314,1205941,317260
916,23.9408,0.925661,1,0.338476,23,3,0,665648,14314,1205941,317260
917,27.1606,0.914917,1,0.242869,23,3,0,665648,14314,1205941,317260
918,23.1963,0.916194,1,0.366569,23,3,0,665648,14314,1205941,317260
919,25.3302,0.896186,1,0.3747,23,3,0,665648,14314,1205941,317260
