sequence	operation	asset	generation	thread	context_current	handle	bytes	path
1	MeshCreated		0	125256677316800	1	0	1152	
2	MeshCreated		0	125256677316800	1	1	73728	
3	TextureCreated		0	125256677316800	1	0	4	
4	TextureCreated		0	125256677316800	1	1	1048576	
5	FileReadBegin	000000000000000000000000f7200001	0	125255070774976	0	0	0	/home/conner/Documents/GitHub/Project-Judas/build/ftft2-fixtures/stale-generation/a/Assets/1.obj
6	FileReadChunk	000000000000000000000000f7200001	0	125255070774976	0	0	1048576	/home/conner/Documents/GitHub/Project-Judas/build/ftft2-fixtures/stale-generation/a/Assets/1.obj
7	FileReadChunk	000000000000000000000000f7200001	0	125255070774976	0	0	2097152	/home/conner/Documents/GitHub/Project-Judas/build/ftft2-fixtures/stale-generation/a/Assets/1.obj
8	FileReadChunk	000000000000000000000000f7200001	0	125255070774976	0	0	2355232	/home/conner/Documents/GitHub/Project-Judas/build/ftft2-fixtures/stale-generation/a/Assets/1.obj
9	FileReadEnd	000000000000000000000000f7200001	0	125255070774976	0	0	2355232	/home/conner/Documents/GitHub/Project-Judas/build/ftft2-fixtures/stale-generation/a/Assets/1.obj
10	DecodeBegin	000000000000000000000000f7200001	0	125255070774976	0	0	2355232	/home/conner/Documents/GitHub/Project-Judas/build/ftft2-fixtures/stale-generation/a/Assets/1.obj
11	DecodeEnd	000000000000000000000000f7200001	0	125255070774976	0	0	2355232	/home/conner/Documents/GitHub/Project-Judas/build/ftft2-fixtures/stale-generation/a/Assets/1.obj
12	LoadComplete	000000000000000000000000f7200001	0	125255070774976	0	0	2355232	/home/conner/Documents/GitHub/Project-Judas/build/ftft2-fixtures/stale-generation/a/Assets/1.obj
13	MeshCreated		0	125256677316800	1	2	108	
14	FileReadBegin	000000000000000000000000f7200007	0	125255062382272	0	0	0	/home/conner/Documents/GitHub/Project-Judas/build/ftft2-fixtures/stale-generation/a/Assets/7.obj
15	FileReadChunk	000000000000000000000000f7200007	0	125255062382272	0	0	32	/home/conner/Documents/GitHub/Project-Judas/build/ftft2-fixtures/stale-generation/a/Assets/7.obj
16	FileReadEnd	000000000000000000000000f7200007	0	125255062382272	0	0	32	/home/conner/Documents/GitHub/Project-Judas/build/ftft2-fixtures/stale-generation/a/Assets/7.obj
17	DecodeBegin	000000000000000000000000f7200007	0	125255062382272	0	0	32	/home/conner/Documents/GitHub/Project-Judas/build/ftft2-fixtures/stale-generation/a/Assets/7.obj
18	DecodeEnd	000000000000000000000000f7200007	0	125255062382272	0	0	32	/home/conner/Documents/GitHub/Project-Judas/build/ftft2-fixtures/stale-generation/a/Assets/7.obj
19	CancelRequested	000000000000000000000000f7200007	0	125256677316800	0	0	0	/home/conner/Documents/GitHub/Project-Judas/build/ftft2-fixtures/stale-generation/a/Assets/7.obj
20	FileReadBegin	000000000000000000000000f7200007	1	125255053989568	0	0	0	/home/conner/Documents/GitHub/Project-Judas/build/ftft2-fixtures/stale-generation/a/Assets/7.obj
21	FileReadChunk	000000000000000000000000f7200007	1	125255053989568	0	0	32	/home/conner/Documents/GitHub/Project-Judas/build/ftft2-fixtures/stale-generation/a/Assets/7.obj
22	FileReadEnd	000000000000000000000000f7200007	1	125255053989568	0	0	32	/home/conner/Documents/GitHub/Project-Judas/build/ftft2-fixtures/stale-generation/a/Assets/7.obj
23	DecodeBegin	000000000000000000000000f7200007	1	125255053989568	0	0	32	/home/conner/Documents/GitHub/Project-Judas/build/ftft2-fixtures/stale-generation/a/Assets/7.obj
24	DecodeEnd	000000000000000000000000f7200007	1	125255053989568	0	0	32	/home/conner/Documents/GitHub/Project-Judas/build/ftft2-fixtures/stale-generation/a/Assets/7.obj
25	LoadComplete	000000000000000000000000f7200007	1	125255053989568	0	0	32	/home/conner/Documents/GitHub/Project-Judas/build/ftft2-fixtures/stale-generation/a/Assets/7.obj
26	MeshCreated		0	125256677316800	1	3	108	
27	LoadComplete	000000000000000000000000f7200007	0	125255062382272	0	0	32	/home/conner/Documents/GitHub/Project-Judas/build/ftft2-fixtures/stale-generation/a/Assets/7.obj
28	StaleDiscarded	000000000000000000000000f7200007	0	125256677316800	0	0	0	/home/conner/Documents/GitHub/Project-Judas/build/ftft2-fixtures/stale-generation/a/Assets/7.obj
29	ManagerShutdownBegin		0	125256677316800	0	0	0	
30	MeshDestroyed		0	125256677316800	1	2	108	
31	MeshDestroyed		0	125256677316800	1	3	108	
32	ManagerShutdownEnd		0	125256677316800	0	0	0	
33	WorkersJoined		0	125256677316800	1	0	0	
34	RendererShutdownBegin		0	125256677316800	1	0	0	
35	MeshDestroyed		0	125256677316800	1	0	1152	
36	MeshDestroyed		0	125256677316800	1	1	73728	
37	TextureDestroyed		0	125256677316800	1	0	4	
38	TextureDestroyed		0	125256677316800	1	1	1048576	
39	RendererShutdownEnd		0	125256677316800	1	0	0	
40	ContextDestroyed		0	125256677316800	0	0	0	
