step,x,y,z,vx,vy,vz,immersion,fluid_vx,fluid_vy,fluid_vz,fluid_ax,fluid_ay,fluid_az,fluid_executed,particle_ms
0,2.0445671081542969,-0.85042935609817505,4.0866656303405762,0.10371306538581848,-0.124923475086689,-0.0093830171972513199,1,0.10371306538581848,-0.124923475086689,-0.0093830171972513199,6.2227835655212402,-7.4954080581665039,-0.5629810094833374,1,21.686782999999998
1,2.0480399131774902,-0.85460907220840454,4.0863504409790039,0.20837458968162537,-0.25078454613685608,-0.018899453803896904,1,0.20926284790039062,-0.25166258215904236,-0.019024401903152466,6.2778849601745605,-7.5498771667480469,-0.57073205709457397,0,0
2,2.053250789642334,-0.86088013648986816,4.0858778953552246,0.31265819072723389,-0.37626558542251587,-0.028357392176985741,0.99999910593032837,0.31083226203918457,-0.37445941567420959,-0.028083758428692818,6.2607302665710449,-7.5325345993041992,-0.56803268194198608,1,20.947984000000002
3,2.0602009296417236,-0.86924386024475098,4.0852475166320801,0.41701522469520569,-0.50182265043258667,-0.037824075669050217,0.99999910593032837,0.41791874170303345,-0.50271952152252197,-0.037945371121168137,6.2595844268798828,-7.5315980911254883,-0.56775438785552979,0,0
4,2.0688886642456055,-0.87969821691513062,4.0844597816467285,0.52125883102416992,-0.62726235389709473,-0.047276362776756287,0.99999541044235229,0.51796954870223999,-0.62398535013198853,-0.046782102435827255,6.2613029479980469,-7.5330471992492676,-0.5681423544883728,1,20.861287999999998
5,2.0793156623840332,-0.89224535226821899,4.0835142135620117,0.62562566995620728,-0.75282973051071167,-0.056744430214166641,0.99999499320983887,0.62687325477600098,-0.75408226251602173,-0.056914910674095154,6.2594761848449707,-7.5314960479736328,-0.56773722171783447,0,0
6,2.0914795398712158,-0.90688246488571167,4.0824108123779297,0.72982984781265259,-0.87822806835174561,-0.066190682351589203,0.99997860193252563,0.72513109445571899,-0.87349098920822144,-0.065485388040542603,6.2618050575256348,-7.533534049987793,-0.56820946931838989,1,20.545055000000001
7,2.1053829193115234,-0.92361259460449219,4.0811495780944824,0.83420759439468384,-1.0038070678710938,-0.075660362839698792,0.99997812509536743,0.83582103252410889,-1.005448579788208,-0.0758829265832901,6.2593832015991211,-7.5314006805419922,-0.56772774457931519,0,0
8,2.1210224628448486,-0.9424319863319397,4.0797314643859863,0.9383731484413147,-1.1291635036468506,-0.085100725293159485,0.99995028972625732,0.93232518434524536,-1.1229615211486816,-0.084206573665142059,6.2622308731079102,-7.533998966217041,-0.56824052333831787,1,19.513604999999998
9,2.1384017467498779,-0.96334457397460938,4.0781550407409668,1.0427626371383667,-1.2547552585601807,-0.094572089612483978,0.99994683265686035,1.04475998878479,-1.2568211555480957,-0.094845779240131378,6.2593069076538086,-7.5313100814819336,-0.56772559881210327,0,0
10,2.1575164794921875,-0.98634570837020874,4.0764217376708984,1.1468906402587891,-1.3800688982009888,-0.10400727391242981,0.9999050498008728,1.1395566463470459,-1.372387170791626,-0.10295740514993668,6.2625927925109863,-7.5344438552856445,-0.56824570894241333,1,19.788180000000001
11,2.1783714294433594,-1.0114402770996094,4.0745306015014648,1.2512925863265991,-1.5056748390197754,-0.11348030716180801,0.99989873170852661,1.2536895275115967,-1.5082013607025146,-0.11380206048488617,6.2592425346374512,-7.5312252044677734,-0.56772774457931519,0,0
12,2.2009611129760742,-1.0386227369308472,4.0724821090698242,1.3553844690322876,-1.6309448480606079,-0.12291152030229568,0.99983298778533936,1.346837043762207,-1.6217681169509888,-0.12174968421459198,6.2628941535949707,-7.5348634719848633,-0.56823521852493286,1,19.220268000000001
13,2.2252910137176514,-1.0678988695144653,4.0702757835388184,1.4597995281219482,-1.7565662860870361,-0.13238602876663208,0.99982255697250366,1.4626061916351318,-1.7595871686935425,-0.13274893164634705,6.2591915130615234,-7.5311470031738281,-0.56773233413696289,0,0
14,2.2513554096221924,-1.0992621183395386,4.0679121017456055,1.563856840133667,-1.8817915916442871,-0.14181460440158844,0.99969673156738281,1.5541694164276123,-1.8711050748825073,-0.14058132469654083,6.2631354331970215,-7.5352535247802734,-0.56822210550308228,1,21.088678999999999
15,2.2791602611541748,-1.1327192783355713,4.0653905868530273,1.6682853698730469,-2.007429838180542,-0.1512901782989502,0.99970507621765137,1.6715066432952881,-2.0109784603118896,-0.15168143808841705,6.2591543197631836,-7.5310769081115723,-0.56773847341537476,0,0
16,2.3086986541748047,-1.1682627201080322,4.0627117156982422,1.7723103761672974,-2.1326100826263428,-0.16071826219558716,0.99953758716583252,1.7615760564804077,-2.1204040050506592,-0.15948003530502319,6.2633209228515625,-7.5356130599975586,-0.56820178031921387,1,19.631554000000001
17,2.3399779796600342,-1.2059004306793213,4.0598750114440918,1.876752495765686,-2.2582659721374512,-0.1701945960521698,0.99950742721557617,1.8803911209106445,-2.2623701095581055,-0.17060571908950806,6.2591300010681152,-7.5310144424438477,-0.56774431467056274,0,0
18,2.3729903697967529,-1.2456237077713013,4.0568814277648926,1.980746865272522,-2.3833990097045898,-0.17962387204170227,0.99946475028991699,1.9690394401550293,-2.3696348667144775,-0.17843271791934967,6.263458251953125,-7.535956859588623,-0.56817841529846191,1,18.376733999999999
19,2.4077436923980713,-1.287441611289978,4.0537295341491699,2.0852036476135254,-2.5090744495391846,-0.18910089135169983,0.99933642148971558,2.0892870426177979,-2.5137813091278076,-0.18953070044517517,6.2591104507446289,-7.5309548377990723,-0.56774777173995972,0,0
20,2.4442298412322998,-1.3313442468643188,4.0504207611083984,2.1891684532165527,-2.634160041809082,-0.19853240251541138,0.99925613403320312,2.1765396595001221,-2.6188361644744873,-0.19741734862327576,6.2635550498962402,-7.5362768173217773,-0.56815636157989502,1,23.222761999999999
21,2.482457160949707,-1.3773418664932251,4.0469541549682617,2.2936403751373291,-2.7598559856414795,-0.20800982415676117,0.99925613403320312,2.2981786727905273,-2.765192985534668,-0.20844957232475281,6.2590899467468262,-7.5309042930603027,-0.56775164604187012,0,0
22,2.5224165916442871,-1.4254235029220581,4.043330192565918,2.3975706100463867,-2.8849003314971924,-0.21743801236152649,0.99893182516098022,2.3838317394256592,-2.8682527542114258,-0.21621724963188171,6.2637262344360352,-7.5364809036254883,-0.56817203760147095,1,21.698409000000002
23,2.5641176700592041,-1.4756004810333252,4.039548397064209,2.502058744430542,-3.0106163024902344,-0.22691676020622253,0.99893182516098022,2.5070950984954834,-3.0165646076202393,-0.22739697992801666,6.2590632438659668,-7.5308704376220703,-0.56774932146072388,0,0
24,2.6075503826141357,-1.5278608798980713,4.035609245300293,2.6059556007385254,-3.1356210708618164,-0.23634178936481476,0.99852818250656128,2.5911579132080078,-3.1177105903625488,-0.23502062261104584,6.2638750076293945,-7.5366578102111816,-0.56818556785583496,1,17.777882999999999
25,2.6527247428894043,-1.5822168588638306,4.0315122604370117,2.7104604244232178,-3.2613575458526611,-0.24582190811634064,0.99852818250656128,2.7160048484802246,-3.2679269313812256,-0.24634414911270142,6.2590408325195312,-7.5308408737182617,-0.56774723529815674,0,0
26,2.6996302604675293,-1.6386556625366211,4.0272583961486816,2.814326286315918,-3.3863251209259033,-0.25524398684501648,0.99815678596496582,2.7985377311706543,-3.367232084274292,-0.25382918119430542,6.2639999389648438,-7.5368075370788574,-0.56819695234298706,1,17.415212
27,2.7482776641845703,-1.6971904039382935,4.0228462219238281,2.9188477993011475,-3.5120820999145508,-0.26472550630569458,0.99815678596496582,2.924896240234375,-3.5192673206329346,-0.2652895450592041,6.2590222358703613,-7.530817985534668,-0.5677456259727478,0,0
28,2.7986557483673096,-1.7578072547912598,4.0182771682739258,3.0226840972900391,-3.6370143890380859,-0.27414479851722717,0.99762743711471558,3.0059640407562256,-3.616809606552124,-0.27264195680618286,6.2641077041625977,-7.5369362831115723,-0.56820690631866455,1,17.695488000000001
29,2.850776195526123,-1.8205204010009766,4.0135498046875,3.1272225379943848,-3.762791633605957,-0.28362774848937988,0.99762743711471558,3.1337804794311523,-3.7705988883972168,-0.28423482179641724,6.2590060234069824,-7.5307974815368652,-0.56774431467056274,0,0
30,2.9046266078948975,-1.8853152990341187,4.0086655616760254,3.2310314178466797,-3.8876914978027344,-0.29304447770118713,0.997272789478302,3.2134554386138916,-3.8664650917053223,-0.29146111011505127,6.2641983032226562,-7.5370445251464844,-0.56821519136428833,1,17.785775000000001
31,2.9602196216583252,-1.9522067308425903,4.0036234855651855,3.3355860710144043,-4.01348876953125,-0.30252882838249207,0.997272789478302,3.3426361083984375,-4.0218954086303711,-0.30317786335945129,6.2589950561523438,-7.5307836532592773,-0.56774336099624634,0,0
32,3.0175423622131348,-2.0211794376373291,3.9984245300292969,3.4393694400787354,-4.1383581161499023,-0.31194314360618591,0.9969024658203125,3.4209871292114258,-4.1161689758300781,-0.3102838397026062,6.264277458190918,-7.537139892578125,-0.56822234392166138,1,17.529582999999999
33,3.0766079425811768,-2.0922489166259766,3.9930672645568848,3.543940544128418,-4.2641754150390625,-0.32142886519432068,0.9969024658203125,3.5514779090881348,-4.2731761932373047,-0.32211926579475403,6.2589874267578125,-7.5307745933532715,-0.56774264574050903,0,0
34,3.1374030113220215,-2.1653990745544434,3.9875533580780029,3.6476981639862061,-4.3890137672424316,-0.33084073662757874,0.99570733308792114,3.6284947395324707,-4.3658437728881836,-0.32910442352294922,6.2643570899963379,-7.5372347831726074,-0.56822961568832397,1,18.393868999999999
35,3.1999411582946777,-2.2406466007232666,3.9818811416625977,3.7522866725921631,-4.5148520469665527,-0.34032797813415527,0.99570733308792114,3.7603559494018555,-4.5244994163513184,-0.3410642147064209,6.2589726448059082,-7.5307564735412598,-0.56774133443832397,0,0
36,3.2642080783843994,-2.317974328994751,3.9760522842407227,3.8560199737548828,-4.6396613121032715,-0.34973755478858948,0.99480134248733521,3.8360505104064941,-4.6155762672424316,-0.34792947769165039,6.2644205093383789,-7.5373134613037109,-0.56823539733886719,1,17.906946999999999
37,3.3302185535430908,-2.3973996639251709,3.9700651168823242,3.9606254100799561,-4.7655205726623535,-0.35922622680664062,0.99480134248733521,3.9692118167877197,-4.7757964134216309,-0.36000716686248779,6.2589621543884277,-7.5307455062866211,-0.56774038076400757,0,0
38,3.3979575634002686,-2.4789047241210938,3.9639213085174561,4.0643362998962402,-4.8903026580810547,-0.36863371729850769,0.99419337511062622,4.0436606407165527,-4.8653745651245117,-0.36675935983657837,6.264467716217041,-7.5373697280883789,-0.56823962926864624,1,17.144888999999999
39,3.467440128326416,-2.5625078678131104,3.9576191902160645,4.1689586639404297,-5.0161824226379395,-0.37812384963035583,0.99419337511062622,4.1780519485473633,-5.0270743370056152,-0.3789486289024353,6.2589559555053711,-7.530738353729248,-0.56773978471755981,0,0
40,3.5386509895324707,-2.6481902599334717,3.9511604309082031,4.2726469039916992,-5.1409382820129395,-0.38752919435501099,0.99270391464233398,4.251255989074707,-5.1151552200317383,-0.38558775186538696,6.2645072937011719,-7.5374178886413574,-0.56824302673339844,1,17.103479
41,3.6116058826446533,-2.7359709739685059,3.9445433616638184,4.3772869110107422,-5.2668395042419434,-0.39702087640762329,0.99270391464233398,4.3869295120239258,-5.2783975601196289,-0.39789336919784546,6.258944034576416,-7.5307245254516602,-0.56773853302001953,0,0
42,3.6862883567810059,-2.8258304595947266,3.9377696514129639,4.4809541702270508,-5.3915700912475586,-0.40642428398132324,0.99180293083190918,4.4589142799377441,-5.3650112152099609,-0.40442186594009399,6.2645254135131836,-7.5374407768249512,-0.5682445764541626,1,17.076706999999999
43,3.7627151012420654,-2.9177887439727783,3.9308376312255859,4.5856108665466309,-5.517491340637207,-0.41591739654541016,0.99180293083190918,4.5957531929016113,-5.529655933380127,-0.41683322191238403,6.258944034576416,-7.5307245254516602,-0.56773829460144043,0,0
44,3.8408694267272949,-3.0118253231048584,3.9237489700317383,4.6892580986022949,-5.6421980857849121,-0.42531889677047729,0.99106937646865845,4.6666045188903809,-5.614905834197998,-0.42325875163078308,6.2645306587219238,-7.537445068359375,-0.56824469566345215,1,16.856299
45,3.9207682609558105,-3.1079609394073486,3.9165019989013672,4.7939305305480957,-5.7681388854980469,-0.43481338024139404,0.99106937646865845,4.8045501708984375,-5.7808823585510254,-0.43577057123184204,6.2589497566223145,-7.5307297706604004,-0.56773847341537476,0,0
46,4.0023941993713379,-3.2061746120452881,3.9090983867645264,4.8975577354431152,-5.8928217887878418,-0.44421300292015076,0.98946458101272583,4.8742818832397461,-5.8647847175598145,-0.44209441542625427,6.2645277976989746,-7.537442684173584,-0.56824392080307007,1,16.503019999999999
47,4.0857648849487305,-3.3064875602722168,3.9015364646911621,5.0022468566894531,-6.0187826156616211,-0.4537089467048645,0.98946458101272583,5.0133867263793945,-6.0321564674377441,-0.45471137762069702,6.2589478492736816,-7.530728816986084,-0.56773781776428223,0,0
48,4.1708626747131348,-3.4088783264160156,3.8938179016113281,5.1058573722839355,-6.1434450149536133,-0.46310696005821228,0.98569250106811523,5.0819969177246094,-6.1147093772888184,-0.46093335747718811,6.2645063400268555,-7.5374159812927246,-0.56824153661727905,1,16.908382
49,4.2577052116394043,-3.5133688449859619,3.8859412670135498,5.2105627059936523,-6.2694258689880371,-0.47260430455207825,0.98569250106811523,5.2222299575805664,-6.2834372520446777,-0.47365266084671021,6.2589468955993652,-7.5307269096374512,-0.56773728132247925,0,0
50,4.3462743759155273,-3.6199367046356201,3.8779079914093018,5.3141584396362305,-6.3940706253051758,-0.48200088739395142,0.98188060522079468,5.2897934913635254,-6.3647322654724121,-0.47977933287620544,6.2644577026367188,-7.5373573303222656,-0.56823652982711792,1,17.404273
51,4.436589241027832,-3.7286045551300049,3.8697164058685303,5.418879508972168,-6.5200695991516113,-0.49149951338768005,0.98188060522079468,5.4310426712036133,-6.5346832275390625,-0.4925905168056488,6.2589530944824219,-7.5307340621948242,-0.56773722171783447,0,0
52,4.528630256652832,-3.8393495082855225,3.8613681793212891,5.5224642753601074,-6.6447019577026367,-0.50089502334594727,0.97431075572967529,5.4976334571838379,-6.6148076057434082,-0.49862891435623169,6.2643909454345703,-7.5372762680053711,-0.56823021173477173,1,16.926178
53,4.6224169731140137,-3.9521946907043457,3.8528616428375244,5.6271986961364746,-6.7707176208496094,-0.51039475202560425,0.97431075572967529,5.6398649215698242,-6.7859401702880859,-0.51152920722961426,6.2589583396911621,-7.5307397842407227,-0.56773746013641357,0,0
54,4.7179298400878906,-4.0671172142028809,3.84419846534729,5.7307744026184082,-6.8953390121459961,-0.51978933811187744,0.96882724761962891,5.7055807113647461,-6.8650116920471191,-0.51748806238174438,6.2642984390258789,-7.5371661186218262,-0.5682215690612793,1,16.774245000000001
55,4.8151884078979492,-4.1841402053833008,3.8353769779205322,5.8355212211608887,-7.021369457244873,-0.52929019927978516,0.96882724761962891,5.8486328125,-7.0371322631835938,-0.53046274185180664,6.2589731216430664,-7.5307583808898926,-0.56773847341537476,0,0
56,4.9141731262207031,-4.3032398223876953,3.8263988494873047,5.9390902519226074,-7.1459832191467285,-0.53868412971496582,0.95094603300094604,5.9132804870605469,-7.1149187088012695,-0.53632426261901855,6.2642431259155273,-7.5370993614196777,-0.56821572780609131,1,17.000944
57,5.0149040222167969,-4.4244403839111328,3.8172624111175537,6.0438475608825684,-7.272026538848877,-0.54818582534790039,0.95094603300094604,6.0575222969055176,-7.2884707450866699,-0.54940688610076904,6.2589664459228516,-7.5307502746582031,-0.56773710250854492,0,0
58,5.1173605918884277,-4.5477175712585449,3.807969331741333,6.1474018096923828,-7.3966217041015625,-0.55757826566696167,0.93700623512268066,6.1207799911499023,-7.3645849227905273,-0.55514216423034668,6.2641916275024414,-7.5370378494262695,-0.5682106614112854,1,16.834028
59,5.2215633392333984,-4.6730952262878418,3.7985179424285889,6.2521653175354004,-7.5226726531982422,-0.56708037853240967,0.93700623512268066,6.2662286758422852,-7.539588451385498,-0.56833410263061523,6.2589912414550781,-7.5307807922363281,-0.56773895025253296,0,0
60,5.3274917602539062,-4.8005495071411133,3.7889101505279541,6.3557028770446777,-7.6472487449645996,-0.57647126913070679,0.93075764179229736,6.3284368515014648,-7.6144404411315918,-0.57397425174713135,6.2641172409057617,-7.5369482040405273,-0.56820368766784668,1,16.600389
61,5.4351663589477539,-4.9301047325134277,3.7791438102722168,6.4604754447937012,-7.773310661315918,-0.58597415685653687,0.93075770139694214,6.4749040603637695,-7.7906699180603027,-0.58725845813751221,6.2590165138244629,-7.5308113098144531,-0.5677410364151001,0,0
62,5.5445666313171387,-5.0617361068725586,3.7692210674285889,6.5640168190002441,-7.8978910446166992,-0.59536528587341309,0.90691936016082764,6.5362238883972168,-7.8644528388977051,-0.59281748533248901,6.2640480995178223,-7.5368618965148926,-0.56819719076156616,1,16.501215999999999
63,5.6557130813598633,-5.1954689025878906,3.7591400146484375,6.6687898635864258,-8.0239534378051758,-0.60486817359924316,0.90691936016082764,6.6836042404174805,-8.0417814254760742,-0.60618454217910767,6.259030818939209,-7.530825138092041,-0.56774204969406128,0,0
64,5.768585205078125,-5.3312773704528809,3.7489023208618164,6.7723197937011719,-8.1485204696655273,-0.61425822973251343,0.89707046747207642,6.7439208030700684,-8.1143569946289062,-0.61165231466293335,6.2639451026916504,-7.536738395690918,-0.56818753480911255,1,15.889393999999999
65,5.8832035064697266,-5.4691872596740723,3.7385063171386719,6.8770990371704102,-8.2745904922485352,-0.62376153469085693,0.89707046747207642,6.8922524452209473,-8.2928285598754883,-0.62510567903518677,6.259056568145752,-7.5308575630187988,-0.56774407625198364,0,0
66,5.9995474815368652,-5.6091732978820801,3.7279539108276367,6.9806275367736816,-8.3991565704345703,-0.63315057754516602,0.8804088830947876,6.9517264366149902,-8.3644189834594727,-0.63046956062316895,6.2638492584228516,-7.5366225242614746,-0.56817871332168579,1,15.906394000000001
67,6.1176376342773438,-5.7512602806091309,3.717242956161499,7.0854082107543945,-8.5252294540405273,-0.64265310764312744,0.8804088830947876,7.1008882522583008,-8.5438919067382812,-0.64399617910385132,6.2590789794921875,-7.5308837890625,-0.56774598360061646,0,0
68,6.2374529838562012,-5.895423412322998,3.7063755989074707,7.1889290809631348,-8.649785041809082,-0.65204215049743652,0.87058579921722412,7.1595001220703125,-8.6143884658813477,-0.64933794736862183,6.2637419700622559,-7.5364956855773926,-0.56816869974136353,1,15.430840999999999
69,6.3590149879455566,-6.0416879653930664,3.6953499317169189,7.2937154769897461,-8.7758636474609375,-0.66154599189758301,0.87058579921722412,7.3095488548278809,-8.7949275970458984,-0.66294640302658081,6.2591047286987305,-7.530916690826416,-0.56774795055389404,0,0
70,6.482302188873291,-6.190028190612793,3.6841676235198975,7.3972325325012207,-8.9004154205322266,-0.67093467712402344,0.85468506813049316,7.3672060966491699,-8.8643045425415039,-0.66817212104797363,6.2636561393737793,-7.5363945960998535,-0.5681605339050293,1,16.090199999999999
71,6.6073360443115234,-6.3404698371887207,3.6728270053863525,7.5020217895507812,-9.0264978408813477,-0.68043869733810425,0.85468506813049316,7.5182361602783203,-9.046025276184082,-0.68186956644058228,6.2591233253479004,-7.5309414863586426,-0.5677492618560791,0,0
72,6.7340950965881348,-6.4929876327514648,3.661329984664917,7.6055464744567871,-9.1510591506958008,-0.68982791900634766,0.85226595401763916,7.5758166313171387,-9.1153087615966797,-0.68708807229995728,6.2634420394897461,-7.536135196685791,-0.56814074516296387,1,17.060599
73,6.8626008033752441,-6.6476068496704102,3.6496744155883789,7.7103424072265625,-9.2771492004394531,-0.69933241605758667,0.84669828414916992,7.7269353866577148,-9.2971363067626953,-0.70079326629638672,6.2591438293457031,-7.5309634208679199,-0.56775081157684326,0,0
74,6.9928326606750488,-6.8043026924133301,3.6378624439239502,7.8139076232910156,-9.401759147644043,-0.7087252140045166,0.84173434972763062,7.785372257232666,-9.3674516677856445,-0.70608925819396973,6.2631583213806152,-7.5357999801635742,-0.56811505556106567,1,17.884968000000001
75,7.1248111724853516,-6.9630999565124512,3.6258919239044189,7.918701171875,-9.5278472900390625,-0.71822941303253174,0.82449352741241455,7.9356551170349121,-9.5482730865478516,-0.7197185754776001,6.2591471672058105,-7.5309762954711914,-0.56775140762329102,0,0
76,7.2585163116455078,-7.1239748001098633,3.613764762878418,8.0222978591918945,-9.6524944305419922,-0.72762489318847656,0.83683997392654419,7.9948182106018066,-9.6194610595703125,-0.72508096694946289,6.262885570526123,-7.5354881286621094,-0.56809133291244507,1,17.798804000000001
77,7.3939676284790039,-7.2869510650634766,3.6014792919158936,8.1270914077758789,-9.7785825729370117,-0.73712897300720215,0.80855059623718262,8.1443710327148438,-9.7994060516357422,-0.7386443018913269,6.2591438293457031,-7.5309901237487793,-0.56775224208831787,0,0
78,7.5311460494995117,-7.4520049095153809,3.5890371799468994,8.2306928634643555,-9.9032354354858398,-0.74652481079101562,0.83487474918365479,8.2034187316894531,-9.8704547882080078,-0.74399560689926147,6.2626972198486328,-7.5352683067321777,-0.56807470321655273,1,17.298924
79,7.6700706481933594,-7.6191601753234863,3.5764367580413818,8.3354892730712891,-10.029328346252441,-0.75602918863296509,0.79945623874664307,8.3530893325805664,-10.050539970397949,-0.75756937265396118,6.2591538429260254,-7.531008243560791,-0.56775349378585815,0,0
80,7.8107223510742188,-7.7883930206298828,3.5636796951293945,8.439091682434082,-10.153983116149902,-0.76542502641677856,0.83106702566146851,8.4118404388427734,-10.121233940124512,-0.76289373636245728,6.2625174522399902,-7.5350723266601562,-0.56805992126464844,1,17.379829000000001
81,7.9531207084655762,-7.9597277641296387,3.5507640838623047,8.5438919067382812,-10.280077934265137,-0.7749294638633728,0.78849804401397705,8.5618143081665039,-10.301685333251953,-0.77649486064910889,6.2591524124145508,-7.5310249328613281,-0.56775474548339844,0,0
82,8.0972461700439453,-8.1331405639648438,3.5376920700073242,8.6475200653076172,-10.404763221740723,-0.78432744741439819,0.82553738355636597,8.6210870742797852,-10.373007774353027,-0.78186631202697754,6.2623023986816406,-7.5348153114318848,-0.56804054975509644,1,16.745564999999999
83,8.2431182861328125,-8.30865478515625,3.5244615077972412,8.7523174285888672,-10.530856132507324,-0.79383164644241333,0.77154284715652466,8.7705345153808594,-10.552824020385742,-0.79541867971420288,6.2591562271118164,-7.5310301780700684,-0.56775516271591187,0,0
84,8.3907175064086914,-8.4862470626831055,3.5110743045806885,8.8559513092041016,-10.655553817749023,-0.80322539806365967,0.82128763198852539,8.8296957015991211,-10.624198913574219,-0.80060642957687378,6.262141227722168,-7.5346145629882812,-0.56802260875701904,1,16.39517
85,8.5400629043579102,-8.6659412384033203,3.4975287914276123,8.9607448577880859,-10.781648635864258,-0.81272429227828979,0.75848942995071411,8.9791574478149414,-10.804056167602539,-0.81413394212722778,6.2591686248779297,-7.531038761138916,-0.56775248050689697,0,0
86,8.691136360168457,-8.8477134704589844,3.4838266372680664,9.0643806457519531,-10.906344413757324,-0.82212305068969727,0.81881022453308105,9.0381803512573242,-10.874869346618652,-0.81968313455581665,6.261995792388916,-7.534449577331543,-0.56801289319992065,1,15.779544
87,8.8439559936523438,-9.0315876007080078,3.4699661731719971,9.1691770553588867,-11.032436370849609,-0.83162719011306763,0.74895811080932617,9.1879215240478516,-11.05504035949707,-0.83326190710067749,6.2591772079467773,-7.5310578346252441,-0.56775712966918945,0,0
88,8.9985027313232422,-9.2175397872924805,3.455949068069458,9.2728214263916016,-11.15714168548584,-0.84102654457092285,0.81506848335266113,9.2468690872192383,-11.125970840454102,-0.8386039137840271,6.2618451118469238,-7.5342669486999512,-0.56799942255020142,1,15.75586
89,9.1547966003417969,-9.4055938720703125,3.4417736530303955,9.3776111602783203,-11.283226013183594,-0.85052996873855591,0.73786062002182007,9.3963489532470703,-11.305828094482422,-0.85215812921524048,6.2592072486877441,-7.5310931205749512,-0.56776005029678345,0,0
90,9.3128175735473633,-9.5957269668579102,3.4274413585662842,9.4812860488891602,-11.40796947479248,-0.8599320650100708,0.80606704950332642,9.4562911987304688,-11.377956390380859,-0.8575894832611084,6.2616868019104004,-7.5340762138366699,-0.56798452138900757,1,14.698187000000001
91,9.4725856781005859,-9.7879610061645508,3.4129507541656494,9.5860576629638672,-11.534031867980957,-0.86943376064300537,0.72039002180099487,9.6044673919677734,-11.556245803833008,-0.87102663516998291,6.2592482566833496,-7.5311436653137207,-0.56776332855224609,0,0
92,9.6340818405151367,-9.9822750091552734,3.3983035087585449,9.6897783279418945,-11.658829689025879,-0.87883979082107544,0.79186552762985229,9.6661090850830078,-11.630419731140137,-0.87661045789718628,6.2615346908569336,-7.5338926315307617,-0.56797045469284058,1,14.675268000000001
93,9.7973241806030273,-10.178689002990723,3.383497953414917,9.7945222854614258,-11.784859657287598,-0.88833886384963989,0.69722861051559448,9.8123703002929688,-11.806404113769531,-0.88987338542938232,6.2592959403991699,-7.5311985015869141,-0.56776726245880127,0,0
94,9.9622955322265625,-10.37718391418457,3.3685355186462402,9.8982610702514648,-11.909679412841797,-0.89774632453918457,0.78168731927871704,9.8750286102294922,-11.881800651550293,-0.89554929733276367,6.261436939239502,-7.5337767601013184,-0.56796157360076904,1,14.690274
95,10.129012107849121,-10.577778816223145,3.35341477394104,10.002979278564453,-12.035678863525391,-0.90724295377731323,0.68378925323486328,10.02001953125,-12.056258201599121,-0.90869683027267456,6.2593708038330078,-7.5312910079956055,-0.56777405738830566,0,0
96,10.297457695007324,-10.780453681945801,3.3381373882293701,10.106711387634277,-12.160490989685059,-0.91664969921112061,0.77410167455673218,10.083029747009277,-12.132077217102051,-0.91440492868423462,6.2613873481750488,-7.5337162017822266,-0.56795698404312134,1,15.274998
97,10.467647552490234,-10.985228538513184,3.3227016925811768,10.211411476135254,-12.286468505859375,-0.92614454030990601,0.67696499824523926,10.22779369354248,-12.30626106262207,-0.92753177881240845,6.2594413757324219,-7.5313754081726074,-0.56778049468994141,0,0
98,10.639566421508789,-11.192083358764648,3.3071091175079346,10.315138816833496,-12.411275863647461,-0.93555068969726562,0.76750564575195312,10.291110038757324,-12.382450103759766,-0.93326777219772339,6.2613339424133301,-7.5336542129516602,-0.56795245409011841,1,15.272826999999999
99,10.813230514526367,-11.401037216186523,3.291358470916748,10.41982364654541,-12.537234306335449,-0.94504398107528687,0.67145586013793945,10.43563175201416,-12.556342124938965,-0.94637209177017212,6.2595005035400391,-7.5314483642578125,-0.56778603792190552,0,0
100,10.988622665405273,-11.61207103729248,3.2754509449005127,10.523556709289551,-12.662047386169434,-0.95445048809051514,0.75932890176773071,10.499512672424316,-12.633210182189941,-0.95215916633605957,6.2612738609313965,-7.5335769653320312,-0.56794661283493042,1,14.689769999999999
101,11.165760040283203,-11.825203895568848,3.259385347366333,10.628230094909668,-12.787991523742676,-0.96394258737564087,0.66655784845352173,10.643590927124023,-12.806570053100586,-0.96522295475006104,6.259552001953125,-7.5315074920654297,-0.5677904486656189,0,0
102,11.344626426696777,-12.040417671203613,3.2431628704071045,10.73198413848877,-12.91283130645752,-0.97335022687911987,0.74471747875213623,10.708345413208008,-12.884510040283203,-0.97106438875198364,6.2611842155456543,-7.533473014831543,-0.56793850660324097,1,14.599665999999999
103,11.525237083435059,-12.257730484008789,3.2267823219299316,10.836628913879395,-13.038742065429688,-0.98283898830413818,0.65378129482269287,10.85094165802002,-13.056089401245117,-0.98399019241333008,6.2596306800842285,-7.5316033363342285,-0.56779742240905762,0,0
104,11.707577705383301,-12.47712516784668,3.21024489402771,10.940442085266113,-13.163653373718262,-0.99225270748138428,0.72377336025238037,10.918661117553711,-13.137548446655273,-0.99015545845031738,6.2610573768615723,-7.5333199501037598,-0.56792718172073364,1,14.370322
105,11.89166259765625,-12.698617935180664,3.1935491561889648,11.045082092285156,-13.289557456970215,-1.0017415285110474,0.64815115928649902,11.059295654296875,-13.306767463684082,-1.0029059648513794,6.2596559524536133,-7.5316333770751953,-0.56779992580413818,0,0
106,12.077478408813477,-12.92219352722168,3.1766965389251709,11.148947715759277,-13.414530754089355,-1.0111598968505859,0.70858365297317505,11.128926277160645,-13.39055347442627,-1.0092134475708008,6.2609457969665527,-7.5331873893737793,-0.5679163932800293,1,14.459123999999999
107,12.26503849029541,-13.147867202758789,3.1596856117248535,11.253591537475586,-13.540439605712891,-1.0206489562988281,0.64810991287231445,11.267987251281738,-13.557876586914062,-1.0218212604522705,6.2596607208251953,-7.5316414833068848,-0.56779986619949341,0,0
108,12.454329490661621,-13.37562370300293,3.1425178050994873,11.357453346252441,-13.665408134460449,-1.0300668478012085,0.69197863340377808,11.336807250976562,-13.640684127807617,-1.0280580520629883,6.2608809471130371,-7.5331072807312012,-0.56791096925735474,1,14.64762
109,12.645364761352539,-13.60547924041748,3.1251919269561768,11.462092399597168,-13.791312217712402,-1.039555549621582,0.63508850336074829,11.476580619812012,-13.808863639831543,-1.0407321453094482,6.2596721649169922,-7.5316529273986816,-0.56780117750167847,0,0
110,12.838130950927734,-13.837417602539062,3.1077089309692383,11.565946578979492,-13.916272163391113,-1.0489727258682251,0.68650358915328979,11.54486083984375,-13.891025543212891,-1.0469163656234741,6.2608432769775391,-7.5330629348754883,-0.56790703535079956,1,14.593678000000001
111,13.03264045715332,-14.071454048156738,3.0900678634643555,11.670592308044434,-14.042183876037598,-1.0584619045257568,0.63578742742538452,11.685366630554199,-14.060086250305176,-1.0596569776535034,6.2596755027770996,-7.5316572189331055,-0.56780105829238892,0,0
112,13.228880882263184,-14.307573318481445,3.0722699165344238,11.774439811706543,-14.167135238647461,-1.067878246307373,0.67951369285583496,11.752834320068359,-14.141269683837891,-1.0657683610916138,6.2608070373535156,-7.53302001953125,-0.56790435314178467,1,14.463495999999999
113,13.426865577697754,-14.545790672302246,3.0543138980865479,11.879091262817383,-14.29305362701416,-1.0773677825927734,0.63495182991027832,11.894147872924805,-14.31130313873291,-1.0785824060440063,6.2596821784973145,-7.5316667556762695,-0.56780225038528442,0,0
114,13.626581192016602,-14.786090850830078,3.0362007617950439,11.982934951782227,-14.418000221252441,-1.086783766746521,0.66076231002807617,11.960568428039551,-14.391225814819336,-1.0845984220504761,6.2607488632202148,-7.5329475402832031,-0.56789898872375488,1,14.51505
115,13.828041076660156,-15.028489112854004,3.0179295539855957,12.087582588195801,-14.543914794921875,-1.0962728261947632,0.61967825889587402,12.102827072143555,-14.562397003173828,-1.0974979400634766,6.259697437286377,-7.5316824913024902,-0.56780356168746948,0,0
116,14.031232833862305,-15.272971153259277,2.9995012283325195,12.191476821899414,-14.668922424316406,-1.1056934595108032,0.6447453498840332,12.170934677124023,-14.644346237182617,-1.103672981262207,6.2606863975524902,-7.5328741073608398,-0.56789344549179077,1,14.494666
117,14.236167907714844,-15.519552230834961,2.980914831161499,12.29613208770752,-14.794845581054688,-1.1151831150054932,0.61732888221740723,12.311771392822266,-14.813806533813477,-1.1164416074752808,6.2597088813781738,-7.5316982269287109,-0.56780463457107544,0,0
118,14.442835807800293,-15.768217086791992,2.9621713161468506,12.400074005126953,-14.919910430908203,-1.1246078014373779,0.62274348735809326,12.381095886230469,-14.897228240966797,-1.1227179765701294,6.2606387138366699,-7.532813549041748,-0.56788879632949829,1,14.397276
119,14.651247978210449,-16.01898193359375,2.9432697296142578,12.50473690032959,-15.045844078063965,-1.1340980529785156,0.60909789800643921,12.520977020263672,-15.065537452697754,-1.1354005336761475,6.2597217559814453,-7.5317120552062988,-0.56780564785003662,0,0
