step,body_kinetic_J,liquid_kinetic_J,body_y,liquid_y,retained_mass
0,0,24.780191091530423,0,0.22500000118601091,496.12503504753113
1,0,24.780191091530423,0,0.22500000118601091,496.12503504753113
2,0.46141610469660133,16.866078815382966,-0.0011321019846946001,0.22530696140665596,496.12503504753113
3,0.46141610469660155,16.866078815382966,-0.0022642039693892002,0.22530696140665596,496.12503504753113
4,1.6134170967558483,12.236209629112217,-0.004381109494715929,0.22690275907009635,496.12503504753113
5,1.6134170967558572,12.236209629112217,-0.0064980150200426579,0.22690275907009635,496.12503504753113
6,1.6134170967558699,10.889112364711321,-0.0086149200797080994,0.22860950776407518,496.12503504753113
7,1.6134170967558863,10.889112364711321,-0.010731825605034828,0.22860950776407518,496.12503504753113
8,1.6134170967559065,9.8962968676122358,-0.012848731130361557,0.23031625744639617,496.12503504753113
9,1.6134170967559305,9.8962968676122358,-0.014965636655688286,0.23031625744639617,496.12503504753113
10,1.613417096755958,9.1271911593812565,-0.017082542181015015,0.23202300687529601,496.12503504753113
11,1.6134170967460766,9.1271911593812565,-0.019199447706341743,0.23202300687529601,496.12503504753113
12,1.6134170967565198,8.5083799255699208,-0.021316353231668472,0.23372975465695872,496.12503504753113
13,1.6134170967565589,8.5083799255699208,-0.023433258756995201,0.23372975465695872,496.12503504753113
14,1.6134170967566015,7.9957993101122522,-0.02555016428232193,0.23543650436462188,496.12503504753113
15,1.6134170967566481,7.9957993101122522,-0.027667069807648659,0.23543650436462188,496.12503504753113
16,1.6134170967566983,7.5613259057688893,-0.029783975332975388,0.23714325511131154,496.12503504753113
17,1.6134170967567523,7.5613259057688893,-0.031900882720947266,0.23714325511131154,496.12503504753113
18,1.6134170967563148,7.186146247545266,-0.034017786383628845,0.23885000409672444,496.12503504753113
19,1.6134170967563763,7.186146247545266,-0.036134690046310425,0.23885000409672444,496.12503504753113
20,1.6134170967564416,6.8574471448317471,-0.038251593708992004,0.24055675266399265,496.12503504753113
21,1.6134170967565107,6.8574471448317471,-0.040368497371673584,0.24055675266399265,496.12503504753113
22,1.6134170967466706,6.5660403760720136,-0.042485401034355164,0.24226350009086584,496.12503504753113
23,1.6134170967467472,6.5660403760720136,-0.044602304697036743,0.24226350009086584,496.12503504753113
24,1.6134170967572354,6.3050104304359671,-0.046719208359718323,0.24397025010263432,496.12503504753113
25,1.6134170967568244,6.3050104304359671,-0.048836112022399902,0.24397025010263432,496.12503504753113
26,1.6134146944022798,5.8585721114832658,-0.050953015685081482,0.24567699725074432,496.12503504753113
27,1.6134146944023686,5.8585721114832658,-0.053069919347763062,0.24567699725074432,496.12503504753113
28,1.6134113532115082,5.3055706941830936,-0.055186823010444641,0.24738373992597154,496.12503504753113
29,1.613411353211601,5.3055706941830936,-0.057303726673126221,0.24738373992597154,496.12503504753113
30,1.6134110789966523,5.0142762007078021,-0.0594206303358078,0.24909048919014778,496.12503504753113
31,1.6134110789872305,5.0142762007078021,-0.06153753399848938,0.24909048919014778,496.12503504753113
32,1.6134113681377871,4.7580365389986268,-0.063654437661170959,0.25079723794748188,496.12503504753113
33,1.6134113681378925,4.7580365389986268,-0.065771341323852539,0.25079723794748188,496.12503504753113
34,1.6134117580466392,4.5305498029110529,-0.067888244986534119,0.2525039866541316,496.12503504753113
35,1.6134117580467515,4.5305498029110529,-0.070005148649215698,0.2525039866541316,496.12503504753113
36,1.6134122431616338,4.3270862867022499,-0.072122052311897278,0.25421073268718863,496.12503504753113
37,1.6134122431526456,4.3270862867022499,-0.074238955974578857,0.25421073268718863,496.12503504753113
38,1.6134124379795545,4.1439988442001603,-0.076355859637260437,0.25591748115308838,496.12503504753113
39,1.613412437953659,4.1439988442001603,-0.078472763299942017,0.25591748115308838,496.12503504753113
40,1.6134130836620748,3.9784338111602024,-0.080589666962623596,0.2576242286053036,496.12503504753113
41,1.6134130836626774,3.9784338111602024,-0.082706570625305176,0.2576242286053036,496.12503504753113
42,1.6143928649036656,3.7871314009661465,-0.084823429584503174,0.25933097263633398,496.12503504753113
43,1.6143928649023482,3.7871314009661465,-0.086940288543701172,0.25933097263633398,496.12503504753113
44,1.6134057183655055,3.477524396621511,-0.089057192206382751,0.26103771946133197,496.12503504753113
45,1.6134057183656185,3.477524396621511,-0.091174095869064331,0.26103771946133197,496.12503504753113
46,1.6133950364475165,3.3021864886921763,-0.093290992081165314,0.26274445471765639,496.12503504753113
47,1.6133950364407335,3.3021864886921763,-0.095407888293266296,0.26274445471765639,496.12503504753113
48,1.6134210123506059,3.0092651071815291,-0.097524799406528473,0.26445118464580197,496.12503504753113
49,1.6134210123604784,3.0092651071815291,-0.099641710519790649,0.26445118464580197,496.12503504753113
50,1.6133897692843975,2.8629496862823656,-0.10175860673189163,0.26615792360841006,496.12503504753113
51,1.6133897693104484,2.8629496862823656,-0.10387550294399261,0.26615792360841006,496.12503504753113
52,1.613391468365257,2.7349901157743624,-0.1059923991560936,0.26786466880517756,496.12503504753113
53,1.6133914683589576,2.7349901157743624,-0.10810929536819458,0.26786466880517756,496.12503504753113
54,1.6133923561465271,2.622158615622288,-0.11022619158029556,0.26957141340640539,496.12503504753113
55,1.6133923561459422,2.622158615622288,-0.11234308779239655,0.26957141340640539,496.12503504753113
56,1.6133935303264484,2.5220713791867349,-0.11445998400449753,0.27127815709531711,496.12503504753113
57,1.6133935303207263,2.5220713791867349,-0.11657688021659851,0.27127815709531711,496.12503504753113
58,1.6133934804641483,2.4328605412582784,-0.11869377642869949,0.27298489918134039,496.12503504753113
59,1.6133934804642671,2.4328605412582784,-0.12081067264080048,0.27298489918134039,496.12503504753113
60,1.6133952384550738,2.3530283600411646,-0.12292756885290146,0.27469164480892372,496.12503504753113
61,1.6133952384555512,2.3530283600411646,-0.12504446506500244,0.27469164480892372,496.12503504753113
62,1.6133961587058554,2.2813501197039758,-0.12716136872768402,0.27639838804801303,496.12503504753113
63,1.6133961587126373,2.2813501197039758,-0.1292782723903656,0.27639838804801303,496.12503504753113
64,1.6134085506447056,2.213511184884414,-0.13139516115188599,0.27810512855015446,496.12503504753113
65,1.6134085506437645,2.213511184884414,-0.13351204991340637,0.27810512855015446,496.12503504753113
66,1.6134612087702853,2.1148979256778091,-0.13562896847724915,0.27981187200465168,496.12503504753113
67,1.6134612087781215,2.1148979256778091,-0.13774588704109192,0.27981187200465168,496.12503504753113
68,1.6133869077111997,2.0494181929583664,-0.1398627758026123,0.28151859310107175,496.12503504753113
69,1.6133869077066927,2.0494181929583664,-0.14197966456413269,0.28151859310107175,496.12503504753113
70,1.6133911864434052,1.9954033597919303,-0.14409655332565308,0.28322534000843169,496.12503504753113
71,1.6133911864435591,1.9954033597919303,-0.14621344208717346,0.28322534000843169,496.12503504753113
72,1.6133872241949656,1.947677035280009,-0.14833033084869385,0.28493208110611251,496.12503504753113
73,1.6133872242022993,1.947677035280009,-0.15044721961021423,0.28493208110611251,496.12503504753113
74,1.6133880557705993,1.9053206143785524,-0.15256410837173462,0.28663882112675376,496.12503504753113
75,1.6133880557771478,1.9053206143785524,-0.154680997133255,0.28663882112675376,496.12503504753113
76,1.6133884208783502,1.8676092826063264,-0.15679788589477539,0.28834556112838849,496.12503504753113
77,1.6133884208653362,1.8676092826063264,-0.15891477465629578,0.28834556112838849,496.12503504753113
78,1.6133890781699431,1.8339437013141662,-0.16103166341781616,0.2900523033094447,496.12503504753113
79,1.6133890781776454,1.8339437013141662,-0.16314855217933655,0.2900523033094447,496.12503504753113
80,1.613389657793221,1.8038194643543874,-0.16526544094085693,0.29175904476825071,496.12503504753113
81,1.6133896577858686,1.8038194643543874,-0.16738232970237732,0.29175904476825071,496.12503504753113
82,1.6133901667240902,1.7768071213969419,-0.16949921846389771,0.29346578727241879,496.12503504753113
83,1.6133901667235098,1.7768071213969419,-0.17161610722541809,0.29346578727241879,496.12503504753113
84,1.613390612046596,1.7525381990941233,-0.17373299598693848,0.29517252907334335,496.12503504753113
85,1.6133906120609214,1.7525381990941233,-0.17584988474845886,0.29517252907334335,496.12503504753113
86,1.6133909984252779,1.7306952317769557,-0.17796677350997925,0.2968792703864323,496.12503504753113
87,1.6133909984247141,1.7306952317769557,-0.18008366227149963,0.2968792703864323,496.12503504753113
88,1.6133909521147791,1.711004813956261,-0.18220055103302002,0.298586015082693,496.12503504753113
89,1.6133909521142276,1.711004813956261,-0.18431743979454041,0.298586015082693,496.12503504753113
90,1.6133912350416288,1.6932304430021548,-0.18643432855606079,0.30029275629441354,496.12503504753113
91,1.613391235041443,1.6932304430021548,-0.18855121731758118,0.30029275629441354,496.12503504753113
92,1.6133899584963893,1.6771675343095778,-0.19066810607910156,0.30199949549777161,496.12503504753113
93,1.6133899584958566,1.6771675343095778,-0.19278499484062195,0.30199949549777161,496.12503504753113
94,1.6133901546597569,1.6626393763553395,-0.19490188360214233,0.30370623573382111,496.12503504753113
95,1.6133901546609857,1.6626393763553395,-0.19701877236366272,0.30370623573382111,496.12503504753113
96,1.6134095948383156,1.6477472332309291,-0.19913566112518311,0.30541296884873692,496.12503504753113
97,1.6134095948164371,1.6477472332309291,-0.20125254988670349,0.30541296884873692,496.12503504753113
98,1.6133951061140561,1.6340010234401285,-0.20336943864822388,0.30711971351965556,496.12503504753113
99,1.6133951061063132,1.6340010234401285,-0.20548632740974426,0.30711971351965556,496.12503504753113
100,1.6133889753615376,1.6230109244182991,-0.20760321617126465,0.3088264478446574,496.12503504753113
101,1.6133889753543058,1.6230109244182991,-0.20972010493278503,0.3088264478446574,496.12503504753113
102,1.613388960572619,1.6131917295357432,-0.21183699369430542,0.31053318792231827,496.12503504753113
103,1.6133889605738647,1.6131917295357432,-0.21395388245582581,0.31053318792231827,496.12503504753113
104,1.6133893586243619,1.6043973690142193,-0.21607077121734619,0.31223993145284196,496.12503504753113
105,1.6133893586238579,1.6043973690142193,-0.21818765997886658,0.31223993145284196,496.12503504753113
106,1.6133893512695874,1.5965024400517505,-0.22030454874038696,0.31394666693090989,496.12503504753113
107,1.6133893512690949,1.5965024400517505,-0.22242143750190735,0.31394666693090989,496.12503504753113
108,1.6133885610027232,1.5894023967767472,-0.22453832626342773,0.3156534040942281,496.12503504753113
109,1.613388561002244,1.5894023967767472,-0.22665521502494812,0.3156534040942281,496.12503504753113
110,1.6133866115757292,1.5830070314546498,-0.22877210378646851,0.31736014430493525,496.12503504753113
111,1.6133866115755877,1.5830070314546498,-0.23088899254798889,0.31736014430493525,496.12503504753113
112,1.6133699484337201,1.576972233594585,-0.23300586640834808,0.31906687759091046,496.12503504753113
113,1.6133699484341686,1.576972233594585,-0.23512274026870728,0.31906687759091046,496.12503504753113
114,1.6133669779671918,1.5716245630944388,-0.23723962903022766,0.32077361445012342,496.12503504753113
115,1.6133669779631434,1.5716245630944388,-0.23935651779174805,0.32077361445012342,496.12503504753113
116,1.6133665508388022,1.5665686679576614,-0.24147340655326843,0.32248034964309252,496.12503504753113
117,1.6133665508386139,1.5665686679576614,-0.24359029531478882,0.32248034964309252,496.12503504753113
118,1.6133778862777699,1.5621058497483244,-0.2457071840763092,0.32418708346758779,496.12503504753113
119,1.6133778862904724,1.5621058497483244,-0.24782407283782959,0.32418708346758779,496.12503504753113
120,1.6133750370368285,1.5582495992946586,-0.24994096159934998,0.32589381302827281,496.12503504753113
121,1.6133750370378528,1.5582495992946586,-0.25205785036087036,0.32589381302827281,496.12503504753113
122,1.613377002059794,1.5547634293311994,-0.25417473912239075,0.32760054825291957,496.12503504753113
123,1.6133770020605307,1.5547634293311994,-0.25629162788391113,0.32760054825291957,496.12503504753113
124,1.6133782767452804,1.5516170618635643,-0.25840851664543152,0.32930728608780385,496.12503504753113
125,1.6133782767448877,1.5516170618635643,-0.2605254054069519,0.32930728608780385,496.12503504753113
126,1.6133787932001109,1.5487738736726835,-0.26264229416847229,0.33101402452456308,496.12503504753113
127,1.6133787931943897,1.5487738736726835,-0.26475918292999268,0.33101402452456308,496.12503504753113
128,1.6036516114054422,1.5462025624091507,-0.26686966419219971,0.33272075913466365,492.75003480911255
129,1.5942698342848947,1.5462025624091507,-0.26897397637367249,0.33272075913466365,492.75003480911255
130,1.5859668615128624,1.5438248679224011,-0.27107280492782593,0.33442749725464643,492.75003480911255
131,1.5779949119485788,1.5438248679224011,-0.27316635847091675,0.33442749725464643,492.75003480911255
132,1.5675321702011447,1.541698602081359,-0.27525296807289124,0.33613423393646474,489.37503457069397
133,1.5574190283567051,1.541698602081359,-0.27733281254768372,0.33613423393646474,479.25003385543823
134,1.5481133687577613,1.539770108583618,-0.27940642833709717,0.33784097062461838,479.25003385543823
135,1.539136383182462,1.539770108583618,-0.28147402405738831,0.33784097062461838,479.25003385543823
136,1.5312130911696162,1.5379973132558107,-0.28353628516197205,0.33954770575423221,479.25003385543823
137,1.5236050673787285,1.5379973132558107,-0.2855934202671051,0.33954770575423221,479.25003385543823
138,1.5133748777484248,1.5364133581268575,-0.28764364123344421,0.34125443905287844,465.75003290176392
139,1.503482024307248,1.5364133581268575,-0.28968715667724609,0.34125443905287844,465.75003290176392
140,1.4946224581031189,1.5349684291188341,-0.29172465205192566,0.34296117199673537,465.75003290176392
141,1.486082238756016,1.5349684291188341,-0.29375630617141724,0.34296117199673537,465.75003290176392
142,1.4785600983925082,1.5336452596696306,-0.29578280448913574,0.3446679032553418,465.75003290176392
143,1.4713272761561385,1.5336452596696306,-0.29780435562133789,0.3446679032553418,465.75003290176392
144,1.465104303968283,1.5324285594368354,-0.29982161521911621,0.34637463666802765,465.75003290176392
145,1.4591733792940298,1.5324285594368354,-0.30183479189872742,0.34637463666802765,465.75003290176392
146,1.4542430719901345,1.531305121249571,-0.30384457111358643,0.34808137261492461,465.75003290176392
147,1.4495945886457182,1.531305121249571,-0.30585113167762756,0.34808137261492461,465.75003290176392
148,1.4459282300924172,1.5302637762953804,-0.30785515904426575,0.34978810393688625,465.75003290176392
149,1.4425280223068722,1.5302637762953804,-0.3098568320274353,0.34978810393688625,465.75003290176392
150,1.4401246822127376,1.5292956362603352,-0.31185683608055115,0.35149483536021642,465.75003290176392
151,1.437990756789284,1.5292956362603352,-0.31385535001754761,0.35149483536021642,465.75003290176392
152,1.4368522755887272,1.5283937222924695,-0.3158530592918396,0.35320156895663268,465.75003290176392
153,1.4359800585187099,1.5283937222924695,-0.31785017251968384,0.35320156895663268,465.75003290176392
154,1.4359799188421223,1.5275521777898629,-0.31984728574752808,0.35490829852998884,465.75003290176392
155,1.4359799188429354,1.5275521777898629,-0.32184439897537231,0.35490829852998884,465.75003290176392
156,1.4359797715527873,1.526766088509369,-0.32384151220321655,0.35661503211373363,465.75003290176392
157,1.4359797715531506,1.526766088509369,-0.32583862543106079,0.35661503211373363,465.75003290176392
158,1.4359796184492093,1.5260308505572406,-0.32783573865890503,0.35832176306189922,465.75003290176392
159,1.4359796184489197,1.5260308505572406,-0.32983285188674927,0.35832176306189922,465.75003290176392
160,1.4359794606278451,1.5253424405594498,-0.33182996511459351,0.36002849403540704,465.75003290176392
161,1.4359794606229785,1.5253424405594498,-0.33382707834243774,0.36002849403540704,465.75003290176392
162,1.4359792993289673,1.5246971686274651,-0.33582419157028198,0.36173522758747467,465.75003290176392
163,1.4359792993243823,1.5246971686274651,-0.33782130479812622,0.36173522758747467,465.75003290176392
164,1.4359791357630045,1.5240917717306517,-0.33981841802597046,0.36344196094314052,465.75003290176392
165,1.4359791357633476,1.5240917717306517,-0.3418155312538147,0.36344196094314052,465.75003290176392
166,1.426673264494313,1.5235233241252049,-0.34380614757537842,0.36514869410240525,462.37503266334534
167,1.4176593208323267,1.5235233241252049,-0.34579047560691833,0.36514869410240525,455.62503218650818
168,1.4090150588899351,1.522988691195414,-0.34776875376701355,0.36685542528498527,452.2500319480896
169,1.4006517550587823,1.522988691195414,-0.349741131067276,0.36685542528498527,452.2500319480896
170,1.3930881135588464,1.5224861817139939,-0.35170817375183105,0.36856215706944057,452.2500319480896
171,1.3857931644719463,1.5224861817139939,-0.35367006063461304,0.36856215706944057,452.2500319480896
172,1.3766824040247756,1.5220131817180353,-0.35562551021575928,0.37026888921502088,425.25003004074097
173,1.3678519238635658,1.5220131817180353,-0.35757467150688171,0.37026888921502088,425.25003004074097
174,1.3598122150025063,1.521567721706315,-0.35951808094978333,0.37197562219689095,425.25003004074097
175,1.3520396157857879,1.521567721706315,-0.36145594716072083,0.37197562219689095,425.25003004074097
176,1.3450423177523414,1.521147914072176,-0.3633887767791748,0.37368235288529983,425.25003004074097
177,1.3383008653890698,1.521147914072176,-0.36531677842140198,0.37368235288529983,425.25003004074097
178,1.3323214982876666,1.5207520444886404,-0.36724045872688293,0.37538908378911673,425.25003004074097
179,1.3265882277383365,1.5207520444886404,-0.369159996509552,0.37538908378911673,425.25003004074097
180,1.3216057024222452,1.5203786151518806,-0.37107592821121216,0.37709581725248664,425.25003004074097
181,1.3168613235342241,1.5203786151518806,-0.37298840284347534,0.37709581725248664,425.25003004074097
182,1.3128583260286555,1.5200261358344382,-0.37489798665046692,0.37880254403821073,425.25003004074097
183,1.3090866320823642,1.5200261358344382,-0.37680479884147644,0.37880254403821073,425.25003004074097
184,1.3060491062096664,1.5196932560604031,-0.37870940566062927,0.3805092712674214,425.25003004074097
185,1.3032362350152407,1.5196932560604031,-0.38061195611953735,0.3805092712674214,425.25003004074097
186,1.3011490158880399,1.5193788854950083,-0.38251298666000366,0.38221600559242325,425.25003004074097
187,1.2992845966720901,1.5193788854950083,-0.38441264629364014,0.38221600559242325,425.25003004074097
188,1.2981471848067301,1.5190818390939387,-0.38631150126457214,0.38392273624281903,425.25003004074097
189,1.2972303945423107,1.5190818390939387,-0.38820967078208923,0.38392273624281903,425.25003004074097
190,1.2970386428362741,1.5188011802954779,-0.39010769128799438,0.38562946514460927,425.25003004074097
191,1.297038642836049,1.5188011802954779,-0.39200571179389954,0.38562946514460927,425.25003004074097
192,1.2970384735422535,1.5185358275053098,-0.39390373229980469,0.38733619322278068,425.25003004074097
193,1.2970384735420322,1.5185358275053098,-0.39580175280570984,0.38733619322278068,425.25003004074097
194,1.2880965039519019,1.5182849350867293,-0.3976932168006897,0.38904291490206933,408.37502884864807
195,1.2794190548268904,1.5182849350867293,-0.39957830309867859,0.38904291490206933,405.00002861022949
196,1.2710446299794478,1.5180475994134084,-0.40145722031593323,0.39074964069945062,398.25002813339233
197,1.2629257558326648,1.5180475994134084,-0.40333011746406555,0.39074964069945062,398.25002813339233
198,1.2541222680557673,1.5178232584738274,-0.40519648790359497,0.39245637042485948,391.50002765655518
199,1.2455772275592296,1.5178232584738274,-0.40705648064613342,0.39245637042485948,384.75002717971802
200,1.2371988438464689,1.5176111604359399,-0.40891021490097046,0.39416309922528098,371.2500262260437
201,1.2290696968541761,1.5176111604359399,-0.41075783967971802,0.39416309922528098,371.2500262260437
202,1.221670774183119,1.5174106679430432,-0.41259989142417908,0.3958698289000056,371.2500262260437
203,1.2145093604001627,1.5174106679430432,-0.41443654894828796,0.3958698289000056,371.2500262260437
204,1.2080626328712361,1.5172210413666638,-0.41626831889152527,0.39757655645866385,371.2500262260437
205,1.2018431558774136,1.5172210413666638,-0.41809538006782532,0.39757655645866385,371.2500262260437
206,1.1963248857559401,1.5170416838118885,-0.4199182391166687,0.3992832763386624,371.2500262260437
207,1.1910250964186964,1.5170416838118885,-0.42173704504966736,0.3992832763386624,371.2500262260437
208,1.1864150383522414,1.516872132195044,-0.42355233430862427,0.40098999786589845,371.2500262260437
209,1.182015972079276,1.516872132195044,-0.42536425590515137,0.40098999786589845,371.2500262260437
210,1.1782969684534437,1.5167117788411941,-0.42717331647872925,0.40269672685638563,371.2500262260437
211,1.1747830276974514,1.5167117788411941,-0.42897966504096985,0.40269672685638563,371.2500262260437
212,1.1719415368428818,1.5165602295533678,-0.43078383803367615,0.40440345555543877,371.2500262260437
213,1.1692988116479879,1.5165602295533678,-0.43258598446846008,0.40440345555543877,371.2500262260437
214,1.1609570024487224,1.5164170266071135,-0.43438169360160828,0.40611018088399153,357.75002527236938
215,1.1528606067577358,1.5164170266071135,-0.43617111444473267,0.40611018088399153,357.75002527236938
216,1.1449570504666522,1.5162817381505556,-0.43795439600944519,0.40781690932962361,344.25002431869507
217,1.1372822338279329,1.5162817381505556,-0.43973168730735779,0.40781690932962361,344.25002431869507
218,1.1302631513171564,1.516153943492027,-0.44150349497795105,0.40952363507632095,344.25002431869507
219,1.1234554602000348,1.516153943492027,-0.44326993823051453,0.40952363507632095,344.25002431869507
220,1.1173011138719737,1.5160333601620311,-0.4450315535068512,0.41123035898571514,344.25002431869507
221,1.1113559491731013,1.5160333601620311,-0.44678846001625061,0.41123035898571514,344.25002431869507
222,1.1060689659622354,1.5159195294541956,-0.44854119420051575,0.41293708857174238,344.25002431869507
223,1.100982775349048,1.5159195294541956,-0.45028990507125854,0.41293708857174238,344.25002431869507
224,1.0965433117192125,1.5158122405109853,-0.45203506946563721,0.41464381499000558,344.25002431869507
225,1.0922974773304679,1.5158122405109853,-0.45377686619758606,0.41464381499000558,344.25002431869507
226,1.084456061344155,1.5157111500424301,-0.45551237463951111,0.41635054175038738,337.50002384185791
227,1.0768341763104632,1.5157111500424301,-0.45724177360534668,0.41635054175038738,337.50002384185791
228,1.069298687060463,1.5156159166964989,-0.45896512269973755,0.41805726835871626,330.75002336502075
229,1.0619755730508706,1.5156159166964989,-0.46068257093429565,0.41805726835871626,330.75002336502075
230,1.0552983204824475,1.51552630772342,-0.4623945951461792,0.41976399568929551,330.75002336502075
231,1.0488230281675881,1.51552630772342,-0.46410137414932251,0.41976399568929551,330.75002336502075
232,1.0429792472793131,1.5154419306129379,-0.46580338478088379,0.4214707199914926,330.75002336502075
233,1.0373282133860755,1.5154419306129379,-0.46750077605247498,0.4214707199914926,330.75002336502075
234,1.0322924887734248,1.5153625565498365,-0.46919405460357666,0.42317744639708477,330.75002336502075
235,1.0274418794676463,1.5153625565498365,-0.47088333964347839,0.42317744639708477,330.75002336502075
236,1.0231947153081162,1.515288095898724,-0.47256913781166077,0.42488417038250542,330.75002336502075
237,1.0191261255612465,1.515288095898724,-0.47425156831741333,0.42488417038250542,330.75002336502075
238,1.0156580972974207,1.5152182535080836,-0.47593113780021667,0.426590896661387,330.75002336502075
239,1.0123631727803328,1.5152182535080836,-0.47760796546936035,0.426590896661387,330.75002336502075
240,1.0096609505628735,1.5151527451954809,-0.47928255796432495,0.42829761787184645,330.75002336502075
