frame,z,leg,active,pending,retained,integration_ms,unloading_entities
1,7.94944,0,0,0,0,0,0
2,7.78778,0,0,1,0,0.093459,0
3,7.515,0,0,1,0,9.36925,0
4,7.18167,0,0,1,0,0.311683,0
5,6.84833,0,0,1,0,0.758511,0
6,6.515,0,1,0,0,0.249474,0
7,6.18166,0,1,0,14314,0.167061,0
8,5.84833,0,1,0,14314,0.108847,0
9,5.515,0,1,0,14314,0.113574,0
10,5.18166,0,1,0,14314,0.191963,0
11,4.84833,0,1,0,14314,0.138284,0
12,4.51499,0,1,0,14314,0.174336,0
13,4.18166,0,1,0,14314,0.204659,0
14,3.84833,0,1,0,14314,0.182122,0
15,3.51499,0,1,0,14314,0.167896,0
16,3.18166,0,1,0,14314,0.185905,0
17,2.84833,0,1,0,14314,0.179307,0
18,2.515,0,1,0,14314,0.146114,0
19,2.18166,0,1,0,14314,0.16542,0
20,1.84833,0,1,0,14314,0.188519,0
21,1.515,0,1,0,14314,0.164373,0
22,1.18166,0,1,0,14314,0.183089,0
23,0.848328,0,1,0,14314,0.162721,0
24,0.514995,0,1,0,14314,0.174959,0
25,0.181662,0,1,0,14314,0.162224,0
26,-0.151671,0,1,0,14314,0.17635,0
27,-0.485005,0,1,0,14314,0.158145,0
28,-0.818338,0,1,0,14314,0.120768,0
29,-1.15167,0,1,0,14314,0.205107,0
30,-1.48501,0,1,0,14314,0.216332,0
31,-1.81834,0,1,0,14314,0.112316,0
32,-2.15167,0,1,0,14314,0.158475,0
33,-2.485,0,1,0,14314,0.112278,0
34,-2.81834,0,1,0,14314,0.176948,0
35,-3.15167,0,1,0,14314,0.158112,0
36,-3.485,0,1,0,14314,0.159035,0
37,-3.81834,0,1,0,14314,0.185561,0
38,-4.15167,0,1,0,14314,0.112848,0
39,-4.485,0,1,0,14314,0.166012,0
40,-4.81834,0,1,0,14314,0.177549,0
41,-5.15167,0,1,0,14314,0.119149,0
42,-5.48501,0,1,0,14314,0.175918,0
43,-5.81834,0,1,1,14314,0.362758,0
44,-6.15167,0,1,1,14314,0.260578,0
45,-6.48501,0,1,1,14314,0.183775,0
46,-6.81834,0,1,1,14314,1.03909,0
47,-7.15168,0,2,0,14314,0.375244,0
48,-7.48501,0,2,0,14314,0.207485,0
49,-7.81834,0,2,0,14314,0.256163,0
50,-8.15168,0,2,0,14314,0.23531,0
51,-8.48501,0,2,0,14314,0.225057,0
52,-8.81834,0,2,0,14314,0.150898,0
53,-9.15167,0,2,0,14314,0.198688,0
54,-9.48501,0,2,0,14314,0.251657,0
55,-9.81834,0,2,0,14314,0.225428,0
56,-10.1517,0,2,0,14314,0.209762,0
57,-10.485,0,2,0,14314,0.250133,0
58,-10.8183,0,2,0,14314,0.240536,0
59,-11.1517,0,2,0,14314,0.241297,0
60,-11.485,0,2,0,14314,0.233952,0
61,-11.8183,0,2,0,14314,0.196709,0
62,-12.1517,0,2,0,14314,0.260731,0
63,-12.485,0,2,0,14314,0.205482,0
64,-12.8183,0,2,0,14314,0.245429,0
65,-13.1517,0,2,0,14314,0.486981,0
66,-13.485,0,2,0,14314,0.233999,0
67,-13.8183,0,2,0,14314,0.267697,0
68,-14.1517,0,2,0,14314,0.168647,0
69,-14.485,0,2,0,14314,0.204293,0
70,-14.8183,0,2,1,14314,0.36432,0
71,-15.1517,0,2,1,14314,5.55116,0
72,-15.485,0,2,1,14314,0.404353,0
73,-15.8183,0,3,0,14314,1.04668,0
74,-16.1516,0,3,0,14314,0.276858,0
75,-16.485,0,3,0,14314,0.200881,0
76,-16.8183,0,3,0,14314,0.217295,0
77,-17.1517,0,3,0,14314,0.288191,0
78,-17.485,0,3,0,14314,0.404494,0
79,-17.8183,0,3,0,14314,0.379039,0
80,-18.1517,0,3,0,14314,0.357262,0
81,-18.485,0,3,0,14314,0.392798,0
82,-18.8183,0,3,0,14314,0.291252,0
83,-19.1517,0,3,0,14314,0.398372,0
84,-19.485,0,3,0,14314,0.437907,0
85,-19.8183,0,3,0,14314,0.295721,0
86,-20.1517,0,3,0,14314,0.298885,0
87,-20.485,0,3,0,14314,0.385344,0
88,-20.8183,0,3,0,14314,0.381137,0
89,-21.1517,0,3,0,14314,0.296888,0
90,-21.485,0,3,0,14314,0.390219,0
91,-21.8184,0,3,0,14314,0.28212,0
92,-22.1517,0,3,0,14314,0.415399,0
93,-22.485,0,3,0,14314,0.321935,0
94,-22.8184,0,3,0,14314,0.378889,0
95,-23.1517,0,3,0,14314,0.369309,0
96,-23.485,0,3,0,14314,0.418057,0
97,-23.8184,0,3,0,14314,0.540556,0
98,-24.1517,0,3,0,14314,0.380143,0
99,-24.485,0,3,0,14314,0.216439,0
100,-24.8184,0,3,0,14314,0.370245,0
101,-25.1517,0,3,0,14314,0.394983,0
102,-25.4851,0,3,0,14314,0.238621,0
103,-25.8184,0,3,0,14314,0.371157,0
104,-26.1517,0,3,0,14314,0.792451,0
105,-26.4851,0,3,0,14314,0.29538,0
106,-26.8184,0,3,0,14314,0.394156,0
107,-27.1517,0,3,0,14314,0.377177,0
108,-27.4851,0,3,0,14314,0.257919,0
109,-27.8184,0,3,0,14314,0.304384,0
110,-28.1517,0,3,0,14314,0.299514,0
111,-28.4851,0,3,0,14314,0.295356,0
112,-28.8184,0,3,0,14314,1.89066,0
113,-29.1517,0,3,0,14314,0.460688,0
114,-29.4851,0,3,0,14314,0.390297,0
115,-29.8184,0,3,0,14314,0.3939,0
116,-30.1518,0,3,0,14314,0.41153,0
117,-30.4851,0,3,0,14314,0.301582,0
118,-30.8184,0,3,0,14314,0.30335,0
119,-31.1518,0,3,0,14314,0.303028,0
120,-31.4851,0,3,0,14314,0.308984,0
121,-31.8184,0,3,0,14314,0.304109,0
122,-32.1518,0,3,0,14314,0.303819,0
123,-32.4851,0,3,0,14314,0.311551,0
124,-32.8184,0,3,0,14314,0.24196,0
125,-33.1518,0,3,0,14314,0.33181,0
126,-33.4851,0,3,0,14314,0.408386,0
127,-33.8184,0,3,0,14314,0.401506,0
128,-34.1517,0,3,0,14314,0.420082,0
129,-34.4851,0,3,0,14314,0.494807,0
130,-34.8184,0,3,0,14314,0.413182,0
131,-35.1517,0,3,0,14314,0.404976,0
132,-35.4851,0,3,0,14314,0.411303,0
133,-35.8184,0,3,0,14314,0.416506,0
134,-36.1517,0,3,0,14314,0.301219,0
135,-36.485,0,3,0,14314,0.337231,0
136,-36.8184,0,3,0,14314,0.418867,0
137,-37.1517,0,3,0,14314,0.408731,0
138,-37.485,0,3,0,14314,0.415153,0
139,-37.8183,0,3,0,14314,0.405081,0
140,-38.1517,0,3,0,14314,0.370364,0
141,-38.485,0,3,0,14314,0.373744,0
142,-38.8183,0,3,1,14314,0.551195,0
143,-39.1517,0,3,1,14314,6.07658,0
144,-39.485,0,3,1,14314,0.45465,0
145,-39.8183,0,4,0,14314,0.96365,0
146,-40.1516,0,4,0,14314,0.415457,0
147,-40.485,0,4,0,14314,0.312271,0
148,-40.8183,0,4,0,14314,0.410131,0
149,-41.1516,0,4,0,14314,0.326251,0
150,-41.485,0,4,0,14314,0.559533,0
151,-41.8183,0,4,0,14314,0.310329,0
152,-42.1516,0,4,0,14314,0.396283,0
153,-42.4849,0,4,0,14314,0.398612,0
154,-42.8183,0,4,0,14314,0.401441,0
155,-43.1516,0,4,0,14314,0.532433,0
156,-43.4849,0,4,0,14314,0.541204,0
157,-43.8183,0,4,0,14314,0.400051,0
158,-44.1516,0,4,0,14314,0.452525,0
159,-44.4849,0,4,0,14314,0.406876,0
160,-44.8182,0,4,0,14314,0.409429,0
161,-45.1516,0,4,0,14314,0.545063,0
162,-45.4849,0,4,0,14314,0.611177,0
163,-45.8182,0,4,0,14314,0.570067,0
164,-46.1516,0,4,0,14314,0.393963,0
165,-46.4849,0,4,0,14314,0.408091,0
166,-46.8182,0,4,0,14314,0.376541,0
167,-47.1515,0,4,0,14314,0.618525,0
168,-47.4849,0,4,0,14314,0.635022,0
169,-47.8182,0,4,0,14314,0.38542,0
170,-48.1515,0,4,0,14314,0.390306,0
171,-48.4849,0,4,0,14314,0.360809,0
172,-48.8182,0,4,0,14314,0.38569,0
173,-49.1515,0,4,0,14314,0.358342,0
174,-49.4848,0,4,0,14314,0.524276,0
175,-49.8182,0,4,0,14314,0.414635,0
176,-50.1515,0,4,0,14314,0.533126,0
177,-50.4848,0,4,0,14314,0.55163,0
178,-50.8181,0,4,0,14314,0.414705,0
179,-51.1515,0,4,0,14314,0.546417,0
180,-51.4848,0,4,0,14314,0.545801,0
181,-51.8181,0,4,0,14314,0.682443,0
182,-52.1515,0,4,0,14314,0.376969,0
183,-52.4848,0,4,0,14314,0.539294,0
184,-52.8181,0,4,0,14314,0.533841,0
185,-53.1514,0,4,0,14314,0.558104,0
186,-53.4848,0,4,0,14314,0.548666,0
187,-53.8181,0,4,0,14314,0.415664,0
188,-54.1514,0,4,0,14314,0.403422,0
189,-54.4848,0,4,0,14314,0.462743,0
190,-54.8181,0,4,0,14314,0.548476,0
191,-55.1514,0,4,0,14314,0.634308,0
192,-55.4847,0,4,0,14314,0.427625,0
193,-55.8181,0,4,0,14314,0.335124,0
194,-56.1514,0,4,0,14314,0.439108,0
195,-56.4847,0,4,0,14314,0.435802,0
196,-56.8181,0,4,0,14314,0.390689,0
197,-57.1514,0,4,0,14314,0.440385,0
198,-57.4847,0,4,0,14314,0.420045,0
199,-57.818,0,4,0,14314,0.397921,0
200,-58.1514,0,4,0,14314,0.523327,0
201,-58.4847,0,4,0,14314,0.538463,0
202,-58.818,0,4,0,14314,0.615355,0
203,-59.1514,0,4,0,14314,0.455483,0
204,-59.4847,0,4,0,14314,0.455545,0
205,-59.818,0,4,0,14314,0.615285,0
206,-60.1513,0,4,0,14314,0.3819,0
207,-60.4847,0,4,0,14314,0.751957,0
208,-60.818,0,4,0,14314,0.675853,0
209,-61.1513,0,4,0,14314,0.699572,0
210,-61.4847,0,4,0,14314,0.62434,0
211,-61.818,0,4,0,14314,0.535967,0
212,-62.1513,0,4,0,14314,0.466722,0
213,-62.4846,0,4,0,14314,0.740475,0
214,-62.818,0,4,1,14314,0.762007,0
215,-63.1513,0,4,1,14314,6.42786,0
216,-63.4846,0,4,1,14314,0.56711,0
217,-63.818,0,5,0,14314,2.34499,0
218,-64.1513,0,5,0,14314,1.05086,0
219,-64.4846,0,5,0,14314,0.917859,0
220,-64.818,0,5,0,14314,0.998267,0
221,-65.1513,0,5,0,14314,0.719388,0
222,-65.4847,0,5,0,14314,1.13857,0
223,-65.818,0,5,0,14314,1.37549,0
224,-66.1513,0,5,0,14314,0.719539,0
225,-66.4847,0,5,0,14314,0.699966,0
226,-66.818,0,5,0,14314,0.772041,0
227,-67.1514,0,5,0,14314,0.544901,0
228,-67.4847,0,5,0,14314,1.00589,0
229,-67.8181,0,5,0,14314,1.007,0
230,-68.1514,0,5,0,14314,3.46876,0
231,-68.4847,0,5,0,14314,0.546204,0
232,-68.8181,0,5,0,14314,0.680373,0
233,-69.1514,0,5,0,14314,0.737052,0
234,-69.4848,0,5,0,14314,0.720089,0
235,-69.8181,0,5,0,14314,0.71155,0
236,-70.1515,0,5,0,14314,0.565243,0
237,-70.4848,0,5,0,14314,0.737722,0
238,-70.8182,0,5,0,14314,0.734047,0
239,-71.1515,0,5,0,14314,0.696244,0
240,-71.4848,0,5,0,14314,0.684937,0
241,-71.8182,0,5,0,14314,0.694962,0
242,-72.1515,0,5,0,14314,1.19755,0
243,-72.4849,0,5,0,14314,0.943256,0
244,-72.8182,0,5,0,14314,1.63258,0
245,-73.1516,0,5,0,14314,0.728171,0
246,-73.4849,0,5,0,14314,0.699921,0
247,-73.8182,0,5,0,14314,0.807926,0
248,-74.1516,0,5,0,14314,1.03366,0
249,-74.4849,0,5,0,14314,1.45291,0
250,-74.8183,0,5,0,14314,1.10949,0
251,-75.1516,0,5,0,14314,0.889537,0
252,-75.485,0,5,0,14314,0.898197,0
253,-75.8183,0,5,0,14314,0.694501,0
254,-76.1516,0,5,0,14314,0.558077,0
255,-76.485,0,5,0,14314,0.687007,0
256,-76.8183,0,5,0,14314,0.723367,0
257,-77.1517,0,5,0,14314,0.780245,0
258,-77.485,0,5,0,14314,1.0293,0
259,-77.8184,0,5,0,14314,1.07488,0
260,-78.1517,0,5,0,14314,1.11916,0
261,-78.4851,0,5,0,14314,0.660746,0
262,-78.8184,0,5,0,14314,0.822746,0
263,-79.1517,0,5,0,14314,0.828797,0
264,-79.4851,0,5,0,14314,0.983379,0
265,-79.8184,0,5,0,14314,0.986127,0
266,-80.1518,0,5,0,14314,0.726445,0
267,-80.4851,0,5,0,14314,0.694541,0
268,-80.8185,0,5,0,14314,0.560615,0
269,-81.1518,0,5,0,14314,0.684714,0
270,-81.4851,0,5,0,14314,0.695735,0
271,-81.8185,0,5,0,14314,1.02049,0
272,-82.1518,0,5,0,14314,0.688927,0
273,-82.4852,0,5,0,14314,0.704026,0
274,-82.8185,0,5,0,14314,1.00538,0
275,-83.1519,0,5,0,14314,0.542207,0
276,-83.4852,0,5,0,14314,1.05203,0
277,-83.8186,0,5,0,14314,0.993127,0
278,-84.1519,0,5,0,14314,0.698131,0
279,-84.4852,0,5,0,14314,0.696713,0
280,-84.8186,0,5,0,14314,0.698415,0
281,-85.1519,0,5,0,14314,0.691509,0
282,-85.4853,0,5,0,14314,0.654834,0
283,-85.8186,0,5,0,14314,0.976402,0
284,-86.152,0,5,0,14314,0.727918,0
285,-86.4853,0,5,0,14314,0.732721,0
286,-86.8186,0,5,1,14314,0.822365,0
287,-87.152,0,5,1,14314,5.20739,0
288,-87.4853,0,5,1,14314,1.19533,0
289,-87.8187,0,6,0,14314,2.84522,0
290,-88.152,0,6,0,14314,1.31272,0
291,-88.4854,0,6,0,14314,1.22207,0
292,-88.8187,0,6,0,14314,0.770922,0
293,-89.152,0,6,0,14314,1.34331,0
294,-89.4854,0,6,0,14314,1.01633,0
295,-89.8187,0,6,0,14314,0.915552,0
296,-90.1521,0,6,0,14314,0.887729,0
297,-90.4854,0,6,0,14314,1.12753,0
298,-90.8188,0,6,0,14314,1.33724,0
299,-91.1521,0,6,0,14314,1.23844,0
300,-91.4855,0,6,0,14314,0.915108,0
301,-91.8188,0,6,0,14314,0.885785,0
302,-92.1521,0,6,0,14314,1.42037,0
303,-92.4855,0,6,0,14314,1.29387,0
304,-92.8188,0,6,0,14314,1.33838,0
305,-93.1522,0,6,0,14314,1.27374,0
306,-93.4855,0,6,0,14314,1.36039,0
307,-93.8189,0,6,0,14314,1.47752,0
308,-94.1522,0,6,0,14314,1.42833,0
309,-94.4855,0,6,0,14314,1.40939,0
310,-94.8189,0,6,0,14314,1.46198,0
311,-95.1522,0,6,0,14314,1.38864,0
312,-95.4856,0,6,0,14314,0.979288,0
313,-95.8189,0,6,0,14314,1.04751,0
314,-96.1523,0,6,0,14314,1.37744,0
315,-96.4856,0,6,0,14314,1.38796,0
316,-96.8189,0,6,0,14314,1.39112,0
317,-97.1523,0,6,0,14314,0.940604,0
318,-97.4856,0,6,0,14314,1.07633,0
319,-97.819,0,6,0,14314,0.74995,0
320,-98.1523,0,6,0,14314,1.38027,0
321,-98.4857,0,6,0,14314,1.29214,0
322,-98.819,0,6,0,14314,1.00228,0
323,-99.1524,0,6,0,14314,0.996863,0
324,-99.4857,0,6,0,14314,1.00254,0
325,-99.819,0,6,0,14314,1.01129,0
326,-100.152,0,6,0,14314,1.00462,0
327,-100.486,0,6,0,14314,1.5726,0
328,-100.819,0,6,0,14314,1.00609,0
329,-101.152,0,6,0,14314,1.43963,0
330,-101.486,0,6,0,14314,1.37727,0
331,-101.819,0,6,0,14314,1.38776,0
332,-102.152,0,6,0,14314,1.04082,0
333,-102.486,0,6,0,14314,1.04693,0
334,-102.819,0,6,0,14314,1.0469,0
335,-103.152,0,6,0,14314,1.03843,0
336,-103.486,0,6,0,14314,1.04607,0
337,-103.819,0,6,0,14314,1.06484,0
338,-104.153,0,6,0,14314,1.3598,0
339,-104.486,0,6,0,14314,1.0935,0
340,-104.819,0,6,0,14314,0.899478,0
341,-105.153,0,6,0,14314,1.04735,0
342,-105.486,0,6,0,14314,1.07234,0
343,-105.819,0,6,0,14314,1.00386,0
344,-106.153,0,6,0,14314,0.740865,0
345,-106.486,0,6,0,14314,4.06016,0
346,-106.819,0,6,0,14314,1.05239,0
347,-107.153,0,6,0,14314,0.936632,0
348,-107.486,0,6,0,14314,0.999498,0
349,-107.819,0,6,0,14314,1.74235,0
350,-108.153,0,6,0,14314,1.0271,0
351,-108.486,0,6,0,14314,1.53757,0
352,-108.819,0,6,0,14314,1.51713,0
353,-109.153,0,6,0,14314,1.06281,0
354,-109.486,0,6,0,113023,7.3047,0
355,-109.819,0,5,0,113023,3.33762,0
356,-110.153,0,5,0,113023,1.97554,0
357,-110.486,0,5,0,113023,2.34204,0
358,-110.819,0,5,1,113023,2.48806,0
359,-111.153,0,5,1,113023,10.1378,0
360,-111.486,0,5,1,113023,2.16771,0
361,-111.819,0,6,0,113023,3.38384,0
362,-112.153,0,6,0,113023,2.7486,0
363,-112.486,0,6,0,113023,2.73246,0
364,-112.819,0,6,0,113023,4.36267,0
365,-113.153,0,6,0,113023,2.6637,0
366,-113.486,0,6,0,113023,1.9508,0
367,-113.819,0,6,0,113023,2.28965,0
368,-114.153,0,6,0,113023,2.64612,0
369,-114.486,0,6,0,113023,1.69516,0
370,-114.819,0,6,0,113023,1.45099,0
371,-115.153,0,6,0,113023,2.54293,0
372,-115.486,0,6,0,113023,2.42644,0
373,-115.82,0,6,0,113023,2.46347,0
374,-116.153,0,6,0,113023,2.50104,0
375,-116.486,0,6,0,113023,2.69805,0
376,-116.82,0,6,0,113023,2.08199,0
377,-117.153,0,6,0,113023,2.04558,0
378,-117.486,0,6,0,113023,2.53371,0
379,-117.82,0,6,0,113023,2.66363,0
380,-118.153,0,6,0,113023,2.52514,0
381,-118.486,0,6,0,113023,2.23246,0
382,-118.82,0,6,0,113023,2.95178,0
383,-119.153,0,6,0,113023,2.14858,0
384,-119.486,0,6,0,113023,2.46206,0
385,-119.82,0,6,0,113023,2.51241,0
386,-120.153,0,6,0,113023,2.21264,0
387,-120.486,0,6,0,113023,2.39446,0
388,-120.82,0,6,0,113023,3.69065,0
389,-121.153,0,6,0,113023,2.8618,0
390,-121.486,0,6,0,113023,3.18126,0
391,-121.82,0,6,0,113023,2.3544,0
392,-122.153,0,6,0,113023,1.85257,0
393,-122.486,0,6,0,113023,2.62087,0
394,-122.82,0,6,0,113023,1.63588,0
395,-123.153,0,6,0,113023,2.69277,0
396,-123.486,0,6,0,113023,2.15888,0
397,-123.82,0,6,0,113023,2.23085,0
398,-124.153,0,6,0,113023,2.58938,0
399,-124.486,0,6,0,113023,2.07318,0
400,-124.82,0,6,0,113023,2.23969,0
401,-125.153,0,6,0,113023,1.93175,0
402,-125.486,0,6,0,113023,2.20066,0
403,-125.82,0,6,0,113023,2.18111,0
404,-126.153,0,6,0,113023,2.1926,0
405,-126.487,0,6,0,113023,2.75895,0
406,-126.82,0,6,0,113023,2.66606,0
407,-127.153,0,6,0,113023,2.65553,0
408,-127.487,0,6,0,113023,2.43259,0
409,-127.82,0,6,0,113023,2.25413,0
410,-128.153,0,6,0,113023,2.19236,0
411,-128.487,0,6,0,113023,2.25329,0
412,-128.82,0,6,0,113023,2.21423,0
413,-129.153,0,6,0,113023,2.63857,0
414,-129.486,0,6,0,113023,2.63679,0
415,-129.82,0,6,0,113023,2.24594,0
416,-130.153,0,6,0,113023,2.17795,0
417,-130.486,0,6,0,113023,2.10482,0
418,-130.82,0,6,0,113023,2.55774,0
419,-131.153,0,6,0,113023,2.13082,0
420,-131.486,0,6,0,113023,2.69618,0
421,-131.82,0,6,0,113023,2.42629,0
422,-132.153,0,6,0,113023,3.36817,0
423,-132.486,0,6,0,113023,2.72804,0
424,-132.82,0,6,0,113023,2.23709,0
425,-133.153,0,6,0,113023,2.01296,0
426,-133.486,0,6,0,113023,2.83644,0
427,-133.82,0,6,0,113023,1.99299,0
428,-134.153,0,6,0,113023,2.26787,0
429,-134.486,0,6,0,113023,2.25388,0
430,-134.819,0,6,0,113023,2.613,0
431,-135.153,0,6,0,113023,2.53227,0
432,-135.486,0,6,0,113023,2.51983,0
433,-135.819,0,6,0,113023,3.05445,0
434,-136.153,0,6,0,113023,4.44726,0
435,-136.486,0,6,0,113023,2.62201,0
436,-136.819,0,6,0,113023,2.26221,0
437,-137.153,0,6,0,113023,2.70864,0
438,-137.486,0,6,0,113023,2.85382,0
439,-137.819,0,6,0,113023,2.3842,0
440,-138.153,0,6,0,113023,2.22822,0
441,-138.486,0,6,0,113023,2.11713,0
442,-138.819,0,6,0,113023,2.77153,0
443,-139.153,0,6,0,113023,2.83309,0
444,-139.486,0,6,0,113023,2.1957,0
445,-139.819,0,6,0,113023,2.6199,0
446,-140.152,0,6,0,113023,2.27008,0
447,-140.486,0,6,0,113023,2.7476,0
448,-140.819,0,6,0,113023,2.64813,0
449,-141.152,0,6,0,113023,1.61993,0
450,-141.486,0,6,0,113023,2.70768,0
451,-141.819,0,6,0,113023,1.91593,0
452,-142.152,0,6,0,113023,2.75298,0
453,-142.486,0,6,0,113023,2.80164,0
454,-142.819,0,6,0,113023,2.97171,0
455,-143.152,0,6,0,113023,2.52207,0
456,-143.486,0,6,0,113023,2.80487,0
457,-143.819,0,6,0,113023,2.11049,0
458,-144.152,0,6,0,113023,2.72253,0
459,-144.486,0,6,0,113023,2.86526,0
460,-144.819,0,6,0,113023,2.36695,0
461,-145.152,0,6,0,113023,2.23974,0
462,-145.486,0,6,0,113023,2.36766,0
463,-145.819,0,6,0,113023,2.8925,0
464,-146.152,0,6,0,113023,2.33344,0
465,-146.416,1,6,0,113023,2.54185,0
466,-146.569,1,6,0,113023,2.34732,0
467,-146.61,1,6,0,113023,2.31731,0
468,-146.541,1,6,0,113023,2.24483,0
469,-146.36,1,6,0,113023,2.30857,0
470,-146.069,1,6,0,113023,3.49283,0
471,-145.735,1,6,0,113023,2.72817,0
472,-145.402,1,6,0,113023,2.97406,0
473,-145.069,1,6,0,113023,2.92144,0
474,-144.736,1,6,0,113023,2.43055,0
475,-144.402,1,6,0,113023,2.8704,0
476,-144.069,1,6,0,113023,2.43285,0
477,-143.736,1,6,0,113023,2.87431,0
478,-143.402,1,6,0,113023,2.81667,0
479,-143.069,1,6,0,113023,2.34708,0
480,-142.736,1,6,0,113023,2.32869,0
481,-142.402,1,6,0,113023,1.93191,0
482,-142.069,1,6,0,113023,2.31858,0
483,-141.736,1,6,0,113023,3.52037,0
484,-141.402,1,6,0,113023,2.31948,0
485,-141.069,1,6,0,113023,2.3163,0
486,-140.736,1,6,0,113023,1.79332,0
487,-140.402,1,6,0,113023,2.33136,0
488,-140.069,1,6,0,113023,2.30127,0
489,-139.736,1,6,0,113023,2.31209,0
490,-139.403,1,6,0,113023,2.30238,0
491,-139.069,1,6,0,113023,2.8024,0
492,-138.736,1,6,0,211592,3.44596,0
493,-138.403,1,6,0,211592,2.93381,0
494,-138.069,1,5,0,211592,3.66811,0
495,-137.736,1,5,0,211592,3.75263,0
496,-137.403,1,5,0,211592,3.45041,0
497,-137.069,1,5,0,211592,2.97369,0
498,-136.736,1,5,0,211592,3.01443,0
499,-136.403,1,5,0,211592,3.00138,0
500,-136.069,1,5,0,211592,3.09845,0
501,-135.736,1,5,0,211592,2.74917,0
502,-135.403,1,5,0,211592,3.05244,0
503,-135.069,1,5,0,211592,3.57262,0
504,-134.736,1,5,0,211592,3.57488,0
505,-134.403,1,5,0,211592,3.32068,0
506,-134.07,1,5,0,211592,3.42875,0
507,-133.736,1,5,0,211592,3.47753,0
508,-133.403,1,5,0,211592,3.78711,0
509,-133.07,1,5,0,211592,3.09045,0
510,-132.736,1,5,0,211592,3.10419,0
511,-132.403,1,5,0,211592,3.05602,0
512,-132.07,1,5,0,211592,2.96815,0
513,-131.736,1,5,0,211592,3.03554,0
514,-131.403,1,5,0,211592,2.7989,0
515,-131.07,1,5,0,211592,3.00399,0
516,-130.736,1,5,0,211592,3.38229,0
517,-130.403,1,5,0,211592,2.47325,0
518,-130.07,1,5,0,211592,2.9765,0
519,-129.736,1,5,0,211592,3.4962,0
520,-129.403,1,5,0,211592,2.98469,0
521,-129.07,1,5,0,211592,2.69265,0
522,-128.737,1,5,0,211592,3.34142,0
523,-128.403,1,5,0,211592,3.19341,0
524,-128.07,1,5,0,211592,3.06011,0
525,-127.737,1,5,0,211592,3.87376,0
526,-127.403,1,5,0,211592,3.25922,0
527,-127.07,1,5,0,211592,2.87912,0
528,-126.737,1,5,0,211592,3.00018,0
529,-126.403,1,5,0,211592,3.10211,0
530,-126.07,1,5,0,211592,2.82857,0
531,-125.736,1,5,0,211592,2.43592,0
532,-125.403,1,5,0,211592,3.58943,0
533,-125.07,1,5,0,211592,3.14775,0
534,-124.736,1,5,0,211592,2.02271,0
535,-124.403,1,5,0,211592,3.70286,0
536,-124.07,1,5,0,211592,2.64813,0
537,-123.736,1,5,0,211592,2.96848,0
538,-123.403,1,5,0,211592,3.19205,0
539,-123.07,1,5,0,211592,1.82263,0
540,-122.736,1,5,0,211592,2.87295,0
541,-122.403,1,5,0,211592,3.24377,0
542,-122.07,1,5,0,211592,3.29987,0
543,-121.736,1,5,0,211592,3.21407,0
544,-121.403,1,5,0,211592,3.26986,0
545,-121.07,1,5,0,211592,3.82808,0
546,-120.736,1,5,0,211592,3.1949,0
547,-120.403,1,5,0,211592,3.02578,0
548,-120.07,1,5,0,211592,4.22644,0
549,-119.736,1,5,0,211592,3.367,0
550,-119.403,1,5,0,211592,2.71164,0
551,-119.07,1,5,0,211592,2.79458,0
552,-118.736,1,5,0,211592,2.97001,0
553,-118.403,1,5,0,211592,2.87075,0
554,-118.07,1,5,0,211592,3.82978,0
555,-117.736,1,5,0,211592,7.70659,0
556,-117.403,1,5,0,211592,3.22948,0
557,-117.07,1,5,0,211592,2.97203,0
558,-116.736,1,5,0,211592,3.39155,0
559,-116.403,1,5,0,211592,3.30745,0
560,-116.07,1,5,0,211592,2.98236,0
561,-115.736,1,5,0,211592,7.16902,0
562,-115.403,1,5,0,211592,3.54698,0
563,-115.07,1,5,0,211592,2.67673,0
564,-114.736,1,5,0,211592,3.66491,0
565,-114.403,1,5,0,211592,3.50799,0
566,-114.069,1,5,0,211592,3.34367,0
567,-113.736,1,5,0,211592,6.16916,0
568,-113.403,1,5,0,211592,2.90515,0
569,-113.069,1,5,0,211592,3.57777,0
570,-112.736,1,5,0,211592,3.52137,0
571,-112.403,1,5,0,211592,2.9932,0
572,-112.069,1,5,0,211592,2.69776,0
573,-111.736,1,5,0,211592,3.19706,0
574,-111.403,1,5,0,211592,3.02384,0
575,-111.069,1,5,0,211592,2.68244,0
576,-110.736,1,5,0,211592,3.77484,0
577,-110.403,1,5,0,211592,3.21872,0
578,-110.069,1,5,0,211592,3.25485,0
579,-109.736,1,5,0,211592,3.03415,0
580,-109.403,1,5,0,211592,2.81701,0
581,-109.069,1,5,0,211592,2.97613,0
582,-108.736,1,5,0,211592,3.25402,0
583,-108.403,1,5,0,211592,3.28681,0
584,-108.069,1,5,0,211592,3.19671,0
585,-107.736,1,5,0,211592,3.1982,0
586,-107.403,1,5,0,211592,3.20715,0
587,-107.069,1,5,0,211592,3.20754,0
588,-106.736,1,5,0,211592,3.29769,0
589,-106.403,1,5,0,211592,2.94311,0
590,-106.069,1,5,0,211592,2.84519,0
591,-105.736,1,5,0,211592,3.40416,0
592,-105.403,1,5,0,211592,3.2284,0
593,-105.069,1,5,1,211592,2.97521,0
594,-104.736,1,5,1,211592,3.576,0
595,-104.403,1,5,1,211592,8.52004,0
596,-104.069,1,5,1,211592,3.30534,0
597,-103.736,1,6,0,211592,3.84388,0
598,-103.402,1,6,0,211592,3.45011,0
599,-103.069,1,6,0,211592,3.01418,0
600,-102.736,1,6,0,211592,3.08527,0
601,-102.402,1,6,0,211592,2.84528,0
602,-102.069,1,6,0,211592,3.36092,0
603,-101.736,1,6,0,211592,2.91894,0
604,-101.402,1,6,0,211592,3.44657,0
605,-101.069,1,6,0,211592,3.19898,0
606,-100.736,1,6,0,211592,3.54304,0
607,-100.402,1,6,0,211592,3.48179,0
608,-100.069,1,6,0,211592,2.77351,0
609,-99.7357,1,6,0,211592,3.24016,0
610,-99.4024,1,6,0,211592,3.83342,0
611,-99.069,1,6,0,211592,3.17524,0
612,-98.7357,1,6,0,211592,3.03635,0
613,-98.4023,1,6,0,211592,3.05857,0
614,-98.069,1,6,0,211592,3.0326,0
615,-97.7356,1,6,0,211592,3.08893,0
616,-97.4023,1,6,0,211592,3.48946,0
617,-97.069,1,6,0,310174,11.105,0
618,-96.7356,1,6,0,310174,8.49999,0
619,-96.4023,1,6,0,310174,3.96681,0
620,-96.0689,1,5,0,310174,8.01333,0
621,-95.7356,1,5,0,310174,3.92135,0
622,-95.4022,1,5,0,310174,3.5628,0
623,-95.0689,1,5,0,310174,4.22668,0
624,-94.7355,1,5,0,310174,4.45884,0
625,-94.4022,1,5,0,310174,4.34824,0
626,-94.0689,1,5,0,310174,4.194,0
627,-93.7355,1,5,0,310174,3.8993,0
628,-93.4022,1,5,0,310174,3.83081,0
629,-93.0688,1,5,0,310174,3.92562,0
630,-92.7355,1,5,0,310174,4.50594,0
631,-92.4021,1,5,0,310174,4.14568,0
632,-92.0688,1,5,0,310174,3.98457,0
633,-91.7355,1,5,0,310174,4.11855,0
634,-91.4021,1,5,0,310174,4.02874,0
635,-91.0688,1,5,0,310174,5.1075,0
636,-90.7354,1,5,0,310174,4.19673,0
637,-90.4021,1,5,0,310174,3.98937,0
638,-90.0687,1,5,0,310174,3.88266,0
639,-89.7354,1,5,0,310174,5.11814,0
640,-89.4021,1,5,0,310174,4.4281,0
641,-89.0687,1,5,0,310174,3.20108,0
642,-88.7354,1,5,0,310174,6.67847,0
643,-88.402,1,5,0,310174,4.25077,0
644,-88.0687,1,5,0,310174,4.08524,0
645,-87.7353,1,5,0,310174,3.92749,0
646,-87.402,1,5,0,310174,4.07961,0
647,-87.0686,1,5,0,310174,4.35192,0
648,-86.7353,1,5,0,310174,4.51071,0
649,-86.402,1,5,0,310174,4.39321,0
650,-86.0686,1,5,0,310174,3.7847,0
651,-85.7353,1,5,0,310174,3.6595,0
652,-85.4019,1,5,0,310174,3.59877,0
653,-85.0686,1,5,0,310174,3.64783,0
654,-84.7352,1,5,0,310174,3.89486,0
655,-84.4019,1,5,0,310174,4.05535,0
656,-84.0686,1,5,0,310174,4.44421,0
657,-83.7352,1,5,0,310174,4.02026,0
658,-83.4019,1,5,0,310174,5.2279,0
659,-83.0685,1,5,0,310174,3.95196,0
660,-82.7352,1,5,0,310174,4.59898,0
661,-82.4018,1,5,0,310174,3.49465,0
662,-82.0685,1,5,0,310174,3.95919,0
663,-81.7352,1,5,0,310174,4.27183,0
664,-81.4018,1,5,0,310174,3.99404,0
665,-81.0685,1,5,1,310174,3.82893,0
666,-80.7351,1,5,1,310174,5.02777,0
667,-80.4018,1,5,1,310174,9.54067,0
668,-80.0684,1,5,1,310174,3.89074,0
669,-79.7351,1,5,1,310174,4.46492,0
670,-79.4017,1,6,0,310174,7.71384,0
671,-79.0684,1,6,0,310174,3.33799,0
672,-78.7351,1,6,0,310174,4.34091,0
673,-78.4017,1,6,0,310174,4.17339,0
674,-78.0684,1,6,0,310174,4.16302,0
675,-77.735,1,6,0,310174,4.51925,0
676,-77.4017,1,6,0,310174,4.49553,0
677,-77.0683,1,6,0,310174,4.3555,0
678,-76.735,1,6,0,310174,4.13647,0
679,-76.4017,1,6,0,310174,4.56741,0
680,-76.0683,1,6,0,310174,5.25902,0
681,-75.735,1,6,0,310174,3.53144,0
682,-75.4016,1,6,0,310174,5.11418,0
683,-75.0683,1,6,0,310174,4.06156,0
684,-74.7349,1,6,0,310174,5.27526,0
685,-74.4016,1,6,0,310174,4.98383,0
686,-74.0683,1,6,0,310174,5.37453,0
687,-73.7349,1,6,0,310174,6.17877,0
688,-73.4016,1,6,0,310174,4.10246,0
689,-73.0682,1,6,0,408756,6.5742,0
690,-72.7349,1,6,0,408756,3.91474,0
691,-72.4015,1,5,0,408756,4.58296,0
692,-72.0682,1,5,0,408756,4.91726,0
693,-71.7348,1,5,0,408756,4.64943,0
694,-71.4015,1,5,0,408756,5.20516,0
695,-71.0682,1,5,0,408756,4.85619,0
696,-70.7348,1,5,0,408756,4.94159,0
697,-70.4015,1,5,0,408756,5.28245,0
698,-70.0681,1,5,0,408756,5.55209,0
699,-69.7348,1,5,0,408756,5.20549,0
700,-69.4014,1,5,0,408756,4.55876,0
701,-69.0681,1,5,0,408756,5.06992,0
702,-68.7348,1,5,0,408756,5.10411,0
703,-68.4014,1,5,0,408756,4.90341,0
704,-68.0681,1,5,0,408756,5.41619,0
705,-67.7347,1,5,0,408756,4.87358,0
706,-67.4014,1,5,0,408756,4.77917,0
707,-67.068,1,5,0,408756,4.65112,0
708,-66.7347,1,5,0,408756,4.96909,0
709,-66.4014,1,5,0,408756,4.82037,0
710,-66.068,1,5,0,408756,4.88303,0
711,-65.7347,1,5,0,408756,3.74033,0
712,-65.4013,1,5,0,408756,5.2739,0
713,-65.068,1,5,0,408756,5.37668,0
714,-64.7346,1,5,0,408756,4.65565,0
715,-64.4013,1,5,0,408756,4.96578,0
716,-64.0679,1,5,0,408756,4.84016,0
717,-63.7346,1,5,0,408756,5.48816,0
718,-63.4013,1,5,0,408756,3.44769,0
719,-63.068,1,5,0,408756,4.25491,0
720,-62.7346,1,5,0,408756,4.89104,0
721,-62.4013,1,5,0,408756,3.6868,0
722,-62.068,1,5,0,408756,4.97054,0
723,-61.7346,1,5,0,408756,4.82252,0
724,-61.4013,1,5,0,408756,4.90774,0
725,-61.068,1,5,0,408756,4.98302,0
726,-60.7347,1,5,0,408756,5.469,0
727,-60.4013,1,5,0,408756,7.07661,0
728,-60.068,1,5,0,408756,4.92556,0
729,-59.7347,1,5,0,408756,6.66955,0
730,-59.4014,1,5,0,408756,4.80838,0
731,-59.068,1,5,0,408756,4.77186,0
732,-58.7347,1,5,0,408756,5.33808,0
733,-58.4014,1,5,0,408756,5.09031,0
734,-58.068,1,5,0,408756,4.67848,0
735,-57.7347,1,5,0,408756,5.02595,0
736,-57.4014,1,5,0,408756,4.82944,0
737,-57.0681,1,5,0,408756,5.26968,0
738,-56.7347,1,5,0,408756,5.3513,0
739,-56.4014,1,5,0,408756,5.84474,0
740,-56.0681,1,5,0,408756,4.59311,0
741,-55.7347,1,5,0,408756,6.56353,0
742,-55.4014,1,5,0,408756,5.43004,0
743,-55.0681,1,5,0,408756,5.44262,0
744,-54.7348,1,5,0,408756,5.20169,0
745,-54.4014,1,5,0,408756,6.00628,0
746,-54.0681,1,5,0,408756,4.9688,0
747,-53.7348,1,5,0,408756,4.78068,0
748,-53.4014,1,5,0,408756,6.62494,0
749,-53.0681,1,5,0,408756,4.93954,0
750,-52.7348,1,5,0,408756,4.79346,0
751,-52.4015,1,5,0,408756,4.05169,0
752,-52.0681,1,5,0,408756,4.66567,0
753,-51.7348,1,5,0,408756,4.74351,0
754,-51.4015,1,5,0,408756,4.91473,0
755,-51.0681,1,5,0,408756,4.68259,0
756,-50.7348,1,5,0,408756,5.40588,0
757,-50.4015,1,5,0,408756,5.60295,0
758,-50.0682,1,5,0,408756,5.46443,0
759,-49.7348,1,5,0,408756,3.85452,0
760,-49.4015,1,5,0,408756,4.82497,0
761,-49.0682,1,5,0,408756,3.81604,0
762,-48.7348,1,5,0,408756,5.26672,0
763,-48.4015,1,5,0,408756,4.99136,0
764,-48.0682,1,5,0,408756,4.98833,0
765,-47.7349,1,5,0,408756,4.57788,0
766,-47.4015,1,5,0,408756,5.3022,0
767,-47.0682,1,5,0,408756,4.94126,0
768,-46.7349,1,5,0,408756,5.18035,0
769,-46.4016,1,5,0,408756,5.37728,0
770,-46.0682,1,5,0,408756,5.23192,0
771,-45.7349,1,5,0,507326,6.21784,0
772,-45.4016,1,5,0,507326,5.92516,0
773,-45.0682,1,5,0,507326,5.50246,0
774,-44.7349,1,5,0,507326,5.99806,0
775,-44.4016,1,5,0,507326,5.10273,0
776,-44.0683,1,5,0,507326,10.5395,0
777,-43.7349,1,5,0,507326,5.69759,0
778,-43.4016,1,5,0,507326,5.99254,0
779,-43.0683,1,5,0,507326,5.84318,0
780,-42.7349,1,5,0,507326,5.5067,0
781,-42.4016,1,5,0,507326,4.155,0
782,-42.0683,1,5,0,507326,5.20221,0
783,-41.735,1,5,0,507326,5.61123,0
784,-41.4016,1,5,0,507326,5.58146,0
785,-41.0683,1,5,0,507326,4.90621,0
786,-40.735,1,5,0,507326,5.41222,0
787,-40.4016,1,5,0,507326,5.32044,0
788,-40.0683,1,5,0,507326,5.69215,0
789,-39.735,1,5,0,507326,5.63698,0
790,-39.4017,1,5,0,507326,5.85877,0
791,-39.0683,1,5,0,507326,4.368,0
792,-38.735,1,5,0,507326,5.59483,0
793,-38.4017,1,5,0,507326,5.23734,0
794,-38.0683,1,5,0,507326,5.48706,0
795,-37.735,1,5,0,507326,5.08199,0
796,-37.4017,1,5,0,507326,5.70214,0
797,-37.0684,1,5,0,507326,6.06549,0
798,-36.735,1,5,0,507326,6.90191,0
799,-36.4017,1,5,0,507326,5.38225,0
800,-36.0684,1,5,0,507326,5.6335,0
801,-35.735,1,5,0,507326,4.72214,0
802,-35.4017,1,5,0,507326,5.60409,0
803,-35.0684,1,5,0,507326,5.22396,0
804,-34.7351,1,5,0,507326,5.45973,0
805,-34.4017,1,5,0,507326,5.54822,0
806,-34.0684,1,5,0,507326,5.66676,0
807,-33.7351,1,5,0,507326,5.61158,0
808,-33.4017,1,5,0,507326,6.7287,0
809,-33.0684,1,5,0,507326,5.66678,0
810,-32.7351,1,5,0,507326,6.32299,0
811,-32.4018,1,5,0,507326,4.91078,0
812,-32.0684,1,5,0,507326,5.82551,0
813,-31.7351,1,5,0,507326,5.28771,0
814,-31.4018,1,5,0,507326,5.56566,0
815,-31.0684,1,5,0,507326,5.88752,0
816,-30.7351,1,5,0,507326,5.44899,0
817,-30.4018,1,5,0,507326,5.518,0
818,-30.0684,1,5,0,507326,5.77906,0
819,-29.7351,1,5,0,507326,5.41875,0
820,-29.4017,1,5,0,507326,5.47208,0
821,-29.0684,1,5,0,507326,4.98517,0
822,-28.7351,1,5,0,507326,6.05834,0
823,-28.4017,1,5,0,507326,5.01239,0
824,-28.0684,1,5,0,507326,5.67261,0
825,-27.7351,1,5,0,507326,7.15585,0
826,-27.4017,1,5,0,507326,5.59463,0
827,-27.0684,1,5,0,507326,7.79231,0
828,-26.7351,1,5,0,507326,5.95682,0
829,-26.4017,1,5,0,507326,5.81812,0
830,-26.0684,1,5,0,507326,4.48571,0
831,-25.7351,1,5,0,507326,4.68266,0
832,-25.4017,1,5,0,507326,4.58013,0
833,-25.0684,1,5,0,507326,6.1319,0
834,-24.735,1,5,0,507326,5.88255,0
835,-24.4017,1,5,0,507326,6.04026,0
836,-24.0684,1,5,0,507326,5.58223,0
837,-23.735,1,5,0,507326,5.52444,0
838,-23.4017,1,5,0,507326,5.49824,0
839,-23.0684,1,5,0,507326,4.41389,0
840,-22.735,1,5,0,507326,5.45768,0
841,-22.4017,1,5,0,507326,4.9369,0
842,-22.0684,1,5,0,507326,5.14009,0
843,-21.735,1,5,0,507326,7.1574,0
844,-21.4017,1,5,0,507326,10.6982,0
845,-21.0684,1,5,0,507326,6.3896,0
846,-20.735,1,5,0,507326,5.56399,0
847,-20.4017,1,5,0,507326,5.50971,0
848,-20.0683,1,5,0,507326,6.36835,0
849,-19.735,1,5,0,507326,6.32158,0
850,-19.4017,1,5,0,507326,4.98603,0
851,-19.0683,1,5,0,507326,4.48616,0
852,-18.735,1,5,0,507326,5.53755,0
853,-18.4017,1,5,0,507326,5.78568,0
854,-18.0683,1,5,0,507326,5.22634,0
855,-17.735,1,5,0,507326,5.94105,0
856,-17.4017,1,5,0,507326,5.92838,0
857,-17.0683,1,5,0,507326,5.59709,0
858,-16.735,1,5,0,507326,5.34697,0
859,-16.4016,1,5,0,507326,4.8042,0
860,-16.0683,1,5,0,507326,4.76658,0
861,-15.735,1,5,0,507326,7.75024,0
862,-15.4016,1,5,0,507326,5.29605,0
863,-15.0683,1,5,0,507326,5.85988,0
864,-14.735,1,5,0,507326,5.43766,0
865,-14.4017,1,5,0,507326,10.5184,0
866,-14.0683,1,5,0,507326,5.56535,0
867,-13.735,1,5,0,507326,5.51849,0
868,-13.4017,1,5,0,507326,6.13145,0
869,-13.0683,1,5,0,507326,5.24081,0
870,-12.735,1,5,0,507326,5.96206,0
871,-12.4017,1,5,0,507326,5.54558,0
872,-12.0683,1,5,0,507326,5.63244,0
873,-11.735,1,5,0,507507,10.7403,0
874,-11.4017,1,5,0,507507,5.70228,0
875,-11.0683,1,5,0,507507,7.51635,0
876,-10.735,1,5,0,507507,6.22176,0
877,-10.4017,1,5,0,507507,5.21983,0
878,-10.0683,1,5,0,507507,7.37153,0
879,-9.735,1,5,0,507507,5.99388,0
880,-9.40167,1,5,0,507507,6.96326,0
881,-9.06834,1,5,0,507507,5.95231,0
882,-8.73501,1,5,0,507507,7.07024,0
883,-8.40168,1,5,0,507507,6.18842,0
884,-8.06834,1,5,0,507507,5.66547,0
885,-7.73501,1,5,0,507507,5.74694,0
886,-7.40168,1,5,0,507507,6.13768,0
887,-7.06834,1,5,0,507507,5.88826,0
888,-6.73501,1,5,0,507507,5.83661,0
889,-6.40167,1,5,0,507507,5.79532,0
890,-6.06834,1,5,0,507507,6.17022,0
891,-5.73501,1,5,0,507507,5.76147,0
892,-5.40167,1,5,0,507507,5.79385,0
893,-5.06834,1,5,0,507507,6.49038,0
894,-4.735,1,5,0,507507,5.01016,0
895,-4.40167,1,5,0,507507,6.41884,0
896,-4.06834,1,5,0,507507,5.92452,0
897,-3.735,1,5,0,507507,6.81623,0
898,-3.40167,1,5,0,507507,5.67698,0
899,-3.06834,1,5,0,507507,5.51014,0
900,-2.735,1,5,0,507507,5.48451,0
901,-2.40167,1,5,0,507507,5.3159,0
902,-2.06834,1,5,0,507507,6.07712,0
903,-1.735,1,5,0,507507,5.89851,0
904,-1.40167,1,5,0,507507,6.55022,0
905,-1.06834,1,5,0,507507,5.01194,0
906,-0.735005,1,5,0,507507,5.06872,0
907,-0.401671,1,5,0,507507,5.88851,0
908,-0.068338,1,5,0,507507,5.9654,0
909,0.264995,1,5,0,507507,7.7312,0
910,0.598329,1,5,0,507507,6.75895,0
911,0.931662,1,5,0,507507,5.84375,0
912,1.265,1,5,0,507507,5.42278,0
913,1.59833,1,5,0,507507,5.6002,0
914,1.93166,1,5,0,507507,5.56761,0
915,2.265,1,5,0,507507,6.1426,0
916,2.59833,1,5,0,507507,6.82248,0
917,2.93166,1,5,0,507507,5.74155,0
918,3.26499,1,5,0,507507,5.52743,0
919,3.59833,1,5,0,507507,4.93462,0
920,3.93166,1,5,0,507507,6.49213,0
921,4.26499,1,5,0,507507,7.6624,0
922,4.59833,1,5,0,507507,5.6836,0
923,4.93166,1,5,0,507507,3.9721,0
924,5.265,1,5,0,507507,6.89508,0
925,5.59833,1,5,0,507507,5.62711,0
926,5.93166,1,5,0,507507,5.53731,0
927,6.265,1,5,0,507507,5.79846,0
928,6.59833,1,5,0,507507,5.91296,0
929,6.93167,1,5,0,507507,5.67459,0
930,7.265,1,5,0,507507,5.86563,0
931,7.52889,2,5,0,507507,4.53545,0
932,7.68167,2,5,0,507507,5.77241,0
933,7.72333,2,5,0,507507,5.8276,0
934,7.65389,2,5,0,507507,6.01541,0
935,7.47333,2,5,0,507507,5.88574,0
936,7.18167,2,5,0,507507,5.48,0
937,6.84833,2,5,0,507507,5.74661,0
938,6.515,2,5,0,507507,5.92466,0
939,6.18166,2,5,0,507507,5.98252,0
940,5.84833,2,5,0,507507,6.34525,0
941,5.515,2,5,0,507507,5.01283,0
942,5.18166,2,5,0,507507,5.86883,0
943,4.84833,2,5,0,507507,7.22405,0
944,4.515,2,5,0,507507,5.63517,0
945,4.18166,2,5,0,507507,5.70128,0
946,3.84833,2,5,0,507507,6.36878,0
947,3.51499,2,5,0,507507,5.53079,0
948,3.18166,2,5,0,507507,5.83694,0
949,2.84833,2,5,0,507507,5.36183,0
950,2.515,2,5,0,507507,5.89525,0
951,2.18166,2,5,0,507507,4.52664,0
952,1.84833,2,5,0,507507,5.47775,0
953,1.515,2,5,0,507507,5.15233,0
954,1.18166,2,5,0,507507,7.1756,0
955,0.848329,2,5,0,507507,5.16576,0
956,0.514996,2,5,0,507507,6.36998,0
957,0.181662,2,5,0,507507,5.36913,0
958,-0.151671,2,5,0,507507,5.49392,0
959,-0.485004,2,5,0,507507,4.7513,0
960,-0.818338,2,5,0,507507,7.52551,0
961,-1.15167,2,5,0,507507,4.3528,0
962,-1.485,2,5,0,507507,5.40622,0
963,-1.81834,2,5,0,507507,5.72687,0
964,-2.15167,2,5,0,507507,6.2075,0
965,-2.485,2,5,0,507507,5.25796,0
966,-2.81834,2,5,0,507507,7.76567,0
967,-3.15167,2,5,0,507507,5.58371,0
968,-3.485,2,5,0,507507,8.76928,0
969,-3.81834,2,5,0,507507,5.69745,0
970,-4.15167,2,5,0,507507,5.83612,0
971,-4.485,2,5,0,507507,4.69835,0
972,-4.81834,2,5,0,507507,5.52014,0
973,-5.15167,2,5,0,507507,5.26478,0
974,-5.48501,2,5,0,507507,5.45014,0
975,-5.81834,2,5,0,507507,5.88169,0
976,-6.15167,2,5,0,507507,5.96536,0
977,-6.48501,2,5,0,507507,5.2519,0
978,-6.81834,2,5,0,507507,5.88635,0
979,-7.15168,2,5,0,507507,5.43469,0
980,-7.48501,2,5,0,507507,5.24718,0
981,-7.81834,2,5,0,507507,4.43679,0
982,-8.15168,2,5,0,507507,5.3023,0
983,-8.48501,2,5,0,507507,5.68688,0
984,-8.81834,2,5,0,507507,5.20872,0
985,-9.15167,2,5,0,507507,5.47276,0
986,-9.48501,2,5,0,507507,5.48526,0
987,-9.81834,2,5,0,507507,5.86527,0
988,-10.1517,2,5,0,507507,5.2908,0
989,-10.485,2,5,0,507507,5.01826,0
990,-10.8183,2,5,0,507507,5.31681,0
991,-11.1517,2,5,0,507507,4.21282,0
992,-11.485,2,5,0,507507,5.42304,0
993,-11.8183,2,5,0,507507,6.25806,0
994,-12.1517,2,5,0,507507,5.54396,0
995,-12.485,2,5,0,507507,5.58571,0
996,-12.8183,2,5,0,507507,5.31322,0
997,-13.1517,2,5,0,507507,6.45029,0
998,-13.485,2,5,0,507507,5.4666,0
999,-13.8183,2,5,0,507507,5.2,0
1000,-14.1517,2,5,0,507507,5.20959,0
1001,-14.485,2,5,0,507507,4.53218,0
1002,-14.8183,2,5,0,507507,5.3846,0
1003,-15.1517,2,5,0,507507,5.21,0
1004,-15.485,2,5,0,507507,5.19402,0
1005,-15.8183,2,5,0,507507,5.7848,0
1006,-16.1516,2,5,0,507507,5.22312,0
1007,-16.485,2,5,0,507507,5.79726,0
1008,-16.8183,2,5,0,507507,4.77801,0
1009,-17.1517,2,5,0,507507,5.37312,0
1010,-17.485,2,5,0,507507,5.14806,0
1011,-17.8183,2,5,0,507507,4.47422,0
1012,-18.1517,2,5,0,507507,5.1024,0
1013,-18.485,2,5,0,507507,4.33332,0
1014,-18.8183,2,5,0,507507,5.28936,0
1015,-19.1517,2,5,0,507507,5.0956,0
1016,-19.485,2,5,0,507507,5.404,0
1017,-19.8183,2,5,0,507507,5.81682,0
1018,-20.1517,2,5,0,507507,5.513,0
1019,-20.485,2,5,0,507507,5.32075,0
1020,-20.8183,2,5,0,507507,5.2742,0
1021,-21.1517,2,5,0,507507,4.75379,0
1022,-21.485,2,5,0,507507,5.17141,0
1023,-21.8184,2,5,0,507507,5.19496,0
1024,-22.1517,2,4,0,507507,8.25093,0
1025,-22.485,2,4,0,507507,5.11842,0
1026,-22.8184,2,4,0,507507,5.33454,0
1027,-23.1517,2,4,0,507507,5.76481,0
1028,-23.485,2,4,0,507507,5.14385,0
1029,-23.8184,2,4,0,507507,5.33713,0
1030,-24.1517,2,4,0,507507,5.65065,0
1031,-24.485,2,4,0,507507,5.21968,0
1032,-24.8184,2,4,0,507507,5.39717,0
1033,-25.1517,2,4,0,507507,5.45567,0
1034,-25.4851,2,4,0,507507,5.80757,0
1035,-25.8184,2,4,0,507507,5.27818,0
1036,-26.1517,2,4,0,507507,5.4177,0
1037,-26.4851,2,4,0,507507,5.19266,0
1038,-26.8184,2,4,0,507507,5.24063,0
1039,-27.1517,2,4,0,507507,5.75309,0
1040,-27.4851,2,4,0,507507,5.30142,0
1041,-27.8184,2,4,0,507507,4.56477,0
1042,-28.1517,2,4,0,507507,5.28068,0
1043,-28.4851,2,4,0,507507,5.46875,0
1044,-28.8184,2,4,0,507507,5.32078,0
1045,-29.1517,2,4,0,507507,5.18385,0
1046,-29.4851,2,4,0,507507,5.79007,0
1047,-29.8184,2,4,0,507507,5.70336,0
1048,-30.1518,2,4,0,507507,5.54928,0
1049,-30.4851,2,4,0,507507,5.21302,0
1050,-30.8184,2,4,0,507507,5.30004,0
1051,-31.1518,2,4,0,507507,5.14358,0
1052,-31.4851,2,4,0,507507,5.30128,0
1053,-31.8184,2,4,0,507507,5.2751,0
1054,-32.1518,2,4,0,507507,5.41339,0
1055,-32.4851,2,4,0,507507,5.4683,0
1056,-32.8184,2,4,0,507507,5.66784,0
1057,-33.1518,2,4,0,507507,6.24422,0
1058,-33.4851,2,4,0,507507,6.27476,0
1059,-33.8184,2,4,0,507507,5.70142,0
1060,-34.1517,2,4,0,507507,5.7094,0
1061,-34.4851,2,4,0,507507,5.00982,0
1062,-34.8184,2,4,0,507507,5.50317,0
1063,-35.1517,2,4,0,507507,6.361,0
1064,-35.4851,2,4,0,507507,5.62871,0
1065,-35.8184,2,4,0,507507,5.64792,0
1066,-36.1517,2,4,0,507507,6.25579,0
1067,-36.485,2,4,0,507507,8.04741,0
1068,-36.8184,2,4,0,507507,7.00428,0
1069,-37.1517,2,4,0,507507,5.44058,0
1070,-37.485,2,4,0,507507,5.36094,0
1071,-37.8183,2,4,0,507507,5.37096,0
1072,-38.1517,2,4,0,507507,5.829,0
1073,-38.485,2,4,0,507507,5.52586,0
1074,-38.8183,2,4,1,507507,5.60331,0
1075,-39.1517,2,4,1,507507,7.3898,0
1076,-39.485,2,4,1,507507,5.36282,0
1077,-39.8183,2,4,1,507507,5.13053,0
1078,-40.1516,2,4,1,507507,5.41021,0
1079,-40.485,2,4,1,507507,5.45525,0
1080,-40.8183,2,4,1,507507,5.2683,0
1081,-41.1516,2,4,1,507507,4.3095,0
1082,-41.485,2,4,1,507507,8.20838,0
1083,-41.8183,2,4,1,507507,5.53933,0
1084,-42.1516,2,4,1,507507,5.53617,0
1085,-42.4849,2,4,1,507507,5.30436,0
1086,-42.8183,2,4,1,507507,5.73545,0
1087,-43.1516,2,4,1,507507,5.02613,0
1088,-43.4849,2,4,1,507507,5.41662,0
1089,-43.8183,2,4,1,507507,5.45564,0
1090,-44.1516,2,4,1,507507,5.28238,0
1091,-44.4849,2,4,1,507507,4.703,0
1092,-44.8182,2,4,1,507507,5.21317,0
1093,-45.1516,2,4,1,507507,5.25181,0
1094,-45.4849,2,4,1,507507,5.1058,0
1095,-45.8182,2,4,1,507507,5.29577,0
1096,-46.1516,2,4,1,507507,5.31099,0
1097,-46.4849,2,4,1,507507,5.22126,0
1098,-46.8182,2,4,1,507507,5.24484,0
1099,-47.1515,2,4,1,507507,5.69187,0
1100,-47.4849,2,4,1,507507,5.6665,0
1101,-47.8182,2,4,1,507507,4.94389,0
1102,-48.1515,2,4,1,507507,5.87705,0
1103,-48.4849,2,4,1,507507,7.9512,0
1104,-48.8182,2,4,1,507507,13.9366,0
1105,-49.1515,2,4,1,507507,5.56448,0
1106,-49.4848,2,4,1,507507,5.81981,0
1107,-49.8182,2,4,1,507507,6.20796,0
1108,-50.1515,2,4,1,507507,5.70762,0
1109,-50.4848,2,4,1,507507,5.2387,0
1110,-50.8181,2,4,1,507507,5.56336,0
1111,-51.1515,2,4,1,507507,4.25402,0
1112,-51.4848,2,4,1,507507,5.16216,0
1113,-51.8181,2,4,1,507507,5.8162,0
1114,-52.1515,2,4,1,507507,5.10481,0
1115,-52.4848,2,4,1,507507,5.68857,0
1116,-52.8181,2,4,1,507507,5.04102,0
1117,-53.1514,2,4,1,507507,5.23797,0
1118,-53.4848,2,4,1,507507,5.76156,0
1119,-53.8181,2,4,1,507507,5.89777,0
1120,-54.1514,2,4,1,507507,5.46124,0
1121,-54.4848,2,4,1,507507,4.4488,0
1122,-54.8181,2,4,1,507507,5.26621,0
1123,-55.1514,2,4,1,507507,4.97611,0
1124,-55.4847,2,4,1,507507,5.33898,0
1125,-55.8181,2,4,1,507507,5.99297,0
1126,-56.1514,2,4,1,507507,5.41206,0
1127,-56.4847,2,4,1,507507,5.97645,0
1128,-56.8181,2,4,1,507507,5.21498,0
1129,-57.1514,2,4,1,507507,5.78189,0
1130,-57.4847,2,4,1,507507,5.63524,0
1131,-57.818,2,4,1,507507,4.75566,0
1132,-58.1514,2,4,1,507507,5.28558,0
1133,-58.4847,2,4,1,507507,5.2666,0
1134,-58.818,2,4,1,507507,6.1563,0
1135,-59.1514,2,4,1,507507,5.84866,0
1136,-59.4847,2,4,1,507507,6.01832,0
1137,-59.5888,2,4,1,507507,5.46203,0
1138,-59.7138,2,4,1,507507,5.16871,0
1139,-59.7555,2,4,1,507507,5.72258,0
1140,-59.825,2,4,1,507507,5.08063,0
1141,-59.8666,2,4,1,507507,4.49725,0
1142,-59.9013,2,4,1,507507,5.81296,0
1143,-59.9222,2,4,1,507507,5.36988,0
1144,-59.9361,2,4,1,507507,5.68921,0
1145,-59.9499,2,4,1,507507,4.90781,0
1146,-59.9638,2,4,1,507507,5.72055,0
1147,-59.9638,2,4,1,507507,5.68606,0
1148,-59.9638,2,4,1,507507,5.85396,0
1149,-59.9638,2,4,1,507507,5.63393,0
1150,-59.9638,2,4,1,507507,5.70876,0
1151,-59.9638,2,4,1,507507,5.02459,0
1152,-59.9638,2,4,1,507507,6.10123,0
1153,-59.9638,2,4,1,507507,5.37921,0
1154,-59.9638,2,4,1,507507,5.51451,0
1155,-59.9638,2,4,1,507507,5.54316,0
1156,-59.9638,2,4,1,507507,5.24661,0
1157,-59.9638,2,4,1,507507,5.16796,0
1158,-59.9638,2,4,1,507507,5.13523,0
1159,-59.9638,2,4,1,507507,5.65771,0
1160,-59.9638,2,4,1,507507,5.82469,0
1161,-59.9638,2,4,1,507507,4.28234,0
1162,-59.9638,2,4,1,507507,5.70683,0
1163,-59.9638,2,4,1,507507,5.65454,0
1164,-59.9638,2,4,1,507507,6.185,0
1165,-59.9638,2,4,1,507507,5.82367,0
1166,-59.9638,2,4,1,507507,5.4673,0
1167,-59.9638,2,4,1,507507,6.06875,0
1168,-59.9638,2,4,1,507507,5.33319,0
1169,-59.9638,2,4,1,507507,6.78326,0
1170,-59.9638,2,4,1,507507,5.893,0
1171,-59.9638,2,4,1,507507,5.73851,0
1172,-59.9638,2,4,1,507507,6.6646,0
1173,-59.9638,2,4,1,507507,5.26569,0
1174,-59.9638,2,4,1,507507,5.44243,0
1175,-59.9638,2,4,1,507507,5.24031,0
1176,-59.9638,2,4,1,507507,5.07906,0
1177,-59.9638,2,4,1,507507,5.15938,0
1178,-59.9638,2,4,1,507507,5.6609,0
1179,-59.9638,2,4,1,507507,5.7254,0
1180,-59.9638,2,4,1,507507,5.14975,0
1181,-59.9638,2,4,1,507507,4.37126,0
1182,-59.9638,2,4,1,507507,5.54668,0
1183,-59.9638,2,4,1,507507,5.27381,0
1184,-59.9638,2,4,1,507507,5.1949,0
1185,-59.9638,2,4,1,507507,5.97002,0
1186,-59.9638,2,4,1,507507,5.12153,0
1187,-59.9638,2,4,1,507507,5.67655,0
1188,-59.9638,2,4,1,507507,5.08564,0
1189,-59.9638,2,4,1,507507,5.64764,0
1190,-59.9638,2,4,1,507507,5.67648,0
1191,-59.9638,2,4,1,507507,4.35373,0
1192,-59.9638,2,4,1,507507,5.42828,0
1193,-59.9638,2,4,1,507507,5.26494,0
1194,-59.9638,2,4,1,507507,5.26344,0
1195,-59.9638,2,4,1,507507,5.42335,0
1196,-59.9638,2,4,1,507507,5.06738,0
1197,-59.9638,2,4,1,507507,5.08891,0
1198,-59.9638,2,4,1,507507,5.05461,0
1199,-59.9638,2,4,1,507507,5.12629,0
1200,-59.9638,2,4,1,507507,5.28069,0
1201,-59.9638,2,4,1,507507,5.03958,0
1202,-59.9638,2,4,1,507507,5.02422,0
1203,-59.9638,2,4,1,507507,5.18717,0
1204,-59.9638,2,4,1,507507,5.19727,0
1205,-59.9638,2,4,1,507507,5.04972,0
1206,-59.9638,2,4,1,507507,5.22022,0
1207,-59.9638,2,4,1,507507,5.06702,0
1208,-59.9638,2,4,1,507507,5.15145,0
1209,-59.9638,2,4,1,507507,5.39377,0
1210,-59.9638,2,4,1,507507,5.18514,0
1211,-59.9638,2,4,1,507507,4.62643,0
1212,-59.9638,2,4,1,507507,5.54673,0
1213,-59.9638,2,4,1,507507,4.64259,0
1214,-59.9638,2,4,1,507507,4.73928,0
1215,-59.9638,2,4,1,507507,5.30182,0
1216,-59.9638,2,4,1,507507,5.27585,0
1217,-59.9638,2,4,1,507507,5.19844,0
1218,-59.9638,2,4,1,507507,5.12486,0
1219,-59.9638,2,4,1,507507,5.20243,0
1220,-59.9638,2,4,1,507507,5.26791,0
1221,-59.9638,2,4,1,507507,4.27325,0
1222,-59.9638,2,4,1,507507,5.72901,0
1223,-59.9638,2,4,1,507507,5.19853,0
1224,-59.9638,2,4,1,507507,5.78862,0
1225,-59.9638,2,4,1,507507,5.44955,0
1226,-59.9638,2,4,1,507507,5.55745,0
1227,-59.9638,2,4,1,507507,5.16112,0
1228,-59.9638,2,4,1,507507,5.40171,0
1229,-59.9638,2,4,1,507507,5.22638,0
1230,-59.9638,2,4,1,507507,5.69414,0
1231,-59.9638,2,4,1,507507,4.54028,0
1232,-59.9638,2,4,1,507507,5.70226,0
1233,-59.9638,2,4,1,507507,6.82293,0
1234,-59.9638,2,4,1,507507,11.3138,0
1235,-59.9638,2,4,1,507507,9.43825,0
1236,-59.9638,2,4,1,507507,5.13179,0
1237,-59.9638,2,4,1,507507,7.54992,0
1238,-59.9638,2,4,1,507507,5.83901,0
1239,-59.9638,2,4,1,507507,14.1685,0
1240,-59.9638,2,4,1,507507,8.69786,0
1241,-59.9638,2,4,1,507507,4.50188,0
1242,-59.9638,2,4,1,507507,10.8576,0
1243,-59.9638,2,4,1,507507,5.47208,0
1244,-59.9638,2,4,1,507507,5.37441,0
1245,-59.9638,2,4,1,507507,5.15094,0
1246,-59.9638,2,4,1,507507,5.09229,0
1247,-59.9638,2,4,1,507507,5.02887,0
1248,-59.9638,2,4,1,507507,5.2002,0
1249,-59.9638,2,4,1,507507,5.87225,0
1250,-59.9638,2,4,1,507507,5.26841,0
1251,-59.9638,2,4,1,507507,5.06429,0
1252,-59.9638,2,4,1,507507,5.17129,0
1253,-59.9638,2,4,1,507507,5.07076,0
1254,-59.9638,2,4,1,507507,5.12535,0
1255,-59.9638,2,4,1,507507,5.83329,0
1256,-59.9638,2,4,1,507507,5.16282,0
1257,-59.9638,2,4,1,507507,5.56067,0
1258,-59.9638,2,4,1,507507,5.12542,0
1259,-59.9638,2,4,1,507507,5.56508,0
1260,-59.9638,2,4,1,507507,5.09198,0
1261,-59.9638,2,4,1,507507,4.30261,0
1262,-59.9638,2,4,1,507507,5.09659,0
1263,-59.9638,2,4,1,507507,5.23241,0
1264,-59.9638,2,4,1,507507,5.23267,0
1265,-59.9638,2,4,1,507507,5.67436,0
1266,-59.9638,2,4,1,507507,5.64835,0
1267,-59.9638,2,4,1,507507,5.38112,0
1268,-59.9638,2,4,1,507507,5.70331,0
1269,-59.9638,2,4,1,507507,5.22512,0
1270,-59.9638,2,4,1,507507,5.70971,0
1271,-59.9638,2,4,1,507507,8.04395,0
1272,-59.9638,2,4,1,507507,5.41424,0
1273,-59.9638,2,4,1,507507,6.25329,0
1274,-59.9638,2,4,1,507507,5.64326,0
1275,-59.9638,2,4,1,507507,5.36943,0
1276,-59.9638,2,4,1,507507,5.14344,0
1277,-59.9638,2,4,1,507507,5.45038,0
1278,-59.9638,2,4,1,507507,5.01147,0
1279,-59.9638,2,4,1,507507,5.6205,0
1280,-59.9638,2,4,1,507507,6.12685,0
1281,-59.9638,2,4,1,507507,4.95838,0
1282,-59.9638,2,4,1,507507,4.81148,0
1283,-59.9638,2,4,1,507507,6.19091,0
1284,-59.9638,2,4,1,507507,5.3902,0
1285,-59.9638,2,4,1,507507,5.96725,0
1286,-59.9638,2,4,1,507507,5.31891,0
1287,-59.9638,2,4,1,507507,5.21116,0
1288,-59.9638,2,4,1,507507,5.31174,0
1289,-59.9638,2,4,1,507507,5.08394,0
1290,-59.9638,2,4,1,507507,5.34309,0
1291,-59.9638,2,4,1,507507,4.41394,0
1292,-59.9638,2,4,1,507507,5.21576,0
1293,-59.9638,2,4,1,507507,5.09812,0
1294,-59.9638,2,4,1,507507,5.26228,0
1295,-59.9638,2,4,1,507507,5.34084,0
1296,-59.9638,2,4,1,507507,5.9762,0
1297,-59.9638,2,4,1,507507,5.59237,0
1298,-59.9638,2,4,1,507507,5.62455,0
1299,-59.9638,2,4,1,507507,5.16941,0
1300,-59.9638,2,4,1,507507,5.04724,0
1301,-59.9638,2,4,1,507507,4.26707,0
1302,-59.9638,2,4,1,507507,5.06173,0
1303,-59.9638,2,4,1,507507,5.10269,0
1304,-59.9638,2,4,1,507507,5.24154,0
1305,-59.9638,2,4,1,507507,5.25699,0
1306,-59.9638,2,4,1,507507,5.03207,0
1307,-59.9638,2,4,1,507507,5.34649,0
1308,-59.9638,2,4,1,507507,5.51405,0
1309,-59.9638,2,4,1,507507,5.17004,0
1310,-59.9638,2,4,1,507507,5.20736,0
1311,-59.9638,2,4,1,507507,4.40182,0
1312,-59.9638,2,4,1,507507,5.39994,0
1313,-59.9638,2,4,1,507507,5.18875,0
1314,-59.9638,2,4,1,507507,5.27413,0
1315,-59.9638,2,4,1,507507,4.78153,0
1316,-59.9638,2,4,1,507507,5.35401,0
1317,-59.9638,2,4,1,507507,5.5918,0
1318,-59.9638,2,4,1,507507,5.47255,0
1319,-59.9638,2,4,1,507507,5.40329,0
1320,-59.9638,2,4,1,507507,5.50371,0
1321,-59.9638,2,4,1,507507,4.37032,0
1322,-59.9638,2,4,1,507507,5.07516,0
1323,-59.9638,2,4,1,507507,5.11098,0
1324,-59.9638,2,4,1,507507,5.20553,0
1325,-59.9638,2,4,1,507507,5.25966,0
1326,-59.9638,2,4,1,507507,5.47328,0
1327,-59.9638,2,4,1,507507,5.13292,0
