step,time,executed,fluid_dt,contained_mass,liquid_mass,retained_mass,tank_y,tank_vy,liquid_y,contained_Ix,contained_Iy,contained_Iz,body_Px,body_Py,body_Pz,liquid_Px,liquid_Py,liquid_Pz,gravity_Iy,residual_x,residual_y,residual_z,kinetic_J,hydro_Fy,drag_Fy,particle_ms,coupling_ms,batch_support_Ix,batch_support_Iy,batch_support_Iz,batch_iterations,batch_closing_speed,batch_speed_scale,batch_cap,batch_rigid_rows,pre_step_body_y,pre_step_tank_vy,liquid_mean_vy
0,0.01666666753590107,0,0,496.12503051757812,496.12503504753113,496.12503504753113,-0.33303147554397583,-0.010966070927679539,0.3592099741443382,0,0,0,20.000013709068298,-2.1932141855359077,2.3396927417707047e-05,4.9895837287460497e-05,2.1931080325955232,1.1941454267915398e-05,0,-7.9545799280822393e-07,0,0,1.0497018786076528,0,0,0,0.056820000000000002,0,0,0,10,1.051670209251121e-11,1,0,0,-0.33284869790077209,-0.010966070927679539,0.0044204744321870654
1,0.033333335071802139,1,0.033333335071802139,496.12503051757812,496.12503504753113,496.12503504753113,-0.33320754766464233,-0.010565175674855709,0.35935217529839397,-4.8133430480957031,0.080179274082183838,-2.8751444915542379e-05,15.186667442321777,-2.1130351349711418,-5.354140597546575e-06,4.813395141934496,2.1129288403353916,4.0692890891623056e-05,0,-1.81610730365378e-06,-1.4169536566299712e-07,3.6860845403557593e-10,0.78534647453791917,0,0,1.939649,1.9951970000000001,0,0,0,10,1.5342931369843882e-09,1,0,0,-0.33303147554397583,-0.010966070927679539,0.0042588635748505681
2,0.050000002607703209,0,0,496.12503051757812,496.12503504753113,496.12503504753113,-0.33338361978530884,-0.010565175674855709,0.35935217529839397,0,0,0,15.186667442321777,-2.1130351349711418,-5.354140597546575e-06,4.813395141934496,2.1129288403353916,4.0692890891623056e-05,0,-1.81610730365378e-06,-1.4169536566299712e-07,3.6860845403557593e-10,0.78534647453791917,0,0,0,0.036630999999999997,0,0,0,10,1.5342931369843882e-09,1,0,0,-0.33320754766464233,-0.010565175674855709,0.0042588635748505681
3,0.066666670143604279,1,0.033333335071802139,496.12503051757812,496.12503504753113,496.12503504753113,-0.33355143666267395,-0.010069030337035656,0.35948674356070714,-5.3820171160623431e-05,0.099228985607624054,1.220196281792596e-05,15.18661230802536,-2.0138060674071312,6.8478129833238199e-06,4.8134489519747898,2.0136998466520524,2.8491059345311118e-05,0,-3.1403634253024393e-06,-6.7814694304502154e-08,4.9064301249233597e-10,0.76107705426788774,0,0,1.6778690000000001,1.7313259999999999,0,0,0,10,9.2404633944553893e-10,1,0,0,-0.33338361978530884,-0.010565175674855709,0.0040588555392273851
4,0.083333337679505348,0,0,496.12503051757812,496.12503504753113,496.12503504753113,-0.33371925354003906,-0.010069030337035656,0.35948674356070714,0,0,0,15.18661230802536,-2.0138060674071312,6.8478129833238199e-06,4.8134489519747898,2.0136998466520524,2.8491059345311118e-05,0,-3.1403634253024393e-06,-6.7814694304502154e-08,4.9064301249233597e-10,0.76107705156895711,0,0,0,0.036920000000000001,0,0,0,10,9.2404633944553893e-10,1,0,0,-0.33355143666267395,-0.010069030337035656,0.0040588555392273851
5,0.10000000521540642,1,0.033333335071802139,496.12503051757812,496.12503504753113,496.12503504753113,-0.33386567234992981,-0.0087859546765685081,0.35961076342278991,-0.20867590606212616,0.25661498308181763,2.1483936507138424e-05,14.977936446666718,-1.7571909353137016,2.8331760404398665e-05,5.0221248389445936,1.7570848697039818,7.0072072783230956e-06,0,-3.1147522676633344e-06,8.7330664477747177e-08,5.8599709931500196e-10,0.73827834001851056,0,0,2.2925819999999999,2.3600850000000002,0,0,0,10,1.0804719341450664e-09,1,0,0,-0.33371925354003906,-0.010069030337035656,0.0035416170230870223
6,0.11666667275130749,0,0,496.12503051757812,496.12503504753113,496.12503504753113,-0.33401209115982056,-0.0087859546765685081,0.35961076342278991,0,0,0,14.977936446666718,-1.7571909353137016,2.8331760404398665e-05,5.0221248389445936,1.7570848697039818,7.0072072783230956e-06,0,-3.1147522676633344e-06,8.7330664477747177e-08,5.8599709931500196e-10,0.73827834001851056,0,0,0,0.037503000000000002,0,0,0,10,1.0804719341450664e-09,1,0,0,-0.33386567234992981,-0.0087859546765685081,0.0035416170230870223
7,0.13333334028720856,1,0.033333335071802139,496.12503051757812,496.12503504753113,496.12503504753113,-0.33414393663406372,-0.0079102292656898499,0.35972610130576649,-0.57910364866256714,0.17514453828334808,-4.5939435949549079e-05,14.398834109306335,-1.58204585313797,-1.7607914060135954e-05,5.6012284096868763,1.5819403763243216,5.2946718238027637e-05,0,-1.8813703661635373e-06,6.761267359323142e-07,4.2249226923777358e-10,0.71675941348830996,0,0,1.953265,2.0104129999999998,0,0,0,10,3.2078300016280537e-09,1,0,0,-0.33401209115982056,-0.0087859546765685081,0.0031885921180590379
8,0.15000000782310963,0,0,496.12503051757812,496.12503504753113,496.12503504753113,-0.33427578210830688,-0.0079102292656898499,0.35972610130576649,0,0,0,14.398834109306335,-1.58204585313797,-1.7607914060135954e-05,5.6012284096868763,1.5819403763243216,5.2946718238027637e-05,0,-1.8813703661635373e-06,6.761267359323142e-07,4.2249226923777358e-10,0.71675941348830996,0,0,0,0.038429999999999999,0,0,0,10,3.2078300016280537e-09,1,0,0,-0.33414393663406372,-0.0079102292656898499,0.0031885921180590379
9,0.1666666753590107,1,0.033333335071802139,496.12503051757812,496.12503504753113,496.12503504753113,-0.33440044522285461,-0.0074805524200201035,0.35982833954752702,-0.15851117670536041,0.085935637354850769,0.00012457418779376894,14.240323007106781,-1.4961104840040207,0.00010696625167838647,5.7597396162639551,1.4960046997494949,-7.1627449355730032e-05,0,-1.776992839097602e-06,3.6868585873151005e-07,4.206370339933721e-10,0.70218409855347819,0,0,1.8242849999999999,1.8876219999999999,0,0,0,10,2.3992454689647502e-09,1,0,0,-0.33427578210830688,-0.0079102292656898499,0.0030153783705072867
10,0.18333334289491177,0,0,496.12503051757812,496.12503504753113,496.12503504753113,-0.33452510833740234,-0.0074805524200201035,0.35982833954752702,0,0,0,14.240323007106781,-1.4961104840040207,0.00010696625167838647,5.7597396162639551,1.4960046997494949,-7.1627449355730032e-05,0,-1.776992839097602e-06,3.6868585873151005e-07,4.206370339933721e-10,0.70218410208271653,0,0,0,0.036920000000000001,0,0,0,10,2.3992454689647502e-09,1,0,0,-0.33440044522285461,-0.0074805524200201035,0.0030153783705072867
11,0.20000001043081284,1,0.033333335071802139,496.12503051757812,496.12503504753113,496.12503504753113,-0.33464336395263672,-0.007095706183463335,0.35992542233596853,-0.23045086860656738,0.076969563961029053,-0.00021492442465387285,14.009873569011688,-1.419141236692667,-0.00010795829439302906,5.9901907863527111,1.4190351084359523,0.00014329690280813067,0,-4.4999175941029534e-08,2.4683669774816508e-08,2.267294791583746e-10,0.68984355592410018,0,0,2.0926459999999998,2.1480640000000002,0,0,0,10,1.7611520020111016e-09,1,0,0,-0.33452510833740234,-0.0074805524200201035,0.0028602368519863182
12,0.21666667796671391,0,0,496.12503051757812,496.12503504753113,496.12503504753113,-0.33476161956787109,-0.007095706183463335,0.35992542233596853,0,0,0,14.009873569011688,-1.419141236692667,-0.00010795829439302906,5.9901907863527111,1.4190351084359523,0.00014329690280813067,0,-4.4999175941029534e-08,2.4683669774816508e-08,2.267294791583746e-10,0.68984355592410007,0,0,0,0.047264,0,0,0,10,1.7611520020111016e-09,1,0,0,-0.33464336395263672,-0.007095706183463335,0.0028602368519863182
13,0.23333334550261497,1,0.033333335071802139,496.12503051757812,496.12503504753113,496.12503504753113,-0.33487418293952942,-0.0067543629556894302,0.36001751338746252,-0.15929681062698364,0.068267643451690674,0.00023453799076378345,13.850587606430054,-1.350872591137886,0.00012657976640184643,6.149487531763751,1.350767443150473,-9.1241086253982949e-05,0,1.0737830226759115e-05,1.0049529715061567e-06,2.9846224103291519e-10,0.67956165335306817,0,0,1.853818,1.920588,0,0,0,10,1.7534471652425054e-09,1,0,0,-0.33476161956787109,-0.007095706183463335,0.002722635117619217
14,0.25000001303851604,0,0,496.12503051757812,496.12503504753113,496.12503504753113,-0.33498674631118774,-0.0067543629556894302,0.36001751338746252,0,0,0,13.850587606430054,-1.350872591137886,0.00012657976640184643,6.149487531763751,1.350767443150473,-9.1241086253982949e-05,0,1.0737830226759115e-05,1.0049529715061567e-06,2.9846224103291519e-10,0.67956165335306817,0,0,0,0.041237999999999997,0,0,0,10,1.7534471652425054e-09,1,0,0,-0.33487418293952942,-0.0067543629556894302,0.002722635117619217
15,0.26666668057441711,1,0.033333335071802139,496.12503051757812,496.12503504753113,496.12503504753113,-0.33509418368339539,-0.0064462916925549507,0.36010539479122888,-0.14024396240711212,0.061613969504833221,-0.00021603702043648809,13.710348308086395,-1.2892583385109901,-8.9457097374179284e-05,6.2897317182045045,1.2891535273624937,0.00012479586141935298,0,1.5625927321849531e-05,1.3417918882652202e-06,3.8235955124744231e-10,0.67070308239302046,0,0,2.309847,2.3988160000000001,0,0,0,10,1.9211703339294672e-09,1,0,0,-0.33498674631118774,-0.0067543629556894302,0.0025984448199413818
16,0.28333334811031818,0,0,496.12503051757812,496.12503504753113,496.12503504753113,-0.33520162105560303,-0.0064462916925549507,0.36010539479122888,0,0,0,13.710348308086395,-1.2892583385109901,-8.9457097374179284e-05,6.2897317182045045,1.2891535273624937,0.00012479586141935298,0,1.5625927321849531e-05,1.3417918882652202e-06,3.8235955124744231e-10,0.67070308652415633,0,0,0,0.048139000000000001,0,0,0,10,1.9211703339294672e-09,1,0,0,-0.33509418368339539,-0.0064462916925549507,0.0025984448199413818
17,0.30000001564621925,1,0.033333335071802139,496.12503051757812,496.12503504753113,496.12503504753113,-0.33530443906784058,-0.0061682276427745819,0.36018940341361105,-0.12431427836418152,0.055612362921237946,0.00021637469762936234,13.586047291755676,-1.2336455285549164,0.00012691757547145244,6.4140462834009595,1.2335411451676612,-9.1578799122685379e-05,0,2.917479305963866e-05,1.7695531293604461e-06,3.9466314461292229e-10,0.66292189029615078,0,0,1.923198,1.9784330000000001,0,0,0,10,1.7329301327251301e-09,1,0,0,-0.33520162105560303,-0.0064462916925549507,0.0024863513389310867
18,0.31666668318212032,0,0,496.12503051757812,496.12503504753113,496.12503504753113,-0.33540725708007812,-0.0061682276427745819,0.36018940341361105,0,0,0,13.586047291755676,-1.2336455285549164,0.00012691757547145244,6.4140462834009595,1.2335411451676612,-9.1578799122685379e-05,0,2.917479305963866e-05,1.7695531293604461e-06,3.9466314461292229e-10,0.6629218902961509,0,0,0,0.036877,0,0,0,10,1.7329301327251301e-09,1,0,0,-0.33530443906784058,-0.0061682276427745819,0.0024863513389310867
19,0.33333335071802139,1,0.033333335071802139,496.12503051757812,496.12503504753113,496.12503504753113,-0.33550587296485901,-0.0059171747416257858,0.36026991763133187,-0.11113405227661133,0.050209306180477142,-0.00021143988124094903,13.474917411804199,-1.1834349483251572,-8.45223325995903e-05,6.5251805066145341,1.1833319248981764,0.00011986119672998085,0,3.3518055154502235e-05,3.1295134039766026e-06,4.8244476810862733e-10,0.65596832400481597,0,0,1.8157859999999999,1.8689750000000001,0,0,0,10,1.7174260902308447e-09,1,0,0,-0.33540725708007812,-0.0061682276427745819,0.0023851485841362703
20,0.35000001825392246,0,0,496.12503051757812,496.12503504753113,496.12503504753113,-0.33560448884963989,-0.0059171747416257858,0.36026991763133187,0,0,0,13.474917411804199,-1.1834349483251572,-8.45223325995903e-05,6.5251805066145341,1.1833319248981764,0.00011986119672998085,0,3.3518055154502235e-05,3.1295134039766026e-06,4.8244476810862733e-10,0.65596832837999153,0,0,0,0.037054999999999998,0,0,0,10,1.7174260902308447e-09,1,0,0,-0.33550587296485901,-0.0059171747416257858,0.0023851485841362703
21,0.36666668578982353,1,0.033333335071802139,496.12503051757812,496.12503504753113,496.12503504753113,-0.33569931983947754,-0.005690455436706543,0.36034729102385687,-0.10022897273302078,0.045343346893787384,0.00014461492537520826,13.374702632427216,-1.1380910873413086,6.0092617104601231e-05,6.6254095624008063,1.1379885630141671,-2.4753713556987963e-05,0,4.7794464443029483e-05,3.6286132427676421e-06,5.2186199082254227e-10,0.64966741699310671,0,0,1.7639100000000001,1.8171919999999999,0,0,0,10,1.7041891231528439e-09,1,0,0,-0.33560448884963989,-0.0059171747416257858,0.0022937535553011197
22,0.3833333533257246,0,0,496.12503051757812,496.12503504753113,496.12503504753113,-0.33579415082931519,-0.005690455436706543,0.36034729102385687,0,0,0,13.374702632427216,-1.1380910873413086,6.0092617104601231e-05,6.6254095624008063,1.1379885630141671,-2.4753713556987963e-05,0,4.7794464443029483e-05,3.6286132427676421e-06,5.2186199082254227e-10,0.64966742594914417,0,0,0,0.036935000000000003,0,0,0,10,1.7041891231528439e-09,1,0,0,-0.33569931983947754,-0.005690455436706543,0.0022937535553011197
23,0.40000002086162567,1,0.033333335071802139,496.12503051757812,496.12503504753113,496.12503504753113,-0.33588558435440063,-0.0054856566712260246,0.36042182710097742,-0.091184027493000031,0.040959298610687256,-9.817655518418178e-05,13.283522427082062,-1.0971313342452049,-3.8083905451458122e-05,6.7165936005779594,1.0970292722056691,7.3422845293582921e-05,0,5.1627296443257364e-05,4.0909008487410858e-06,5.5815650235394032e-10,0.64389067146140899,0,0,1.8994530000000001,1.954264,0,0,0,10,1.716197628454097e-09,1,0,0,-0.33579415082931519,-0.005690455436706543,0.0022111951518442694
24,0.41666668839752674,0,0,496.12503051757812,496.12503504753113,496.12503504753113,-0.33597701787948608,-0.0054856566712260246,0.36042182710097742,0,0,0,13.283522427082062,-1.0971313342452049,-3.8083905451458122e-05,6.7165936005779594,1.0970292722056691,7.3422845293582921e-05,0,5.1627296443257364e-05,4.0909008487410858e-06,5.5815650235394032e-10,0.64389066689051644,0,0,0,0.037217,0,0,0,10,1.716197628454097e-09,1,0,0,-0.33588558435440063,-0.0054856566712260246,0.0022111951518442694
25,0.43333335593342781,1,0.033333335071802139,496.12503051757812,496.12503504753113,496.12503504753113,-0.33606535196304321,-0.005300608929246664,0.36049379154938416,-0.083663217723369598,0.037008743733167648,8.3707062003668398e-05,13.199858367443085,-1.0601217858493328,4.5623136202266323e-05,6.8002566844895833,1.0600205329326156,-1.0284222494690178e-05,0,5.0651569090121029e-05,4.9000236672647191e-06,5.3202195370006221e-10,0.63854536051313326,0,0,2.1444329999999998,2.2324090000000001,0,0,0,10,1.4420649119273321e-09,1,0,0,-0.33597701787948608,-0.0054856566712260246,0.0021365995627111631
26,0.45000002346932888,0,0,496.12503051757812,496.12503504753113,496.12503504753113,-0.33615368604660034,-0.005300608929246664,0.36049379154938416,0,0,0,13.199858367443085,-1.0601217858493328,4.5623136202266323e-05,6.8002566844895833,1.0600205329326156,-1.0284222494690178e-05,0,5.0651569090121029e-05,4.9000236672647191e-06,5.3202195370006221e-10,0.63854535585763661,0,0,0,0.052506999999999998,0,0,0,10,1.4420649119273321e-09,1,0,0,-0.33606535196304321,-0.005300608929246664,0.0021365995627111631
27,0.46666669100522995,1,0.033333335071802139,496.12503051757812,496.12503504753113,496.12503504753113,-0.33623924851417542,-0.0051333648152649403,0.36056343210088165,-0.077385805547237396,0.033448748290538788,-1.9633343981695361e-06,13.122475147247314,-1.0266729630529881,4.3659801463036274e-05,6.8776425257462934,1.0265717023341281,-8.3209181258070181e-06,0,5.327263002996574e-05,4.8922215247770851e-06,5.0165160681058321e-10,0.63356244944475293,0,0,1.916801,1.971368,0,0,0,10,1.7154606624103508e-09,1,0,0,-0.33615368604660034,-0.005300608929246664,0.0020691793999788335
28,0.48333335854113102,0,0,496.12503051757812,496.12503504753113,496.12503504753113,-0.33632481098175049,-0.0051333648152649403,0.36056343210088165,0,0,0,13.122475147247314,-1.0266729630529881,4.3659801463036274e-05,6.8776425257462934,1.0265717023341281,-8.3209181258070181e-06,0,5.327263002996574e-05,4.8922215247770851e-06,5.0165160681058321e-10,0.63356244471151657,0,0,0,0.036873000000000003,0,0,0,10,1.7154606624103508e-09,1,0,0,-0.33623924851417542,-0.0051333648152649403,0.0020691793999788335
29,0.50000002607703209,1,0.033333335071802139,496.12503051757812,496.12503504753113,496.12503504753113,-0.33640784025192261,-0.0049821576103568077,0.36063097098043978,-0.072115816175937653,0.030240468680858612,-3.3017055102391168e-05,13.050356507301331,-0.99643152207136154,1.0642754944001354e-05,6.9497582378984575,0.9963312280554677,2.469613188448682e-05,0,5.0344836211024813e-05,5.8589244904538873e-06,5.0514286572829036e-10,0.62888821728493671,0,0,1.9458660000000001,1.999503,0,0,0,10,1.7025802989678596e-09,1,0,0,-0.33632481098175049,-0.0051333648152649403,0.0020082260673662928
30,0.51666669361293316,0,0,496.12503051757812,496.12503504753113,496.12503504753113,-0.33649086952209473,-0.0049821576103568077,0.36063097098043978,0,0,0,13.050356507301331,-0.99643152207136154,1.0642754944001354e-05,6.9497582378984575,0.9963312280554677,2.469613188448682e-05,0,5.0344836211024813e-05,5.8589244904538873e-06,5.0514286572829036e-10,0.62888821728493671,0,0,0,0.037157000000000003,0,0,0,10,1.7025802989678596e-09,1,0,0,-0.33640784025192261,-0.0049821576103568077,0.0020082260673662928
31,0.53333336114883423,1,0.033333335071802139,496.12503051757812,496.12503504753113,496.12503504753113,-0.33657163381576538,-0.0048454017378389835,0.36069661388997332,-0.067664705216884613,0.027349386364221573,6.924723038537195e-06,12.982678413391113,-0.96908034756779671,1.7567482757385733e-05,7.017423115257615,0.96898183100260105,1.7771403852927665e-05,0,3.7128285150345164e-05,7.6363751890795584e-06,5.0492469095262706e-10,0.62448083667971921,0,0,1.8594619999999999,1.9129160000000001,0,0,0,10,1.8033237125791857e-09,1,0,0,-0.33649086952209473,-0.0049821576103568077,0.0019531000504938599
32,0.5500000286847353,0,0,496.12503051757812,496.12503504753113,496.12503504753113,-0.33665239810943604,-0.0048454017378389835,0.36069661388997332,0,0,0,12.982678413391113,-0.96908034756779671,1.7567482757385733e-05,7.017423115257615,0.96898183100260105,1.7771403852927665e-05,0,3.7128285150345164e-05,7.6363751890795584e-06,5.0492469095262706e-10,0.6244808318072258,0,0,0,0.036934000000000002,0,0,0,10,1.8033237125791857e-09,1,0,0,-0.33657163381576538,-0.0048454017378389835,0.0019531000504938599
33,0.56666669622063637,1,0.033333335071802139,496.12503051757812,496.12503504753113,496.12503504753113,-0.33673110604286194,-0.0047216545790433884,0.36076054554812764,-0.06388438493013382,0.024748094379901886,-1.0847366866073571e-05,12.91879266500473,-0.94433091580867767,6.7201114006820717e-06,7.0813075524812383,0.94423374658508474,2.8618748724159199e-05,0,3.5817122391534895e-05,8.9837167918105365e-06,4.7843921882552605e-10,0.62030868918700954,0,0,1.896871,1.9512320000000001,0,0,0,10,1.8567417603421177e-09,1,0,0,-0.33665239810943604,-0.0048454017378389835,0.0019032172937909144
34,0.58333336375653744,0,0,496.12503051757812,496.12503504753113,496.12503504753113,-0.33680981397628784,-0.0047216545790433884,0.36076054554812764,0,0,0,12.91879266500473,-0.94433091580867767,6.7201114006820717e-06,7.0813075524812383,0.94423374658508474,2.8618748724159199e-05,0,3.5817122391534895e-05,8.9837167918105365e-06,4.7843921882552605e-10,0.62030868918700954,0,0,0,0.036947000000000001,0,0,0,10,1.8567417603421177e-09,1,0,0,-0.33673110604286194,-0.0047216545790433884,0.0019032172937909144
35,0.60000003129243851,1,0.033333335071802139,496.12503051757812,496.12503504753113,496.12503504753113,-0.33688661456108093,-0.0046087633818387985,0.36082291105115899,-0.060632746666669846,0.02257726714015007,1.1467773219919764e-05,12.85816878080368,-0.9217526763677597,1.818788888385825e-05,7.1419401050046423,0.92165647005928752,1.715096530152812e-05,0,4.4485444746555913e-05,9.9466319123386882e-06,4.7249976392431392e-10,0.61634495209646811,0,0,2.025674,2.1009250000000002,0,0,0,10,1.3678805865779964e-09,1,0,0,-0.33680981397628784,-0.0047216545790433884,0.0018577100628896675
36,0.61666669882833958,0,0,496.12503051757812,496.12503504753113,496.12503504753113,-0.33696341514587402,-0.0046087633818387985,0.36082291105115899,0,0,0,12.85816878080368,-0.9217526763677597,1.818788888385825e-05,7.1419401050046423,0.92165647005928752,1.715096530152812e-05,0,4.4485444746555913e-05,9.9466319123386882e-06,4.7249976392431392e-10,0.61634495709211423,0,0,0,0.037034999999999998,0,0,0,10,1.3678805865779964e-09,1,0,0,-0.33688661456108093,-0.0046087633818387985,0.0018577100628896675
37,0.63333336636424065,1,0.033333335071802139,496.12503051757812,496.12503504753113,496.12503504753113,-0.33703848719596863,-0.0045040808618068695,0.36088385830829739,-0.057792618870735168,0.020935064181685448,-1.7922540791914798e-05,12.8003790974617,-0.9008161723613739,2.6534261454713715e-07,7.1997325124800371,0.90072144240466379,3.5073522813731172e-05,0,4.7209578159623788e-05,1.1422983674513887e-05,4.8374265586347085e-10,0.61256679014310556,0,0,1.939154,1.99295,0,0,0,10,1.6304133598765702e-09,1,0,0,-0.33696341514587402,-0.0046087633818387985,0.0018155129831704025
38,0.65000003390014172,0,0,496.12503051757812,496.12503504753113,496.12503504753113,-0.33711355924606323,-0.0045040808618068695,0.36088385830829739,0,0,0,12.8003790974617,-0.9008161723613739,2.6534261454713715e-07,7.1997325124800371,0.90072144240466379,3.5073522813731172e-05,0,4.7209578159623788e-05,1.1422983674513887e-05,4.8374265586347085e-10,0.61256679014310556,0,0,0,0.036866999999999997,0,0,0,10,1.6304133598765702e-09,1,0,0,-0.33703848719596863,-0.0045040808618068695,0.0018155129831704025
39,0.66666670143604279,1,0.033333335071802139,496.12503051757812,496.12503504753113,496.12503504753113,-0.33718699216842651,-0.0044065071269869804,0.36094345905038783,-0.055307384580373764,0.019513057544827461,-4.3029103835579008e-08,12.745071947574615,-0.88130142539739609,2.2232085061801854e-07,7.2550398839130743,0.88120835453034629,3.5116542399166794e-05,0,4.7431124112762291e-05,1.3082073334835798e-05,4.8156416236676356e-10,0.60895637534351121,0,0,1.8741509999999999,1.927454,0,0,0,10,4.5977492924009766e-09,1,0,0,-0.33711355924606323,-0.0045040808618068695,0.0017761819950205141
40,0.68333336897194386,0,0,496.12503051757812,496.12503504753113,496.12503504753113,-0.33726042509078979,-0.0044065071269869804,0.36094345905038783,0,0,0,12.745071947574615,-0.88130142539739609,2.2232085061801854e-07,7.2550398839130743,0.88120835453034629,3.5116542399166794e-05,0,4.7431124112762291e-05,1.3082073334835798e-05,4.8156416236676356e-10,0.60895637534351121,0,0,0,0.036852000000000003,0,0,0,10,4.5977492924009766e-09,1,0,0,-0.33718699216842651,-0.0044065071269869804,0.0017761819950205141
41,0.70000003650784492,1,0.033333335071802139,496.12503051757812,496.12503504753113,496.12503504753113,-0.3373323380947113,-0.0043153739534318447,0.36100180325459463,-0.053114671260118484,0.018225990235805511,1.3699736882699654e-05,12.691947817802429,-0.86307479068636894,1.3922050356995896e-05,7.3081543468175285,0.86298237775992492,2.1416803078886119e-05,0,3.7764256379801964e-05,1.3740013940388707e-05,4.7175025957033392e-10,0.60549807374447784,0,0,1.840716,1.893877,0,0,0,10,1.7607825197885063e-09,1,0,0,-0.33726042509078979,-0.0044065071269869804,0.0017394453349390989
42,0.71666670404374599,0,0,496.12503051757812,496.12503504753113,496.12503504753113,-0.33740425109863281,-0.0043153739534318447,0.36100180325459463,0,0,0,12.691947817802429,-0.86307479068636894,1.3922050356995896e-05,7.3081543468175285,0.86298237775992492,2.1416803078886119e-05,0,3.7764256379801964e-05,1.3740013940388707e-05,4.7175025957033392e-10,0.60549807374447784,0,0,0,0.054467000000000002,0,0,0,10,1.7607825197885063e-09,1,0,0,-0.3373323380947113,-0.0043153739534318447,0.0017394453349390989
43,0.73333337157964706,1,0.033333335071802139,496.12503051757812,496.12503504753113,496.12503504753113,-0.3374747633934021,-0.0042300610803067684,0.36105897952960869,-0.051165163516998291,0.017060736194252968,-2.1506712073460221e-05,12.640775740146637,-0.84601221606135368,-7.5846578795335517e-06,7.3593196957646994,0.84592161726338466,4.2923523548662359e-05,0,3.1035547760183135e-05,1.5554142415385996e-05,4.8398350636165346e-10,0.60217969869665722,0,0,2.0281090000000002,2.0837219999999999,0,0,0,10,1.6874653896437053e-09,1,0,0,-0.33740425109863281,-0.0043153739534318447,0.001705057309156635
44,0.75000003911554813,0,0,496.12503051757812,496.12503504753113,496.12503504753113,-0.33754527568817139,-0.0042300610803067684,0.36105897952960869,0,0,0,12.640775740146637,-0.84601221606135368,-7.5846578795335517e-06,7.3593196957646994,0.84592161726338466,4.2923523548662359e-05,0,3.1035547760183135e-05,1.5554142415385996e-05,4.8398350636165346e-10,0.60217969869665722,0,0,0,0.042144000000000001,0,0,0,10,1.6874653896437053e-09,1,0,0,-0.3374747633934021,-0.0042300610803067684,0.001705057309156635
45,0.7666667066514492,1,0.033333335071802139,496.12503051757812,496.12503504753113,496.12503504753113,-0.33761444687843323,-0.0041500208899378777,0.36111505382827336,-0.049414370208978653,0.016006855294108391,6.9108655225136317e-06,12.591354548931122,-0.83000417798757553,-6.7379231083464219e-07,7.4087339014416429,0.82991479555449421,3.6012656544408954e-05,0,2.4050009187703836e-05,1.6770507303309756e-05,4.82547951866552e-10,0.59898983487801649,0,0,2.0087649999999999,2.0923180000000001,0,0,0,10,1.4547845150758576e-09,1,0,0,-0.33754527568817139,-0.0042300610803067684,0.001672793624443855
46,0.78333337418735027,0,0,496.12503051757812,496.12503504753113,496.12503504753113,-0.33768361806869507,-0.0041500208899378777,0.36111505382827336,0,0,0,12.591354548931122,-0.83000417798757553,-6.7379231083464219e-07,7.4087339014416429,0.82991479555449421,3.6012656544408954e-05,0,2.4050009187703836e-05,1.6770507303309756e-05,4.82547951866552e-10,0.59898983487801649,0,0,0,0.036902999999999998,0,0,0,10,1.4547845150758576e-09,1,0,0,-0.33761444687843323,-0.0041500208899378777,0.001672793624443855
47,0.80000004172325134,1,0.033333335071802139,496.12503051757812,496.12503504753113,496.12503504753113,-0.33775153756141663,-0.0040747495368123055,0.36117009662699934,-0.047826308757066727,0.015053600072860718,9.2442423920147121e-06,12.543511390686035,-0.81494990736246109,8.5704598973279644e-06,7.4565603878028259,0.81486120766625136,2.6768427271286516e-05,0,7.3781252822868737e-06,1.7453244174792104e-05,5.0548299203865329e-10,0.59591797348648767,0,0,1.8243579999999999,1.8776790000000001,0,0,0,10,1.5715071466360087e-09,1,0,0,-0.33768361806869507,-0.0041500208899378777,0.0016424512977624357
48,0.81666670925915241,0,0,496.12503051757812,496.12503504753113,496.12503504753113,-0.33781945705413818,-0.0040747495368123055,0.36117009662699934,0,0,0,12.543511390686035,-0.81494990736246109,8.5704598973279644e-06,7.4565603878028259,0.81486120766625136,2.6768427271286516e-05,0,7.3781252822868737e-06,1.7453244174792104e-05,5.0548299203865329e-10,0.59591798411335661,0,0,0,0.036944999999999999,0,0,0,10,1.5715071466360087e-09,1,0,0,-0.33775153756141663,-0.0040747495368123055,0.0016424512977624357
49,0.83333337679505348,1,0.033333335071802139,496.12503051757812,496.12503504753113,496.12503504753113,-0.33788618445396423,-0.0040037841536104679,0.36122417640017013,-0.046379067003726959,0.01419193297624588,1.555686685605906e-05,12.497120350599289,-0.80075683072209358,2.4127314190991456e-05,7.5029394277921666,0.80066929715832857,1.1211593794007127e-05,0,-4.6219721205886799e-06,1.8619376619621875e-05,5.2629937613687863e-10,0.59295644033256223,0,0,1.862975,1.9162999999999999,0,0,0,10,1.8626425957180004e-09,1,0,0,-0.33781945705413818,-0.0040747495368123055,0.0016138457860358139
50,0.85000004433095455,0,0,496.12503051757812,496.12503504753113,496.12503504753113,-0.33795291185379028,-0.0040037841536104679,0.36122417640017013,0,0,0,12.497120350599289,-0.80075683072209358,2.4127314190991456e-05,7.5029394277921666,0.80066929715832857,1.1211593794007127e-05,0,-4.6219721205886799e-06,1.8619376619621875e-05,5.2629937613687863e-10,0.59295644033256223,0,0,0,0.056309999999999999,0,0,0,10,1.8626425957180004e-09,1,0,0,-0.33788618445396423,-0.0040037841536104679,0.0016138457860358139
51,0.86666671186685562,1,0.033333335071802139,496.12503051757812,496.12503504753113,496.12503504753113,-0.33801853656768799,-0.00393671914935112,0.36127733671087392,-0.045049570500850677,0.01341282669454813,-1.6677025769240572e-06,12.452064454555511,-0.787343829870224,2.2459616388914583e-05,7.5479885827667736,0.78725646766544122,1.2879293333377129e-05,0,-1.1363041291900799e-05,1.8790735601736941e-05,5.2803666926687191e-10,0.59009742155950362,0,0,1.8974610000000001,1.9726049999999999,0,0,0,10,1.8476485896812278e-09,1,0,0,-0.33795291185379028,-0.0040037841536104679,0.0015868106063021358
52,0.88333337940275669,0,0,496.12503051757812,496.12503504753113,496.12503504753113,-0.33808416128158569,-0.00393671914935112,0.36127733671087392,0,0,0,12.452064454555511,-0.787343829870224,2.2459616388914583e-05,7.5479885827667736,0.78725646766544122,1.2879293333377129e-05,0,-1.1363041291900799e-05,1.8790735601736941e-05,5.2803666926687191e-10,0.59009742696775325,0,0,0,0.037918,0,0,0,10,1.8476485896812278e-09,1,0,0,-0.33801853656768799,-0.00393671914935112,0.0015868106063021358
53,0.90000004693865776,1,0.033333335071802139,496.12503051757812,496.12503504753113,496.12503504753113,-0.33814871311187744,-0.0038731724489480257,0.361329622072529,-0.043817095458507538,0.012708432041108608,9.9944986686750781e-07,12.408243864774704,-0.77463448978960514,2.3459068643205683e-05,7.5918055338942656,0.77454799284979914,1.1879856432478408e-05,0,-1.5001694606553428e-05,1.9656000578294197e-05,5.4339006164567374e-10,0.58733399892976301,0,0,2.0175960000000002,2.0723950000000002,0,0,0,10,2.1532331473395061e-09,1,0,0,-0.33808416128158569,-0.00393671914935112,0.0015611951385916128
54,0.91666671447455883,0,0,496.12503051757812,496.12503504753113,496.12503504753113,-0.33821326494216919,-0.0038731724489480257,0.361329622072529,0,0,0,12.408243864774704,-0.77463448978960514,2.3459068643205683e-05,7.5918055338942656,0.77454799284979914,1.1879856432478408e-05,0,-1.5001694606553428e-05,1.9656000578294197e-05,5.4339006164567374e-10,0.58733400438381578,0,0,0,0.037019999999999997,0,0,0,10,2.1532331473395061e-09,1,0,0,-0.33814871311187744,-0.0038731724489480257,0.0015611951385916128
55,0.9333333820104599,1,0.033333335071802139,496.12503051757812,496.12503504753113,496.12503504753113,-0.33827680349349976,-0.0038128113374114037,0.36138108318202755,-0.042668182402849197,0.012071791104972363,-1.5284313121810555e-06,12.365569919347763,-0.76256226748228073,2.1930631532995903e-05,7.6344737440877584,0.76247620498840996,1.340829043489972e-05,0,-2.0736928057374371e-05,2.0090446513520988e-05,5.4028227317791345e-10,0.58465953549166771,0,0,1.8428960000000001,1.896539,0,0,0,10,1.745870670255556e-09,1,0,0,-0.33821326494216919,-0.0038731724489480257,0.0015368629904261154
56,0.95000004954636097,0,0,496.12503051757812,496.12503504753113,496.12503504753113,-0.33834034204483032,-0.0038128113374114037,0.36138108318202755,0,0,0,12.365569919347763,-0.76256226748228073,2.1930631532995903e-05,7.6344737440877584,0.76247620498840996,1.340829043489972e-05,0,-2.0736928057374371e-05,2.0090446513520988e-05,5.4028227317791345e-10,0.58465954648937402,0,0,0,0.036970000000000003,0,0,0,10,1.745870670255556e-09,1,0,0,-0.33827680349349976,-0.0038128113374114037,0.0015368629904261154
57,0.96666671708226204,1,0.033333335071802139,496.12503051757812,496.12503504753113,496.12503504753113,-0.33840292692184448,-0.0037553291767835617,0.36143176308294539,-0.041593845933675766,0.011496260762214661,-1.4012999599799514e-05,12.323976308107376,-0.75106583535671234,7.9176423639637505e-06,7.6760675677176122,0.75097993507582317,2.7421285740728385e-05,0,-2.0524538587807228e-05,2.0252659495234582e-05,5.4641906968642788e-10,0.58206899989654626,0,0,1.787779,1.8408450000000001,0,0,0,10,1.9204133838712778e-09,1,0,0,-0.33834034204483032,-0.0038128113374114037,0.0015136908682785494
58,0.98333338461816311,0,0,496.12503051757812,496.12503504753113,496.12503504753113,-0.33846551179885864,-0.0037553291767835617,0.36143176308294539,0,0,0,12.323976308107376,-0.75106583535671234,7.9176423639637505e-06,7.6760675677176122,0.75097993507582317,2.7421285740728385e-05,0,-2.0524538587807228e-05,2.0252659495234582e-05,5.4641906968642788e-10,0.58206899989654626,0,0,0,0.036968000000000001,0,0,0,10,1.9204133838712778e-09,1,0,0,-0.33840292692184448,-0.0037553291767835617,0.0015136908682785494
59,1.0000000521540642,1,0.033333335071802139,496.12503051757812,496.12503504753113,496.12503504753113,-0.33852717280387878,-0.0037004470359534025,0.36148169866072494,-0.040580857545137405,0.01097605936229229,-8.136692031257553e-08,12.283395975828171,-0.7400894071906805,7.8362788258345972e-06,7.7166487082829738,0.74000397609579882,2.7502646220833482e-05,0,-1.9716252431578596e-05,2.0721845502613689e-05,5.4336104563759875e-10,0.57955701738902365,0,0,1.854336,1.9077310000000001,0,0,0,10,1.7316901246289262e-09,1,0,0,-0.33846551179885864,-0.0037553291767835617,0.0014915674957320041
60,1.0166667196899652,0,0,496.12503051757812,496.12503504753113,496.12503504753113,-0.33858883380889893,-0.0037004470359534025,0.36148169866072494,0,0,0,12.283395975828171,-0.7400894071906805,7.8362788258345972e-06,7.7166487082829738,0.74000397609579882,2.7502646220833482e-05,0,-1.9716252431578596e-05,2.0721845502613689e-05,5.4336104563759875e-10,0.57955701738902365,0,0,0,0.037171000000000003,0,0,0,10,1.7316901246289262e-09,1,0,0,-0.33852717280387878,-0.0037004470359534025,0.0014915674957320041
61,1.0333333872258663,1,0.033333335071802139,496.12503051757812,496.12503504753113,496.12503504753113,-0.33864963054656982,-0.0036479169502854347,0.36153091325544984,-0.03962363675236702,0.010505624115467072,5.54266352992272e-06,12.243771553039551,-0.72958339005708694,1.3378941332575778e-05,7.7562721820462937,0.72949831627357165,2.1959971359890581e-05,0,-2.0665277730813614e-05,2.1079156869330262e-05,5.3100684391021655e-10,0.5771188484627171,0,0,1.816381,1.8705620000000001,0,0,0,10,1.9208628021516461e-09,1,0,0,-0.33858883380889893,-0.0037004470359534025,0.0014703920680069738
62,1.0500000547617674,0,0,496.12503051757812,496.12503504753113,496.12503504753113,-0.33871042728424072,-0.0036479169502854347,0.36153091325544984,0,0,0,12.243771553039551,-0.72958339005708694,1.3378941332575778e-05,7.7562721820462937,0.72949831627357165,2.1959971359890581e-05,0,-2.0665277730813614e-05,2.1079156869330262e-05,5.3100684391021655e-10,0.5771188484627171,0,0,0,0.037756999999999999,0,0,0,10,1.9208628021516461e-09,1,0,0,-0.33864963054656982,-0.0036479169502854347,0.0014703920680069738
63,1.0666667222976685,1,0.033333335071802139,496.12503051757812,496.12503504753113,496.12503504753113,-0.33877038955688477,-0.0035975149367004633,0.36157944017932536,-0.038717083632946014,0.010080253705382347,-4.927212285110727e-05,12.205057591199875,-0.71950298734009266,-3.5893211247639556e-05,7.7949891769336972,0.71941807051448403,7.1232109046290713e-05,0,-1.7632230004949179e-05,2.1236114776002069e-05,5.1611302871160027e-10,0.57475056241132161,0,0,1.9836849999999999,2.0384739999999999,0,0,0,10,1.1350494988349169e-09,1,0,0,-0.33871042728424072,-0.0036479169502854347,0.001450074113767632
64,1.0833333898335695,0,0,496.12503051757812,496.12503504753113,496.12503504753113,-0.33883035182952881,-0.0035975149367004633,0.36157944017932536,0,0,0,12.205057591199875,-0.71950298734009266,-3.5893211247639556e-05,7.7949891769336972,0.71941807051448403,7.1232109046290713e-05,0,-1.7632230004949179e-05,2.1236114776002069e-05,5.1611302871160027e-10,0.57475056241132161,0,0,0,0.053563,0,0,0,10,1.1350494988349169e-09,1,0,0,-0.33877038955688477,-0.0035975149367004633,0.001450074113767632
65,1.1000000573694706,1,0.033333335071802139,496.12503051757812,496.12503504753113,496.12503504753113,-0.33888950943946838,-0.0035490307491272688,0.36162730995692371,-0.037852644920349121,0.0096971699967980385,2.2349327991832979e-05,12.167204171419144,-0.70980614982545376,-1.354388956542607e-05,7.8328419401466585,0.70972099500582364,4.8882771676438099e-05,0,-1.8288797775767307e-05,2.0998120754178728e-05,5.0042538958305427e-10,0.57244788127961721,0,0,1.849669,1.9034850000000001,0,0,0,10,1.3969838619232178e-09,1,0,0,-0.33883035182952881,-0.0035975149367004633,0.001430528485501299
66,1.1166667249053717,0,0,496.12503051757812,496.12503504753113,496.12503504753113,-0.33894866704940796,-0.0035490307491272688,0.36162730995692371,0,0,0,12.167204171419144,-0.70980614982545376,-1.354388956542607e-05,7.8328419401466585,0.70972099500582364,4.8882771676438099e-05,0,-1.8288797775767307e-05,2.0998120754178728e-05,5.0042538958305427e-10,0.57244788127961721,0,0,0,0.036968000000000001,0,0,0,10,1.3969838619232178e-09,1,0,0,-0.33888950943946838,-0.0035490307491272688,0.001430528485501299
67,1.1333333924412727,1,0.033333335071802139,496.12503051757812,496.12503504753113,496.12503504753113,-0.33900704979896545,-0.0035021852236241102,0.36167453748940614,-0.037027448415756226,0.0093687400221824646,1.1725876902346499e-05,12.130171805620193,-0.70043704472482204,-1.8180175587190206e-06,7.8698697050847901,0.7003521823189276,3.7156893891678005e-05,0,-2.288965859520431e-05,2.1290534490070456e-05,4.9464733653889091e-10,0.57020750878542703,0,0,1.7388969999999999,1.79227,0,0,0,10,1.3387009278886808e-09,1,0,0,-0.33894866704940796,-0.0035490307491272688,0.0014116445106460522
68,1.1500000599771738,0,0,496.12503051757812,496.12503504753113,496.12503504753113,-0.33906543254852295,-0.0035021852236241102,0.36167453748940614,0,0,0,12.130171805620193,-0.70043704472482204,-1.8180175587190206e-06,7.8698697050847901,0.7003521823189276,3.7156893891678005e-05,0,-2.288965859520431e-05,2.1290534490070456e-05,4.9464733653889091e-10,0.5702075030368281,0,0,0,0.03703,0,0,0,10,1.3387009278886808e-09,1,0,0,-0.33900704979896545,-0.0035021852236241102,0.0014116445106460522
69,1.1666667275130749,1,0.033333335071802139,496.12503051757812,496.12503504753113,496.12503504753113,-0.33912304043769836,-0.0034568787086755037,0.36172114473571165,-0.03623417392373085,0.0090609397739171982,1.0925281458185054e-05,12.093929946422577,-0.69137574173510075,9.107263565510948e-06,7.9061040924800334,0.69129117297977205,2.6231600980913001e-05,0,-3.0361460964911657e-05,2.1584185055711913e-05,4.8286080150017514e-10,0.56802623583341671,0,0,1.910479,1.9635229999999999,0,0,0,10,1.1058740589930949e-09,1,0,0,-0.33906543254852295,-0.0035021852236241102,0.0013933809506580194
70,1.1833333950489759,0,0,496.12503051757812,496.12503504753113,496.12503504753113,-0.33918064832687378,-0.0034568787086755037,0.36172114473571165,0,0,0,12.093929946422577,-0.69137574173510075,9.107263565510948e-06,7.9061040924800334,0.69129117297977205,2.6231600980913001e-05,0,-3.0361460964911657e-05,2.1584185055711913e-05,4.8286080150017514e-10,0.5680262300461747,0,0,0,0.036865000000000002,0,0,0,10,1.1058740589930949e-09,1,0,0,-0.33912304043769836,-0.0034568787086755037,0.0013933809506580194
71,1.200000062584877,1,0.033333335071802139,496.12503051757812,496.12503504753113,496.12503504753113,-0.33923754096031189,-0.0034129796549677849,0.36176717145761239,-0.03548257052898407,0.008779461495578289,1.6778511053416878e-05,12.058444321155548,-0.68259593099355698,2.5885779564305267e-05,7.9415867913678415,0.68251170288226426,9.4530823372313179e-06,0,-3.3287840189188955e-05,2.1924829091801712e-05,4.8021591413929202e-10,0.56590143308050345,0,0,1.789938,1.8547480000000001,0,0,0,10,1.222128620526064e-09,1,0,0,-0.33918064832687378,-0.0034568787086755037,0.0013756848670554921
72,1.2166667301207781,0,0,496.12503051757812,496.12503504753113,496.12503504753113,-0.33929443359375,-0.0034129796549677849,0.36176717145761239,0,0,0,12.058444321155548,-0.68259593099355698,2.5885779564305267e-05,7.9415867913678415,0.68251170288226426,9.4530823372313179e-06,0,-3.3287840189188955e-05,2.1924829091801712e-05,4.8021591413929202e-10,0.56590142725540471,0,0,0,0.046871999999999997,0,0,0,10,1.222128620526064e-09,1,0,0,-0.33923754096031189,-0.0034129796549677849,0.0013756848670554921
73,1.2333333976566792,1,0.033333335071802139,496.12503051757812,496.12503504753113,496.12503504753113,-0.33935061097145081,-0.0033703672233968973,0.36181262328105707,-0.034757796674966812,0.0085221882909536362,-1.9058939869864844e-05,12.023677676916122,-0.67407344467937946,6.8268271036231454e-06,7.9763445930302197,0.67398943962171298,2.8512034380752383e-05,0,-4.2130417234886863e-05,2.2147882718037692e-05,4.7979875308261713e-10,0.56382971808640592,0,0,1.913187,1.9873339999999999,0,0,0,10,1.629824497584309e-09,1,0,0,-0.33929443359375,-0.0034129796549677849,0.0013585072149345206
74,1.2500000651925802,0,0,496.12503051757812,496.12503504753113,496.12503504753113,-0.33940678834915161,-0.0033703672233968973,0.36181262328105707,0,0,0,12.023677676916122,-0.67407344467937946,6.8268271036231454e-06,7.9763445930302197,0.67398943962171298,2.8512034380752383e-05,0,-4.2130417234886863e-05,2.2147882718037692e-05,4.7979875308261713e-10,0.56382971808640603,0,0,0,0.036902999999999998,0,0,0,10,1.629824497584309e-09,1,0,0,-0.33935061097145081,-0.0033703672233968973,0.0013585072149345206
75,1.2666667327284813,1,0.033333335071802139,496.12503051757812,496.12503504753113,496.12503504753113,-0.3394622802734375,-0.0033289249986410141,0.36185750633883629,-0.034060932695865631,0.0082879066467285156,-9.7335816917620832e-07,11.989612877368927,-0.66578499972820282,5.8534730840165139e-06,8.0104056081132082,0.66570155069581571,2.9485395394857473e-05,0,-4.5914881440012323e-05,2.2703907997190242e-05,4.8679325154177278e-10,0.56180926692207045,0,0,1.803329,1.857105,0,0,0,10,1.6299768201832876e-09,1,0,0,-0.33940678834915161,-0.0033703672233968973,0.0013418019726257884
76,1.2833334002643824,0,0,496.12503051757812,496.12503504753113,496.12503504753113,-0.33951777219772339,-0.0033289249986410141,0.36185750633883629,0,0,0,11.989612877368927,-0.66578499972820282,5.8534730840165139e-06,8.0104056081132082,0.66570155069581571,2.9485395394857473e-05,0,-4.5914881440012323e-05,2.2703907997190242e-05,4.8679325154177278e-10,0.56180926692207045,0,0,0,0.036927000000000001,0,0,0,10,1.6299768201832876e-09,1,0,0,-0.3394622802734375,-0.0033289249986410141,0.0013418019726257884
77,1.3000000678002834,1,0.033333335071802139,496.12503051757812,496.12503504753113,496.12503504753113,-0.33957257866859436,-0.0032885426189750433,0.36190184864665387,-0.033388882875442505,0.0080760084092617035,-4.6405972398133599e-08,11.956220865249634,-0.65770852379500866,5.8070735775572757e-06,8.0437944466065687,0.65762554621258673,2.9531794444240501e-05,0,-4.9088507374506207e-05,2.3175357962479382e-05,4.8633617533139608e-10,0.55983747273138718,0,0,1.7873319999999999,1.8402369999999999,0,0,0,10,1.7464408808010035e-09,1,0,0,-0.33951777219772339,-0.0033289249986410141,0.0013255238090325015
78,1.3166667353361845,0,0,496.12503051757812,496.12503504753113,496.12503504753113,-0.33962738513946533,-0.0032885426189750433,0.36190184864665387,0,0,0,11.956220865249634,-0.65770852379500866,5.8070735775572757e-06,8.0437944466065687,0.65762554621258673,2.9531794444240501e-05,0,-4.9088507374506207e-05,2.3175357962479382e-05,4.8633617533139608e-10,0.55983748459946681,0,0,0,0.036906000000000001,0,0,0,10,1.7464408808010035e-09,1,0,0,-0.33957257866859436,-0.0032885426189750433,0.0013255238090325015
79,1.3333334028720856,1,0.033333335071802139,496.12503051757812,496.12503504753113,496.12503504753113,-0.33968153595924377,-0.0032491306774318218,0.36194565444931298,-0.032738048583269119,0.0078815948218107224,4.0903578337747604e-06,11.923482269048691,-0.64982613548636436,9.897432562411268e-06,8.0765325643831449,0.64974387014362445,2.5441428227444847e-05,0,-4.9566931743072473e-05,2.3887597644822733e-05,4.7910423366912024e-10,0.55791231717968826,0,0,1.8526370000000001,1.9058740000000001,0,0,0,10,1.5135440678548662e-09,1,0,0,-0.33962738513946533,-0.0032885426189750433,0.0013096373378565262
80,1.3500000704079866,0,0,496.12503051757812,496.12503504753113,496.12503504753113,-0.33973568677902222,-0.0032491306774318218,0.36194565444931298,0,0,0,11.923482269048691,-0.64982613548636436,9.897432562411268e-06,8.0765325643831449,0.64974387014362445,2.5441428227444847e-05,0,-4.9566931743072473e-05,2.3887597644822733e-05,4.7910423366912024e-10,0.55791231717968826,0,0,0,0.036871000000000001,0,0,0,10,1.5135440678548662e-09,1,0,0,-0.33968153595924377,-0.0032491306774318218,0.0013096373378565262
81,1.3666667379438877,1,0.033333335071802139,496.12503051757812,496.12503504753113,496.12503504753113,-0.33978921175003052,-0.0032108081504702568,0.3619889444133052,-0.032107874751091003,0.0076641086488962173,2.7123030577058671e-06,11.891362816095352,-0.64216163009405136,1.260974187289321e-05,8.108640681901937,0.64207973767752535,2.2729124634527829e-05,0,-6.0902366286086362e-05,2.4260523858288252e-05,4.8482179859296592e-10,0.55603088277102475,0,0,1.7315990000000001,1.785657,0,0,0,10,1.5717918078195225e-09,1,0,0,-0.33973568677902222,-0.0032491306774318218,0.0012941893521176795
82,1.3833334054797888,0,0,496.12503051757812,496.12503504753113,496.12503504753113,-0.33984273672103882,-0.0032108081504702568,0.3619889444133052,0,0,0,11.891362816095352,-0.64216163009405136,1.260974187289321e-05,8.108640681901937,0.64207973767752535,2.2729124634527829e-05,0,-6.0902366286086362e-05,2.4260523858288252e-05,4.8482179859296592e-10,0.55603088277102475,0,0,0,0.037798999999999999,0,0,0,10,1.5717918078195225e-09,1,0,0,-0.33978921175003052,-0.0032108081504702568,0.0012941893521176795
83,1.4000000730156898,1,0.033333335071802139,496.12503051757812,496.12503504753113,496.12503504753113,-0.33989563584327698,-0.003173131262883544,0.36203172460806599,-0.031503908336162567,0.0075352312996983528,5.6683222737774486e-07,11.859854310750961,-0.63462625257670879,1.3176578761431301e-05,8.140144507116629,0.63454458343360898,2.2162290245838955e-05,0,-6.558249598498378e-05,2.4483797284702291e-05,4.8732164781111181e-10,0.55419244011065583,0,0,1.9219729999999999,1.977069,0,0,0,10,1.8046117933323558e-09,1,0,0,-0.33984273672103882,-0.0032108081504702568,0.0012790013375817985
84,1.4166667405515909,0,0,496.12503051757812,496.12503504753113,496.12503504753113,-0.33994853496551514,-0.003173131262883544,0.36203172460806599,0,0,0,11.859854310750961,-0.63462625257670879,1.3176578761431301e-05,8.140144507116629,0.63454458343360898,2.2162290245838955e-05,0,-6.558249598498378e-05,2.4483797284702291e-05,4.8732164781111181e-10,0.55419244011065583,0,0,0,0.037040999999999998,0,0,0,10,1.8046117933323558e-09,1,0,0,-0.33989563584327698,-0.003173131262883544,0.0012790013375817985
85,1.433333408087492,1,0.033333335071802139,496.12503051757812,496.12503504753113,496.12503504753113,-0.34000080823898315,-0.0031360432039946318,0.36207400238280796,-0.030928229913115501,0.0074173156172037125,1.4621143691329053e-06,11.828921735286713,-0.62720864079892635,1.4638695233770704e-05,8.1710726381660859,0.62712723149380478,2.0700181660702731e-05,0,-7.002691077673262e-05,2.4743635262947095e-05,4.9520885099009222e-10,0.55239461964882552,0,0,1.850452,1.9041699999999999,0,0,0,10,1.6296902716206318e-09,1,0,0,-0.33994853496551514,-0.003173131262883544,0.0012640507678346106
86,1.4500000756233931,0,0,496.12503051757812,496.12503504753113,496.12503504753113,-0.34005308151245117,-0.0031360432039946318,0.36207400238280796,0,0,0,11.828921735286713,-0.62720864079892635,1.4638695233770704e-05,8.1710726381660859,0.62712723149380478,2.0700181660702731e-05,0,-7.002691077673262e-05,2.4743635262947095e-05,4.9520885099009222e-10,0.55239461964882552,0,0,0,0.037149000000000001,0,0,0,10,1.6296902716206318e-09,1,0,0,-0.34000080823898315,-0.0031360432039946318,0.0012640507678346106
87,1.4666667431592941,1,0.033333335071802139,496.12503051757812,496.12503504753113,496.12503504753113,-0.34010472893714905,-0.0030994943808764219,0.36211578692404578,-0.030363377183675766,0.0073096863925457001,9.4551336360382265e-07,11.798553913831711,-0.61989887617528439,1.5584221557674027e-05,8.2014359876996661,0.61981751828820664,1.9754672633689687e-05,0,-7.4498832198344189e-05,2.4795053306547743e-05,5.1250574126921432e-10,0.550635952174234,0,0,1.735589,1.788767,0,0,0,10,1.1641553276930949e-09,1,0,0,-0.34005308151245117,-0.0031360432039946318,0.0012493171569719823
88,1.4833334106951952,0,0,496.12503051757812,496.12503504753113,496.12503504753113,-0.34015637636184692,-0.0030994943808764219,0.36211578692404578,0,0,0,11.798553913831711,-0.61989887617528439,1.5584221557674027e-05,8.2014359876996661,0.61981751828820664,1.9754672633689687e-05,0,-7.4498832198344189e-05,2.4795053306547743e-05,5.1250574126921432e-10,0.55063595827508305,0,0,0,0.036843000000000001,0,0,0,10,1.1641553276930949e-09,1,0,0,-0.34010472893714905,-0.0030994943808764219,0.0012493171569719823
89,1.5000000782310963,1,0.033333335071802139,496.12503051757812,496.12503504753113,496.12503504753113,-0.34020742774009705,-0.0030634389258921146,0.36215708730425555,-0.029814278706908226,0.0072108493186533451,-2.9332070994314563e-07,11.768731474876404,-0.61268778517842293,1.5290903832010372e-05,8.2312502794484956,0.6126066411357548,2.0047992748842611e-05,0,-8.2646038677580691e-05,2.5008897716283229e-05,5.1489523053755738e-10,0.54891465004764717,0,0,1.796977,1.8498779999999999,0,0,0,10,1.746375710709458e-09,1,0,0,-0.34015637636184692,-0.0030994943808764219,0.00123478276212581
90,1.5166667457669973,0,0,496.12503051757812,496.12503504753113,496.12503504753113,-0.34025847911834717,-0.0030634389258921146,0.36215708730425555,0,0,0,11.768731474876404,-0.61268778517842293,1.5290903832010372e-05,8.2312502794484956,0.6126066411357548,2.0047992748842611e-05,0,-8.2646038677580691e-05,2.5008897716283229e-05,5.1489523053755738e-10,0.54891465617973201,0,0,0,0.036872000000000002,0,0,0,10,1.746375710709458e-09,1,0,0,-0.34020742774009705,-0.0030634389258921146,0.00123478276212581
91,1.5333334133028984,1,0.033333335071802139,496.12503051757812,496.12503504753113,496.12503504753113,-0.34030893445014954,-0.0030278328340500593,0.3621979080850169,-0.029288074001669884,0.0071214321069419384,5.8528507906885352e-06,11.739432066679001,-0.60556656681001186,2.114375945438951e-05,8.2605385535634461,0.60548518825946529,1.4195143430289803e-05,0,-9.3780121130038196e-05,2.4774389837833866e-05,5.2119905686784894e-10,0.54722933937817253,0,0,1.7660750000000001,1.8209219999999999,0,0,0,10,9.3116425681216697e-10,1,0,0,-0.34025847911834717,-0.0030634389258921146,0.0012204286127215026
92,1.5500000808387995,0,0,496.12503051757812,496.12503504753113,496.12503504753113,-0.3403593897819519,-0.0030278328340500593,0.3621979080850169,0,0,0,11.739432066679001,-0.60556656681001186,2.114375945438951e-05,8.2605385535634461,0.60548518825946529,1.4195143430289803e-05,0,-9.3780121130038196e-05,2.4774389837833866e-05,5.2119905686784894e-10,0.54722934554083158,0,0,0,0.046917,0,0,0,10,9.3116425681216697e-10,1,0,0,-0.34030893445014954,-0.0030278328340500593,0.0012204286127215026
93,1.5666667483747005,1,0.033333335071802139,496.12503051757812,496.12503504753113,496.12503504753113,-0.34040927886962891,-0.0029926381539553404,0.36223825468954179,-0.028778990730643272,0.0070389625616371632,-4.433158665051451e-06,11.710649728775024,-0.59852763079106808,1.6710623640392441e-05,8.2893171453272299,0.59844621653309082,1.8628302297086084e-05,0,-9.7526261320979302e-05,2.4738682407488e-05,5.4425185608004533e-10,0.54557918019681084,0,0,1.934869,1.989106,0,0,0,10,1.7463319679222877e-09,1,0,0,-0.3403593897819519,-0.0030278328340500593,0.0012062407140485398
94,1.5833334159106016,0,0,496.12503051757812,496.12503504753113,496.12503504753113,-0.34045916795730591,-0.0029926381539553404,0.36223825468954179,0,0,0,11.710649728775024,-0.59852763079106808,1.6710623640392441e-05,8.2893171453272299,0.59844621653309082,1.8628302297086084e-05,0,-9.7526261320979302e-05,2.4738682407488e-05,5.4425185608004533e-10,0.54557918019681084,0,0,0,0.037151000000000003,0,0,0,10,1.7463319679222877e-09,1,0,0,-0.34040927886962891,-0.0029926381539553404,0.0012062407140485398
95,1.6000000834465027,1,0.033333335071802139,496.12503051757812,496.12503504753113,496.12503504753113,-0.34050846099853516,-0.0029578234534710646,0.36227812339253984,-0.028276246041059494,0.0069629768840968609,1.2277996574994177e-06,11.682359874248505,-0.59156469069421291,1.7938424434760236e-05,8.3175933923762724,0.59148326230557413,1.740050262584893e-05,0,-0.0001111337387982303,2.4724551745514134e-05,5.4537498672126931e-10,0.54396200623315227,0,0,1.8614729999999999,1.9152640000000001,0,0,0,10,1.5135127595655717e-09,1,0,0,-0.34045916795730591,-0.0029926381539553404,0.0011922060378366257
96,1.6166667509824038,0,0,496.12503051757812,496.12503504753113,496.12503504753113,-0.3405577540397644,-0.0029578234534710646,0.36227812339253984,0,0,0,11.682359874248505,-0.59156469069421291,1.7938424434760236e-05,8.3175933923762724,0.59148326230557413,1.740050262584893e-05,0,-0.0001111337387982303,2.4724551745514134e-05,5.4537498672126931e-10,0.54396200001133355,0,0,0,0.037183000000000001,0,0,0,10,1.5135127595655717e-09,1,0,0,-0.34050846099853516,-0.0029578234534710646,0.0011922060378366257
97,1.6333334185183048,1,0.033333335071802139,496.12503051757812,496.12503504753113,496.12503504753113,-0.34060648083686829,-0.0029233559034764767,0.36231753791422677,-0.02779323048889637,0.0068933656439185143,1.0590770216367673e-06,11.654563248157501,-0.58467118069529533,1.8997499751094438e-05,8.3453866905013463,0.5845898745232575,1.634143420726087e-05,0,-0.00011446170472950712,2.4846768346797887e-05,5.5227273286235362e-10,0.5423777285759126,0,0,1.7308220000000001,1.7834669999999999,0,0,0,10,1.3970938850249581e-09,1,0,0,-0.3405577540397644,-0.0029578234534710646,0.0011783115812070461
98,1.6500000860542059,0,0,496.12503051757812,496.12503504753113,496.12503504753113,-0.34065520763397217,-0.0029233559034764767,0.36231753791422677,0,0,0,11.654563248157501,-0.58467118069529533,1.8997499751094438e-05,8.3453866905013463,0.5845898745232575,1.634143420726087e-05,0,-0.00011446170472950712,2.4846768346797887e-05,5.5227273286235362e-10,0.5423777285759126,0,0,0,0.065741999999999995,0,0,0,10,1.3970938850249581e-09,1,0,0,-0.34060648083686829,-0.0029233559034764767,0.0011783115812070461
99,1.666666753590107,1,0.033333335071802139,496.12503051757812,496.12503504753113,496.12503504753113,-0.34070336818695068,-0.0028892036061733961,0.36235647974219043,-0.02732844278216362,0.0068300110287964344,8.7289021166725433e-07,11.627232283353806,-0.57784072123467922,1.9870378764608176e-05,8.3727149870610003,0.57775979897626517,1.5468540420046571e-05,0,-0.00011712994876944549,2.5230681970356272e-05,5.3749903230245876e-10,0.5408247208041268,0,0,1.868223,1.9211640000000001,0,0,0,10,1.5132961550534674e-09,1,0,0,-0.34065520763397217,-0.0029233559034764767,0.0011645447380435319
100,1.683333421126008,0,0,496.12503051757812,496.12503504753113,496.12503504753113,-0.3407515287399292,-0.0028892036061733961,0.36235647974219043,0,0,0,11.627232283353806,-0.57784072123467922,1.9870378764608176e-05,8.3727149870610003,0.57775979897626517,1.5468540420046571e-05,0,-0.00011712994876944549,2.5230681970356272e-05,5.3749903230245876e-10,0.5408247208041268,0,0,0,0.036880000000000003,0,0,0,10,1.5132961550534674e-09,1,0,0,-0.34070336818695068,-0.0028892036061733961,0.0011645447380435319
101,1.7000000886619091,1,0.033333335071802139,496.12503051757812,496.12503504753113,496.12503504753113,-0.34079912304878235,-0.0028553393203765154,0.36239497191240994,-0.026877187192440033,0.0067725782282650471,7.5914903163720737e-07,11.600347608327866,-0.57106786407530308,2.0629526886750682e-05,8.3995921565943394,0.57098712981121769,1.4709392865057168e-05,0,-0.00012463544137375493,2.5418676298905041e-05,5.380661854045561e-10,0.53930158607736423,0,0,1.7219720000000001,1.7948440000000001,0,0,0,10,9.1676755076264271e-10,1,0,0,-0.3407515287399292,-0.0028892036061733961,0.0011508936043844562
102,1.7166667561978102,0,0,496.12503051757812,496.12503504753113,496.12503504753113,-0.3408467173576355,-0.0028553393203765154,0.36239497191240994,0,0,0,11.600347608327866,-0.57106786407530308,2.0629526886750682e-05,8.3995921565943394,0.57098712981121769,1.4709392865057168e-05,0,-0.00012463544137375493,2.5418676298905041e-05,5.380661854045561e-10,0.53930158607736423,0,0,0,0.037817999999999997,0,0,0,10,9.1676755076264271e-10,1,0,0,-0.34079912304878235,-0.0028553393203765154,0.0011508936043844562
103,1.7333334237337112,1,0.033333335071802139,496.12503051757812,496.12503504753113,496.12503504753113,-0.34089374542236328,-0.0028217525687068701,0.36243301560329333,-0.026424948126077652,0.0067173773422837257,-8.7172884377650917e-07,11.573921144008636,-0.56435051374137402,1.9757808900067175e-05,8.4260172144895993,0.56426964189051054,1.558112690126925e-05,0,-0.00012604186534304063,2.528108952093433e-05,5.5411571397946321e-10,0.53780795378073187,0,0,1.8748910000000001,1.9999370000000001,0,0,0,10,1.6298965510586072e-09,1,0,0,-0.3408467173576355,-0.0028553393203765154,0.0011373536951959113
104,1.7500000912696123,0,0,496.12503051757812,496.12503504753113,496.12503504753113,-0.34094077348709106,-0.0028217525687068701,0.36243301560329333,0,0,0,11.573921144008636,-0.56435051374137402,1.9757808900067175e-05,8.4260172144895993,0.56426964189051054,1.558112690126925e-05,0,-0.00012604186534304063,2.528108952093433e-05,5.5411571397946321e-10,0.53780794111551111,0,0,0,0.036877,0,0,0,10,1.6298965510586072e-09,1,0,0,-0.34089374542236328,-0.0028217525687068701,0.0011373536951959113
105,1.7666667588055134,1,0.033333335071802139,496.12503051757812,496.12503504753113,496.12503504753113,-0.34098723530769348,-0.0027884133160114288,0.36247060731762931,-0.025995232164859772,0.0066680032759904861,4.8434907284899964e-07,11.547917127609253,-0.55768266320228577,2.0242163145667291e-05,8.4520124740294449,0.55760166423005908,1.5096779799475696e-05,0,-0.00013479872487920375,2.5153968157720641e-05,5.6125952054220584e-10,0.53634216069276286,0,0,1.8524099999999999,1.906801,0,0,0,10,1.6298358218591602e-09,1,0,0,-0.34094077348709106,-0.0028217525687068701,0.0011239135799237347
106,1.7833334263414145,0,0,496.12503051757812,496.12503504753113,496.12503504753113,-0.3410336971282959,-0.0027884133160114288,0.36247060731762931,0,0,0,11.547917127609253,-0.55768266320228577,2.0242163145667291e-05,8.4520124740294449,0.55760166423005908,1.5096779799475696e-05,0,-0.00013479872487920375,2.5153968157720641e-05,5.6125952054220584e-10,0.53634216069276286,0,0,0,0.037310999999999997,0,0,0,10,1.6298358218591602e-09,1,0,0,-0.34098723530769348,-0.0027884133160114288,0.0011239135799237347
107,1.8000000938773155,1,0.033333335071802139,496.12503051757812,496.12503504753113,496.12503504753113,-0.34107962250709534,-0.0027553057298064232,0.36250775864943352,-0.025579791516065598,0.0066217603161931038,1.7047342453224701e-06,11.522335559129715,-0.55106114596128464,2.1946874539935379e-05,8.4775922572680518,0.55097996613392386,1.3392050788748834e-05,0,-0.00013658396581206489,2.4973113023740723e-05,5.4364306176761133e-10,0.53490401312647395,0,0,1.7461930000000001,1.799248,0,0,0,10,1.8625725406451465e-09,1,0,0,-0.3410336971282959,-0.0027884133160114288,0.0011105667467096018
108,1.8166667614132166,0,0,496.12503051757812,496.12503504753113,496.12503504753113,-0.34112554788589478,-0.0027553057298064232,0.36250775864943352,0,0,0,11.522335559129715,-0.55106114596128464,2.1946874539935379e-05,8.4775922572680518,0.55097996613392386,1.3392050788748834e-05,0,-0.00013658396581206489,2.4973113023740723e-05,5.4364306176761133e-10,0.53490401312647395,0,0,0,0.036962000000000002,0,0,0,10,1.8625725406451465e-09,1,0,0,-0.34107962250709534,-0.0027553057298064232,0.0011105667467096018
109,1.8333334289491177,1,0.033333335071802139,496.12503051757812,496.12503504753113,496.12503504753113,-0.34117090702056885,-0.0027224111836403608,0.36254445857488787,-0.025173120200634003,0.0065790195949375629,-8.3899594756076112e-06,11.497156322002411,-0.54448223672807217,1.3556909550516139e-05,8.502765404887457,0.54440085893007639,2.1782018027083863e-05,0,-0.0001426734737108859,2.4775142388744342e-05,5.4589197755644829e-10,0.53349215867449162,0,0,1.7956700000000001,1.848884,0,0,0,10,1.7461837531485003e-09,1,0,0,-0.34112554788589478,-0.0027553057298064232,0.001097305760589002
110,1.8500000964850187,0,0,496.12503051757812,496.12503504753113,496.12503504753113,-0.34121626615524292,-0.0027224111836403608,0.36254445857488787,0,0,0,11.497156322002411,-0.54448223672807217,1.3556909550516139e-05,8.502765404887457,0.54440085893007639,2.1782018027083863e-05,0,-0.0001426734737108859,2.4775142388744342e-05,5.4589197755644829e-10,0.53349215226497171,0,0,0,0.036885000000000001,0,0,0,10,1.7461837531485003e-09,1,0,0,-0.34117090702056885,-0.0027224111836403608,0.001097305760589002
111,1.8666667640209198,1,0.033333335071802139,496.12503051757812,496.12503504753113,496.12503504753113,-0.34126108884811401,-0.0026897124480456114,0.36258072627797028,-0.024781396612524986,0.0065395371057093143,8.9343245690542972e-07,11.472374200820923,-0.53794248960912228,1.4450334617777116e-05,8.5275471933001636,0.53786137350919039,2.0888583807031493e-05,0,-0.00014300624248875238,2.5036840452408171e-05,5.3673918616408377e-10,0.53210625346788976,0,0,1.8834329999999999,1.9377709999999999,0,0,0,10,1.6297705407453122e-09,1,0,0,-0.34121626615524292,-0.0027224111836403608,0.0010841246369630605
112,1.8833334315568209,0,0,496.12503051757812,496.12503504753113,496.12503504753113,-0.34130591154098511,-0.0026897124480456114,0.36258072627797028,0,0,0,11.472374200820923,-0.53794248960912228,1.4450334617777116e-05,8.5275471933001636,0.53786137350919039,2.0888583807031493e-05,0,-0.00014300624248875238,2.5036840452408171e-05,5.3673918616408377e-10,0.53210625346788976,0,0,0,0.037817000000000003,0,0,0,10,1.6297705407453122e-09,1,0,0,-0.34126108884811401,-0.0026897124480456114,0.0010841246369630605
113,1.9000000990927219,1,0.033333335071802139,496.12503051757812,496.12503504753113,496.12503504753113,-0.34135019779205322,-0.0026572009082883596,0.36261655297763906,-0.024393629282712936,0.0065020625479519367,1.863322268036427e-06,11.447976529598236,-0.53144018165767193,1.6313647677179688e-05,8.5519407853651863,0.53135925009691265,1.902526121925879e-05,0,-0.0001470854001546229,2.5221379625239848e-05,5.2721081603287426e-10,0.53074513549432822,0,0,1.870439,1.9243920000000001,0,0,0,10,1.396906146311494e-09,1,0,0,-0.34130591154098511,-0.0026897124480456114,0.0010710188209833152
114,1.916666766628623,0,0,496.12503051757812,496.12503504753113,496.12503504753113,-0.34139448404312134,-0.0026572009082883596,0.36261655297763906,0,0,0,11.447976529598236,-0.53144018165767193,1.6313647677179688e-05,8.5519407853651863,0.53135925009691265,1.902526121925879e-05,0,-0.0001470854001546229,2.5221379625239848e-05,5.2721081603287426e-10,0.5307451484104323,0,0,0,0.036954000000000001,0,0,0,10,1.396906146311494e-09,1,0,0,-0.34135019779205322,-0.0026572009082883596,0.0010710188209833152
115,1.9333334341645241,1,0.033333335071802139,496.12503051757812,496.12503504753113,496.12503504753113,-0.34143823385238647,-0.0026248625945299864,0.36265194410977725,-0.024036848917603493,0.0064673139713704586,8.531718549420475e-07,11.42394095659256,-0.52497251890599728,1.7166807708690612e-05,8.5759777126257504,0.52489200398264524,1.8172087969766489e-05,0,-0.00014573114526683639,2.5638017032481031e-05,5.1399283465628507e-10,0.5294086317159632,0,0,1.8196730000000001,1.872922,0,0,0,10,1.746311872885542e-09,1,0,0,-0.34139448404312134,-0.0026572009082883596,0.001057983304415102
116,1.9500001017004251,0,0,496.12503051757812,496.12503504753113,496.12503504753113,-0.34148198366165161,-0.0026248625945299864,0.36265194410977725,0,0,0,11.42394095659256,-0.52497251890599728,1.7166807708690612e-05,8.5759777126257504,0.52489200398264524,1.8172087969766489e-05,0,-0.00014573114526683639,2.5638017032481031e-05,5.1399283465628507e-10,0.52940863819752559,0,0,0,0.037071,0,0,0,10,1.746311872885542e-09,1,0,0,-0.34143823385238647,-0.0026248625945299864,0.001057983304415102
117,1.9666667692363262,1,0.033333335071802139,496.12503051757812,496.12503504753113,496.12503504753113,-0.34152519702911377,-0.0025926921516656876,0.36268690412192522,-0.0236979890614748,0.0064337337389588356,7.3449263027214329e-07,11.400251090526581,-0.51853843033313751,1.7901295734645828e-05,8.5996758745063957,0.51845827611927375,1.7437594293895768e-05,0,-0.0001374353306005105,2.5998726520981563e-05,5.0834291915040786e-10,0.5280959837939746,0,0,1.7222170000000001,1.7785089999999999,0,0,0,10,1.3970383738737269e-09,1,0,0,-0.34148198366165161,-0.0026248625945299864,0.001045015347934625
118,1.9833334367722273,0,0,496.12503051757812,496.12503504753113,496.12503504753113,-0.34156841039657593,-0.0025926921516656876,0.36268690412192522,0,0,0,11.400251090526581,-0.51853843033313751,1.7901295734645828e-05,8.5996758745063957,0.51845827611927375,1.7437594293895768e-05,0,-0.0001374353306005105,2.5998726520981563e-05,5.0834291915040786e-10,0.52809599029856813,0,0,0,0.037058000000000001,0,0,0,10,1.3970383738737269e-09,1,0,0,-0.34152519702911377,-0.0025926921516656876,0.001045015347934625
119,2.0000001043081284,1,0.033333335071802139,496.12503051757812,496.12503504753113,496.12503504753113,-0.34161108732223511,-0.0025606860872358084,0.36272142679259467,-0.023409875109791756,0.0064008384943008423,6.2935737332736608e-07,11.376845836639404,-0.51213721744716167,1.8530634804392321e-05,8.6230856924801813,0.51205740878928985,1.6808237888254321e-05,0,-0.00013287124399141703,2.6344282512802408e-05,4.9100702419668709e-10,0.52680604709324719,0,0,1.789928,1.842784,0,0,0,10,1.5134502540092853e-09,1,0,0,-0.34156841039657593,-0.0025926921516656876,0.0010321136258327143
