frame,wall_ms,frame_cpu_ms,fixed_steps,surface_ms,render_submit_ms,particles,bodies,cavities,phase
0,0.03447999805,22.863558,0,14.433103,0.768735,380,16,1,view
1,22.95297241,17.979662,1,10.887931,0.166393,380,16,1,view
2,20.08441544,0.692955,1,8e-05,0.128679,380,16,1,view
3,0.7425630093,0.356771,0,9.1e-05,0.118226,380,16,1,view
4,16.94638252,17.626933,1,10.187929,0.160481,380,16,1,view
5,17.69747925,0.693367,1,8e-05,0.098842,380,16,1,view
6,16.32336426,21.317626,1,13.861491,0.156582,380,16,1,view
7,21.40738487,0.729655,1,9.2e-05,0.106661,380,16,1,view
8,13.3322401,21.051416,1,13.337747,0.185381,380,16,1,view
9,21.21108818,19.667545,2,10.523215,0.143737,380,16,1,view
10,19.95529556,1.31168,1,8.7e-05,0.104797,380,16,1,view
11,10.53241444,0.42263,0,0.000153,0.12579,380,16,1,view
12,16.79698372,18.953275,1,10.357584,0.151124,380,16,1,view
13,19.05321312,20.447703,2,10.41516,0.138567,380,16,1,view
14,20.55893517,1.366025,1,9.7e-05,0.11827,380,16,1,view
15,11.59340477,0.517142,0,0.000101,0.147156,380,16,1,view
16,17.08490372,19.519513,1,10.634998,0.140653,380,16,1,view
17,19.62282372,20.794727,2,10.375446,0.122028,380,16,1,view
18,20.87277222,1.304487,1,9.9e-05,0.092724,380,16,1,view
19,11.50310898,20.460256,1,10.583673,0.149476,380,16,1,view
20,20.58472443,1.350134,1,8.3e-05,0.093715,380,16,1,view
21,13.06171036,20.506881,1,10.576509,0.144012,380,16,1,view
22,20.58836365,1.206225,1,8.8e-05,0.095645,380,16,1,view
23,13.48296738,21.468093,1,11.264012,0.153324,380,16,1,view
24,21.5787487,1.095495,1,8.4e-05,0.093107,380,16,1,view
25,12.30586433,21.766702,1,11.084581,0.143675,380,16,1,view
26,21.86590767,0.878867,1,0.000101,0.098586,380,16,1,view
27,12.67820358,21.560341,1,11.071253,0.159737,380,16,1,view
28,21.66758728,0.867945,1,8.6e-05,0.098234,380,16,1,view
29,12.022542,21.777273,1,11.109649,0.182,380,16,1,view
30,21.85604477,0.835937,1,8.6e-05,0.094175,380,16,1,view
31,12.16348267,22.32808,1,11.149999,0.160173,380,16,1,view
32,22.45734024,0.883857,1,9.3e-05,0.098658,380,16,1,view
33,11.65795326,22.230144,1,10.713091,0.143058,380,16,1,view
34,22.31035805,0.853485,1,8.8e-05,0.093555,380,16,1,view
35,11.74855232,21.550111,1,10.638841,0.15413,380,16,1,view
36,21.62771797,0.844954,1,0.000101,0.098236,380,16,1,view
37,12.07011604,21.706918,1,10.758201,0.143179,380,16,1,view
38,21.79385185,0.844948,1,9.7e-05,0.097476,380,16,1,view
39,12.68319321,22.002462,1,10.829739,0.220369,380,16,1,view
40,22.15166855,0.943658,1,9.6e-05,0.10651,380,16,1,view
41,11.74542141,21.39226,1,10.377451,0.138369,380,16,1,view
42,21.46603966,0.823671,1,9.1e-05,0.093114,380,16,1,view
43,12.06125832,22.218966,1,10.937673,0.158451,380,16,1,view
44,22.3550396,0.904217,1,9e-05,0.093341,380,16,1,view
45,12.43252659,21.969014,1,10.757762,0.145771,380,16,1,view
46,22.09567261,0.981679,1,8.9e-05,0.097242,380,16,1,view
47,11.16414928,21.941689,1,10.673534,0.146611,380,16,1,view
48,22.07911873,0.939565,1,8.2e-05,0.093931,380,16,1,view
49,12.18016243,22.035684,1,10.875109,0.162822,380,16,1,view
50,22.15922737,25.102844,2,12.388388,0.260169,380,16,1,view
51,25.31257439,1.038464,1,0.000144,0.101653,380,16,1,view
52,3.32102108,0.508601,0,0.000291,0.155861,380,16,1,view
53,17.82750702,27.102268,1,11.180278,0.192591,380,16,1,view
54,27.20420265,27.778372,2,14.426814,0.207084,380,16,1,view
55,27.99436378,30.433641,2,11.503755,0.127939,380,16,1,view
56,30.51671982,1.103978,1,0.000193,0.154421,380,16,1,view
57,1.196517944,23.07678,1,10.93577,0.167103,380,16,1,view
58,23.24645424,1.054953,1,9.2e-05,0.107554,380,16,1,view
59,10.23087597,22.797275,1,10.844925,0.210371,380,16,1,view
60,22.97298813,0.992017,1,8.2e-05,0.097071,380,16,1,view
61,11.33669567,23.797146,1,11.152446,0.164131,380,16,1,view
62,23.90608788,0.943618,1,7.4e-05,0.09581,380,16,1,view
63,10.08789825,25.910633,1,13.853781,0.281208,380,16,1,view
64,26.13766861,1.729371,1,0.000237,0.183802,380,16,1,view
65,8.20907402,25.91091,1,12.459084,0.258933,380,16,1,view
66,26.17818451,1.522493,1,0.000461,0.182547,380,16,1,view
67,7.922711849,23.910585,1,10.780036,0.180272,380,16,1,view
68,24.04720306,0.932396,1,9.5e-05,0.10217,380,16,1,view
69,9.885688782,22.6387,1,10.879198,0.166987,380,16,1,view
70,22.85926056,1.347284,1,0.000173,0.142881,380,16,1,view
71,12.13183117,25.294828,1,11.655925,0.17486,380,16,1,view
72,25.455513,1.025715,1,7.9e-05,0.117897,380,16,1,view
73,9.291873932,23.669591,1,11.181419,0.171806,380,16,1,view
74,23.83281708,1.01143,1,0.000172,0.101549,380,16,1,view
75,10.45978737,23.497488,1,11.509394,0.165982,380,16,1,view
76,23.61640358,0.971614,1,8e-05,0.095873,380,16,1,view
77,11.25815392,23.235383,1,10.810213,0.159553,380,16,1,view
78,23.37585258,23.900896,2,10.737528,0.144482,380,16,1,view
79,24.00676727,0.892615,1,8.6e-05,0.093466,380,16,1,view
80,4.112229347,0.316978,0,9.8e-05,0.093779,380,16,1,view
81,17.09366226,24.044851,1,11.226811,0.134795,380,16,1,view
82,24.13425446,22.800546,2,10.446992,0.14428,380,16,1,view
83,22.90116501,0.826174,1,7.3e-05,0.093446,380,16,1,view
84,4.048351288,0.347086,0,9.8e-05,0.093908,380,16,1,view
85,16.91995239,22.692523,1,11.188804,0.136219,380,16,1,view
86,22.79100227,22.431787,2,10.360169,0.134273,380,16,1,view
87,22.54196739,0.86097,1,7.5e-05,0.092364,380,16,1,view
88,5.164608002,0.588579,0,0.000352,0.189971,380,16,1,view
89,17.78188705,22.037705,1,10.526558,0.146514,380,16,1,view
90,22.17396355,23.532013,2,10.45456,0.153272,380,16,1,view
91,23.63956642,0.849537,1,8.4e-05,0.094039,380,16,1,view
92,5.070847988,0.450758,0,0.000343,0.141649,380,16,1,view
93,16.86706352,23.067473,1,11.499601,0.146732,380,16,1,view
94,23.16560936,22.850081,2,10.3978,0.129112,380,16,1,view
95,22.9463768,0.824596,1,7.6e-05,0.093309,380,16,1,view
96,5.023002148,22.939961,1,10.449588,0.14148,380,16,1,view
97,23.0377655,0.847245,1,7.5e-05,0.093304,380,16,1,view
98,10.46782207,21.906604,1,10.368169,0.150432,380,16,1,view
99,22.00616646,0.842419,1,7.4e-05,0.110365,380,16,1,view
100,12.4108181,21.954454,1,10.413947,0.148336,380,16,1,view
101,22.05218697,0.884972,1,8.1e-05,0.096488,380,16,1,view
102,12.19309139,22.672356,1,10.528855,0.144404,380,16,1,view
103,22.73113251,0.859214,1,7.6e-05,0.093473,380,16,1,view
104,10.63741589,21.993521,1,10.372918,0.152585,380,16,1,view
105,22.09989929,0.832532,1,8.3e-05,0.09299,380,16,1,view
106,12.22284031,22.26476,1,10.583837,0.142705,380,16,1,view
107,22.35006905,0.833632,1,8.4e-05,0.093574,380,16,1,view
108,11.31213379,21.969749,1,10.379252,0.150301,380,16,1,view
109,22.07069969,0.836911,1,8.3e-05,0.092442,380,16,1,view
110,12.34817314,22.021381,1,10.338431,0.1487,380,16,1,view
111,22.11967659,1.044798,1,7.4e-05,0.162491,380,16,1,view
112,11.47207355,22.092735,1,10.523825,0.142224,380,16,1,view
113,22.16374969,0.825207,1,8.1e-05,0.094994,380,16,1,view
114,11.73000145,22.186174,1,10.468633,0.150797,380,16,1,view
115,22.28383255,0.834266,1,9.4e-05,0.095314,380,16,1,view
116,12.09356022,22.659829,1,10.659623,0.261379,380,16,1,view
117,22.79782867,0.914038,1,9.2e-05,0.098436,380,16,1,view
118,11.21888256,22.170094,1,10.51947,0.148614,380,16,1,view
119,22.28699875,0.811262,1,8.8e-05,0.093576,380,16,1,view
120,11.82213783,22.218466,1,10.528829,0.143204,380,16,1,view
